"municipality_code","municipality_name","microregion_code","microregion_name","mesoregion_code","mesoregion_name","immediate_region_code","immediate_region_name","intermediate_region_code","intermediate_region_name","state_code","state_name","state_abbreviation","region_code","region_name"
1100015,"Alta Floresta D'Oeste",11006,"Cacoal",1102,"Leste Rondoniense",110005,"Cacoal",1102,"Ji-Paraná",11,"Rondônia","RO",1,"Norte"
1100023,"Ariquemes",11003,"Ariquemes",1102,"Leste Rondoniense",110002,"Ariquemes",1101,"Porto Velho",11,"Rondônia","RO",1,"Norte"
1100031,"Cabixi",11008,"Colorado do Oeste",1102,"Leste Rondoniense",110006,"Vilhena",1102,"Ji-Paraná",11,"Rondônia","RO",1,"Norte"
1100049,"Cacoal",11006,"Cacoal",1102,"Leste Rondoniense",110005,"Cacoal",1102,"Ji-Paraná",11,"Rondônia","RO",1,"Norte"
1100056,"Cerejeiras",11008,"Colorado do Oeste",1102,"Leste Rondoniense",110006,"Vilhena",1102,"Ji-Paraná",11,"Rondônia","RO",1,"Norte"
1100064,"Colorado do Oeste",11008,"Colorado do Oeste",1102,"Leste Rondoniense",110006,"Vilhena",1102,"Ji-Paraná",11,"Rondônia","RO",1,"Norte"
1100072,"Corumbiara",11008,"Colorado do Oeste",1102,"Leste Rondoniense",110006,"Vilhena",1102,"Ji-Paraná",11,"Rondônia","RO",1,"Norte"
1100080,"Costa Marques",11002,"Guajará-Mirim",1101,"Madeira-Guaporé",110004,"Ji-Paraná",1102,"Ji-Paraná",11,"Rondônia","RO",1,"Norte"
1100098,"Espigão D'Oeste",11006,"Cacoal",1102,"Leste Rondoniense",110005,"Cacoal",1102,"Ji-Paraná",11,"Rondônia","RO",1,"Norte"
1100106,"Guajará-Mirim",11002,"Guajará-Mirim",1101,"Madeira-Guaporé",110001,"Porto Velho",1101,"Porto Velho",11,"Rondônia","RO",1,"Norte"
1100114,"Jaru",11004,"Ji-Paraná",1102,"Leste Rondoniense",110003,"Jaru",1101,"Porto Velho",11,"Rondônia","RO",1,"Norte"
1100122,"Ji-Paraná",11004,"Ji-Paraná",1102,"Leste Rondoniense",110004,"Ji-Paraná",1102,"Ji-Paraná",11,"Rondônia","RO",1,"Norte"
1100130,"Machadinho D'Oeste",11003,"Ariquemes",1102,"Leste Rondoniense",110003,"Jaru",1101,"Porto Velho",11,"Rondônia","RO",1,"Norte"
1100148,"Nova Brasilândia D'Oeste",11005,"Alvorada D'Oeste",1102,"Leste Rondoniense",110005,"Cacoal",1102,"Ji-Paraná",11,"Rondônia","RO",1,"Norte"
1100155,"Ouro Preto do Oeste",11004,"Ji-Paraná",1102,"Leste Rondoniense",110004,"Ji-Paraná",1102,"Ji-Paraná",11,"Rondônia","RO",1,"Norte"
1100189,"Pimenta Bueno",11007,"Vilhena",1102,"Leste Rondoniense",110005,"Cacoal",1102,"Ji-Paraná",11,"Rondônia","RO",1,"Norte"
1100205,"Porto Velho",11001,"Porto Velho",1101,"Madeira-Guaporé",110001,"Porto Velho",1101,"Porto Velho",11,"Rondônia","RO",1,"Norte"
1100254,"Presidente Médici",11004,"Ji-Paraná",1102,"Leste Rondoniense",110004,"Ji-Paraná",1102,"Ji-Paraná",11,"Rondônia","RO",1,"Norte"
1100262,"Rio Crespo",11003,"Ariquemes",1102,"Leste Rondoniense",110002,"Ariquemes",1101,"Porto Velho",11,"Rondônia","RO",1,"Norte"
1100288,"Rolim de Moura",11006,"Cacoal",1102,"Leste Rondoniense",110005,"Cacoal",1102,"Ji-Paraná",11,"Rondônia","RO",1,"Norte"
1100296,"Santa Luzia D'Oeste",11006,"Cacoal",1102,"Leste Rondoniense",110005,"Cacoal",1102,"Ji-Paraná",11,"Rondônia","RO",1,"Norte"
1100304,"Vilhena",11007,"Vilhena",1102,"Leste Rondoniense",110006,"Vilhena",1102,"Ji-Paraná",11,"Rondônia","RO",1,"Norte"
1100320,"São Miguel do Guaporé",11005,"Alvorada D'Oeste",1102,"Leste Rondoniense",110004,"Ji-Paraná",1102,"Ji-Paraná",11,"Rondônia","RO",1,"Norte"
1100338,"Nova Mamoré",11001,"Porto Velho",1101,"Madeira-Guaporé",110001,"Porto Velho",1101,"Porto Velho",11,"Rondônia","RO",1,"Norte"
1100346,"Alvorada D'Oeste",11005,"Alvorada D'Oeste",1102,"Leste Rondoniense",110004,"Ji-Paraná",1102,"Ji-Paraná",11,"Rondônia","RO",1,"Norte"
1100379,"Alto Alegre dos Parecis",11006,"Cacoal",1102,"Leste Rondoniense",110005,"Cacoal",1102,"Ji-Paraná",11,"Rondônia","RO",1,"Norte"
1100403,"Alto Paraíso",11003,"Ariquemes",1102,"Leste Rondoniense",110002,"Ariquemes",1101,"Porto Velho",11,"Rondônia","RO",1,"Norte"
1100452,"Buritis",11001,"Porto Velho",1101,"Madeira-Guaporé",110002,"Ariquemes",1101,"Porto Velho",11,"Rondônia","RO",1,"Norte"
1100502,"Novo Horizonte do Oeste",11006,"Cacoal",1102,"Leste Rondoniense",110005,"Cacoal",1102,"Ji-Paraná",11,"Rondônia","RO",1,"Norte"
1100601,"Cacaulândia",11003,"Ariquemes",1102,"Leste Rondoniense",110002,"Ariquemes",1101,"Porto Velho",11,"Rondônia","RO",1,"Norte"
1100700,"Campo Novo de Rondônia",11001,"Porto Velho",1101,"Madeira-Guaporé",110002,"Ariquemes",1101,"Porto Velho",11,"Rondônia","RO",1,"Norte"
1100809,"Candeias do Jamari",11001,"Porto Velho",1101,"Madeira-Guaporé",110001,"Porto Velho",1101,"Porto Velho",11,"Rondônia","RO",1,"Norte"
1100908,"Castanheiras",11006,"Cacoal",1102,"Leste Rondoniense",110005,"Cacoal",1102,"Ji-Paraná",11,"Rondônia","RO",1,"Norte"
1100924,"Chupinguaia",11007,"Vilhena",1102,"Leste Rondoniense",110006,"Vilhena",1102,"Ji-Paraná",11,"Rondônia","RO",1,"Norte"
1100940,"Cujubim",11001,"Porto Velho",1101,"Madeira-Guaporé",110002,"Ariquemes",1101,"Porto Velho",11,"Rondônia","RO",1,"Norte"
1101005,"Governador Jorge Teixeira",11004,"Ji-Paraná",1102,"Leste Rondoniense",110003,"Jaru",1101,"Porto Velho",11,"Rondônia","RO",1,"Norte"
1101104,"Itapuã do Oeste",11001,"Porto Velho",1101,"Madeira-Guaporé",110001,"Porto Velho",1101,"Porto Velho",11,"Rondônia","RO",1,"Norte"
1101203,"Ministro Andreazza",11006,"Cacoal",1102,"Leste Rondoniense",110005,"Cacoal",1102,"Ji-Paraná",11,"Rondônia","RO",1,"Norte"
1101302,"Mirante da Serra",11004,"Ji-Paraná",1102,"Leste Rondoniense",110004,"Ji-Paraná",1102,"Ji-Paraná",11,"Rondônia","RO",1,"Norte"
1101401,"Monte Negro",11003,"Ariquemes",1102,"Leste Rondoniense",110002,"Ariquemes",1101,"Porto Velho",11,"Rondônia","RO",1,"Norte"
1101435,"Nova União",11004,"Ji-Paraná",1102,"Leste Rondoniense",110004,"Ji-Paraná",1102,"Ji-Paraná",11,"Rondônia","RO",1,"Norte"
1101450,"Parecis",11007,"Vilhena",1102,"Leste Rondoniense",110005,"Cacoal",1102,"Ji-Paraná",11,"Rondônia","RO",1,"Norte"
1101468,"Pimenteiras do Oeste",11008,"Colorado do Oeste",1102,"Leste Rondoniense",110006,"Vilhena",1102,"Ji-Paraná",11,"Rondônia","RO",1,"Norte"
1101476,"Primavera de Rondônia",11007,"Vilhena",1102,"Leste Rondoniense",110005,"Cacoal",1102,"Ji-Paraná",11,"Rondônia","RO",1,"Norte"
1101484,"São Felipe D'Oeste",11007,"Vilhena",1102,"Leste Rondoniense",110005,"Cacoal",1102,"Ji-Paraná",11,"Rondônia","RO",1,"Norte"
1101492,"São Francisco do Guaporé",11002,"Guajará-Mirim",1101,"Madeira-Guaporé",110004,"Ji-Paraná",1102,"Ji-Paraná",11,"Rondônia","RO",1,"Norte"
1101500,"Seringueiras",11005,"Alvorada D'Oeste",1102,"Leste Rondoniense",110004,"Ji-Paraná",1102,"Ji-Paraná",11,"Rondônia","RO",1,"Norte"
1101559,"Teixeirópolis",11004,"Ji-Paraná",1102,"Leste Rondoniense",110004,"Ji-Paraná",1102,"Ji-Paraná",11,"Rondônia","RO",1,"Norte"
1101609,"Theobroma",11004,"Ji-Paraná",1102,"Leste Rondoniense",110003,"Jaru",1101,"Porto Velho",11,"Rondônia","RO",1,"Norte"
1101708,"Urupá",11004,"Ji-Paraná",1102,"Leste Rondoniense",110004,"Ji-Paraná",1102,"Ji-Paraná",11,"Rondônia","RO",1,"Norte"
1101757,"Vale do Anari",11003,"Ariquemes",1102,"Leste Rondoniense",110003,"Jaru",1101,"Porto Velho",11,"Rondônia","RO",1,"Norte"
1101807,"Vale do Paraíso",11004,"Ji-Paraná",1102,"Leste Rondoniense",110004,"Ji-Paraná",1102,"Ji-Paraná",11,"Rondônia","RO",1,"Norte"
1200013,"Acrelândia",12004,"Rio Branco",1202,"Vale do Acre",120001,"Rio Branco",1201,"Rio Branco",12,"Acre","AC",1,"Norte"
1200054,"Assis Brasil",12005,"Brasiléia",1202,"Vale do Acre",120002,"Brasiléia",1201,"Rio Branco",12,"Acre","AC",1,"Norte"
1200104,"Brasiléia",12005,"Brasiléia",1202,"Vale do Acre",120002,"Brasiléia",1201,"Rio Branco",12,"Acre","AC",1,"Norte"
1200138,"Bujari",12004,"Rio Branco",1202,"Vale do Acre",120001,"Rio Branco",1201,"Rio Branco",12,"Acre","AC",1,"Norte"
1200179,"Capixaba",12004,"Rio Branco",1202,"Vale do Acre",120001,"Rio Branco",1201,"Rio Branco",12,"Acre","AC",1,"Norte"
1200203,"Cruzeiro do Sul",12001,"Cruzeiro do Sul",1201,"Vale do Juruá",120004,"Cruzeiro do Sul",1202,"Cruzeiro do Sul",12,"Acre","AC",1,"Norte"
1200252,"Epitaciolândia",12005,"Brasiléia",1202,"Vale do Acre",120002,"Brasiléia",1201,"Rio Branco",12,"Acre","AC",1,"Norte"
1200302,"Feijó",12002,"Tarauacá",1201,"Vale do Juruá",120005,"Tarauacá",1202,"Cruzeiro do Sul",12,"Acre","AC",1,"Norte"
1200328,"Jordão",12002,"Tarauacá",1201,"Vale do Juruá",120005,"Tarauacá",1202,"Cruzeiro do Sul",12,"Acre","AC",1,"Norte"
1200336,"Mâncio Lima",12001,"Cruzeiro do Sul",1201,"Vale do Juruá",120004,"Cruzeiro do Sul",1202,"Cruzeiro do Sul",12,"Acre","AC",1,"Norte"
1200344,"Manoel Urbano",12003,"Sena Madureira",1202,"Vale do Acre",120003,"Sena Madureira",1201,"Rio Branco",12,"Acre","AC",1,"Norte"
1200351,"Marechal Thaumaturgo",12001,"Cruzeiro do Sul",1201,"Vale do Juruá",120004,"Cruzeiro do Sul",1202,"Cruzeiro do Sul",12,"Acre","AC",1,"Norte"
1200385,"Plácido de Castro",12004,"Rio Branco",1202,"Vale do Acre",120001,"Rio Branco",1201,"Rio Branco",12,"Acre","AC",1,"Norte"
1200393,"Porto Walter",12001,"Cruzeiro do Sul",1201,"Vale do Juruá",120004,"Cruzeiro do Sul",1202,"Cruzeiro do Sul",12,"Acre","AC",1,"Norte"
1200401,"Rio Branco",12004,"Rio Branco",1202,"Vale do Acre",120001,"Rio Branco",1201,"Rio Branco",12,"Acre","AC",1,"Norte"
1200427,"Rodrigues Alves",12001,"Cruzeiro do Sul",1201,"Vale do Juruá",120004,"Cruzeiro do Sul",1202,"Cruzeiro do Sul",12,"Acre","AC",1,"Norte"
1200435,"Santa Rosa do Purus",12003,"Sena Madureira",1202,"Vale do Acre",120003,"Sena Madureira",1201,"Rio Branco",12,"Acre","AC",1,"Norte"
1200450,"Senador Guiomard",12004,"Rio Branco",1202,"Vale do Acre",120001,"Rio Branco",1201,"Rio Branco",12,"Acre","AC",1,"Norte"
1200500,"Sena Madureira",12003,"Sena Madureira",1202,"Vale do Acre",120003,"Sena Madureira",1201,"Rio Branco",12,"Acre","AC",1,"Norte"
1200609,"Tarauacá",12002,"Tarauacá",1201,"Vale do Juruá",120005,"Tarauacá",1202,"Cruzeiro do Sul",12,"Acre","AC",1,"Norte"
1200708,"Xapuri",12005,"Brasiléia",1202,"Vale do Acre",120002,"Brasiléia",1201,"Rio Branco",12,"Acre","AC",1,"Norte"
1200807,"Porto Acre",12004,"Rio Branco",1202,"Vale do Acre",120001,"Rio Branco",1201,"Rio Branco",12,"Acre","AC",1,"Norte"
1300029,"Alvarães",13005,"Tefé",1303,"Centro Amazonense",130005,"Tefé",1302,"Tefé",13,"Amazonas","AM",1,"Norte"
1300060,"Amaturá",13003,"Alto Solimões",1302,"Sudoeste Amazonense",130006,"Tabatinga",1302,"Tefé",13,"Amazonas","AM",1,"Norte"
1300086,"Anamã",13006,"Coari",1303,"Centro Amazonense",130004,"Manacapuru",1301,"Manaus",13,"Amazonas","AM",1,"Norte"
1300102,"Anori",13006,"Coari",1303,"Centro Amazonense",130003,"Coari",1301,"Manaus",13,"Amazonas","AM",1,"Norte"
1300144,"Apuí",13013,"Madeira",1304,"Sul Amazonense",130009,"Manicoré",1303,"Lábrea",13,"Amazonas","AM",1,"Norte"
1300201,"Atalaia do Norte",13003,"Alto Solimões",1302,"Sudoeste Amazonense",130006,"Tabatinga",1302,"Tefé",13,"Amazonas","AM",1,"Norte"
1300300,"Autazes",13007,"Manaus",1303,"Centro Amazonense",130001,"Manaus",1301,"Manaus",13,"Amazonas","AM",1,"Norte"
1300409,"Barcelos",13001,"Rio Negro",1301,"Norte Amazonense",130002,"São Gabriel da Cachoeira",1301,"Manaus",13,"Amazonas","AM",1,"Norte"
1300508,"Barreirinha",13010,"Parintins",1303,"Centro Amazonense",130010,"Parintins",1304,"Parintins",13,"Amazonas","AM",1,"Norte"
1300607,"Benjamin Constant",13003,"Alto Solimões",1302,"Sudoeste Amazonense",130006,"Tabatinga",1302,"Tefé",13,"Amazonas","AM",1,"Norte"
1300631,"Beruri",13006,"Coari",1303,"Centro Amazonense",130003,"Coari",1301,"Manaus",13,"Amazonas","AM",1,"Norte"
1300680,"Boa Vista do Ramos",13010,"Parintins",1303,"Centro Amazonense",130010,"Parintins",1304,"Parintins",13,"Amazonas","AM",1,"Norte"
1300706,"Boca do Acre",13011,"Boca do Acre",1304,"Sul Amazonense",130008,"Lábrea",1303,"Lábrea",13,"Amazonas","AM",1,"Norte"
1300805,"Borba",13013,"Madeira",1304,"Sul Amazonense",130001,"Manaus",1301,"Manaus",13,"Amazonas","AM",1,"Norte"
1300839,"Caapiranga",13006,"Coari",1303,"Centro Amazonense",130004,"Manacapuru",1301,"Manaus",13,"Amazonas","AM",1,"Norte"
1300904,"Canutama",13012,"Purus",1304,"Sul Amazonense",130008,"Lábrea",1303,"Lábrea",13,"Amazonas","AM",1,"Norte"
1301001,"Carauari",13004,"Juruá",1302,"Sudoeste Amazonense",130005,"Tefé",1302,"Tefé",13,"Amazonas","AM",1,"Norte"
1301100,"Careiro",13007,"Manaus",1303,"Centro Amazonense",130001,"Manaus",1301,"Manaus",13,"Amazonas","AM",1,"Norte"
1301159,"Careiro da Várzea",13007,"Manaus",1303,"Centro Amazonense",130001,"Manaus",1301,"Manaus",13,"Amazonas","AM",1,"Norte"
1301209,"Coari",13006,"Coari",1303,"Centro Amazonense",130003,"Coari",1301,"Manaus",13,"Amazonas","AM",1,"Norte"
1301308,"Codajás",13006,"Coari",1303,"Centro Amazonense",130003,"Coari",1301,"Manaus",13,"Amazonas","AM",1,"Norte"
1301407,"Eirunepé",13004,"Juruá",1302,"Sudoeste Amazonense",130007,"Eirunepé",1302,"Tefé",13,"Amazonas","AM",1,"Norte"
1301506,"Envira",13004,"Juruá",1302,"Sudoeste Amazonense",130007,"Eirunepé",1302,"Tefé",13,"Amazonas","AM",1,"Norte"
1301605,"Fonte Boa",13003,"Alto Solimões",1302,"Sudoeste Amazonense",130005,"Tefé",1302,"Tefé",13,"Amazonas","AM",1,"Norte"
1301654,"Guajará",13004,"Juruá",1302,"Sudoeste Amazonense",130007,"Eirunepé",1302,"Tefé",13,"Amazonas","AM",1,"Norte"
1301704,"Humaitá",13013,"Madeira",1304,"Sul Amazonense",130009,"Manicoré",1303,"Lábrea",13,"Amazonas","AM",1,"Norte"
1301803,"Ipixuna",13004,"Juruá",1302,"Sudoeste Amazonense",130007,"Eirunepé",1302,"Tefé",13,"Amazonas","AM",1,"Norte"
1301852,"Iranduba",13007,"Manaus",1303,"Centro Amazonense",130001,"Manaus",1301,"Manaus",13,"Amazonas","AM",1,"Norte"
1301902,"Itacoatiara",13009,"Itacoatiara",1303,"Centro Amazonense",130011,"Itacoatiara",1304,"Parintins",13,"Amazonas","AM",1,"Norte"
1301951,"Itamarati",13004,"Juruá",1302,"Sudoeste Amazonense",130007,"Eirunepé",1302,"Tefé",13,"Amazonas","AM",1,"Norte"
1302009,"Itapiranga",13009,"Itacoatiara",1303,"Centro Amazonense",130011,"Itacoatiara",1304,"Parintins",13,"Amazonas","AM",1,"Norte"
1302108,"Japurá",13002,"Japurá",1301,"Norte Amazonense",130005,"Tefé",1302,"Tefé",13,"Amazonas","AM",1,"Norte"
1302207,"Juruá",13004,"Juruá",1302,"Sudoeste Amazonense",130005,"Tefé",1302,"Tefé",13,"Amazonas","AM",1,"Norte"
1302306,"Jutaí",13003,"Alto Solimões",1302,"Sudoeste Amazonense",130005,"Tefé",1302,"Tefé",13,"Amazonas","AM",1,"Norte"
1302405,"Lábrea",13012,"Purus",1304,"Sul Amazonense",130008,"Lábrea",1303,"Lábrea",13,"Amazonas","AM",1,"Norte"
1302504,"Manacapuru",13007,"Manaus",1303,"Centro Amazonense",130004,"Manacapuru",1301,"Manaus",13,"Amazonas","AM",1,"Norte"
1302553,"Manaquiri",13007,"Manaus",1303,"Centro Amazonense",130001,"Manaus",1301,"Manaus",13,"Amazonas","AM",1,"Norte"
1302603,"Manaus",13007,"Manaus",1303,"Centro Amazonense",130001,"Manaus",1301,"Manaus",13,"Amazonas","AM",1,"Norte"
1302702,"Manicoré",13013,"Madeira",1304,"Sul Amazonense",130009,"Manicoré",1303,"Lábrea",13,"Amazonas","AM",1,"Norte"
1302801,"Maraã",13002,"Japurá",1301,"Norte Amazonense",130005,"Tefé",1302,"Tefé",13,"Amazonas","AM",1,"Norte"
1302900,"Maués",13010,"Parintins",1303,"Centro Amazonense",130010,"Parintins",1304,"Parintins",13,"Amazonas","AM",1,"Norte"
1303007,"Nhamundá",13010,"Parintins",1303,"Centro Amazonense",130010,"Parintins",1304,"Parintins",13,"Amazonas","AM",1,"Norte"
1303106,"Nova Olinda do Norte",13009,"Itacoatiara",1303,"Centro Amazonense",130001,"Manaus",1301,"Manaus",13,"Amazonas","AM",1,"Norte"
1303205,"Novo Airão",13001,"Rio Negro",1301,"Norte Amazonense",130004,"Manacapuru",1301,"Manaus",13,"Amazonas","AM",1,"Norte"
1303304,"Novo Aripuanã",13013,"Madeira",1304,"Sul Amazonense",130009,"Manicoré",1303,"Lábrea",13,"Amazonas","AM",1,"Norte"
1303403,"Parintins",13010,"Parintins",1303,"Centro Amazonense",130010,"Parintins",1304,"Parintins",13,"Amazonas","AM",1,"Norte"
1303502,"Pauini",13011,"Boca do Acre",1304,"Sul Amazonense",130008,"Lábrea",1303,"Lábrea",13,"Amazonas","AM",1,"Norte"
1303536,"Presidente Figueiredo",13008,"Rio Preto da Eva",1303,"Centro Amazonense",130001,"Manaus",1301,"Manaus",13,"Amazonas","AM",1,"Norte"
1303569,"Rio Preto da Eva",13008,"Rio Preto da Eva",1303,"Centro Amazonense",130001,"Manaus",1301,"Manaus",13,"Amazonas","AM",1,"Norte"
1303601,"Santa Isabel do Rio Negro",13001,"Rio Negro",1301,"Norte Amazonense",130002,"São Gabriel da Cachoeira",1301,"Manaus",13,"Amazonas","AM",1,"Norte"
1303700,"Santo Antônio do Içá",13003,"Alto Solimões",1302,"Sudoeste Amazonense",130006,"Tabatinga",1302,"Tefé",13,"Amazonas","AM",1,"Norte"
1303809,"São Gabriel da Cachoeira",13001,"Rio Negro",1301,"Norte Amazonense",130002,"São Gabriel da Cachoeira",1301,"Manaus",13,"Amazonas","AM",1,"Norte"
1303908,"São Paulo de Olivença",13003,"Alto Solimões",1302,"Sudoeste Amazonense",130006,"Tabatinga",1302,"Tefé",13,"Amazonas","AM",1,"Norte"
1303957,"São Sebastião do Uatumã",13010,"Parintins",1303,"Centro Amazonense",130011,"Itacoatiara",1304,"Parintins",13,"Amazonas","AM",1,"Norte"
1304005,"Silves",13009,"Itacoatiara",1303,"Centro Amazonense",130011,"Itacoatiara",1304,"Parintins",13,"Amazonas","AM",1,"Norte"
1304062,"Tabatinga",13003,"Alto Solimões",1302,"Sudoeste Amazonense",130006,"Tabatinga",1302,"Tefé",13,"Amazonas","AM",1,"Norte"
1304104,"Tapauá",13012,"Purus",1304,"Sul Amazonense",130008,"Lábrea",1303,"Lábrea",13,"Amazonas","AM",1,"Norte"
1304203,"Tefé",13005,"Tefé",1303,"Centro Amazonense",130005,"Tefé",1302,"Tefé",13,"Amazonas","AM",1,"Norte"
1304237,"Tonantins",13003,"Alto Solimões",1302,"Sudoeste Amazonense",130006,"Tabatinga",1302,"Tefé",13,"Amazonas","AM",1,"Norte"
1304260,"Uarini",13005,"Tefé",1303,"Centro Amazonense",130005,"Tefé",1302,"Tefé",13,"Amazonas","AM",1,"Norte"
1304302,"Urucará",13010,"Parintins",1303,"Centro Amazonense",130011,"Itacoatiara",1304,"Parintins",13,"Amazonas","AM",1,"Norte"
1304401,"Urucurituba",13009,"Itacoatiara",1303,"Centro Amazonense",130011,"Itacoatiara",1304,"Parintins",13,"Amazonas","AM",1,"Norte"
1400027,"Amajari",14001,"Boa Vista",1401,"Norte de Roraima",140002,"Pacaraima",1401,"Boa Vista",14,"Roraima","RR",1,"Norte"
1400050,"Alto Alegre",14001,"Boa Vista",1401,"Norte de Roraima",140001,"Boa Vista",1401,"Boa Vista",14,"Roraima","RR",1,"Norte"
1400100,"Boa Vista",14001,"Boa Vista",1401,"Norte de Roraima",140001,"Boa Vista",1401,"Boa Vista",14,"Roraima","RR",1,"Norte"
1400159,"Bonfim",14002,"Nordeste de Roraima",1401,"Norte de Roraima",140001,"Boa Vista",1401,"Boa Vista",14,"Roraima","RR",1,"Norte"
1400175,"Cantá",14002,"Nordeste de Roraima",1401,"Norte de Roraima",140001,"Boa Vista",1401,"Boa Vista",14,"Roraima","RR",1,"Norte"
1400209,"Caracaraí",14003,"Caracaraí",1402,"Sul de Roraima",140004,"Caracaraí",1402,"Rorainópolis - Caracaraí",14,"Roraima","RR",1,"Norte"
1400233,"Caroebe",14004,"Sudeste de Roraima",1402,"Sul de Roraima",140003,"Rorainópolis",1402,"Rorainópolis - Caracaraí",14,"Roraima","RR",1,"Norte"
1400282,"Iracema",14003,"Caracaraí",1402,"Sul de Roraima",140004,"Caracaraí",1402,"Rorainópolis - Caracaraí",14,"Roraima","RR",1,"Norte"
1400308,"Mucajaí",14003,"Caracaraí",1402,"Sul de Roraima",140001,"Boa Vista",1401,"Boa Vista",14,"Roraima","RR",1,"Norte"
1400407,"Normandia",14002,"Nordeste de Roraima",1401,"Norte de Roraima",140002,"Pacaraima",1401,"Boa Vista",14,"Roraima","RR",1,"Norte"
1400456,"Pacaraima",14001,"Boa Vista",1401,"Norte de Roraima",140002,"Pacaraima",1401,"Boa Vista",14,"Roraima","RR",1,"Norte"
1400472,"Rorainópolis",14004,"Sudeste de Roraima",1402,"Sul de Roraima",140003,"Rorainópolis",1402,"Rorainópolis - Caracaraí",14,"Roraima","RR",1,"Norte"
1400506,"São João da Baliza",14004,"Sudeste de Roraima",1402,"Sul de Roraima",140003,"Rorainópolis",1402,"Rorainópolis - Caracaraí",14,"Roraima","RR",1,"Norte"
1400605,"São Luiz do Anauá",14004,"Sudeste de Roraima",1402,"Sul de Roraima",140003,"Rorainópolis",1402,"Rorainópolis - Caracaraí",14,"Roraima","RR",1,"Norte"
1400704,"Uiramutã",14002,"Nordeste de Roraima",1401,"Norte de Roraima",140002,"Pacaraima",1401,"Boa Vista",14,"Roraima","RR",1,"Norte"
1500107,"Abaetetuba",15011,"Cametá",1504,"Nordeste Paraense",150003,"Abaetetuba",1501,"Belém",15,"Pará","PA",1,"Norte"
1500131,"Abel Figueiredo",15017,"Paragominas",1506,"Sudeste Paraense",150009,"Marabá",1503,"Marabá",15,"Pará","PA",1,"Norte"
1500206,"Acará",15012,"Tomé-Açu",1504,"Nordeste Paraense",150001,"Belém",1501,"Belém",15,"Pará","PA",1,"Norte"
1500305,"Afuá",15005,"Furos de Breves",1502,"Marajó",150020,"Breves",1507,"Breves",15,"Pará","PA",1,"Norte"
1500347,"Água Azul do Norte",15019,"Parauapebas",1506,"Sudeste Paraense",150014,"Xinguara",1504,"Redenção",15,"Pará","PA",1,"Norte"
1500404,"Alenquer",15002,"Santarém",1501,"Baixo Amazonas",150015,"Santarém",1505,"Santarém",15,"Pará","PA",1,"Norte"
1500503,"Almeirim",15003,"Almeirim",1501,"Baixo Amazonas",150019,"Almeirim - Porto de Moz",1506,"Altamira",15,"Pará","PA",1,"Norte"
1500602,"Altamira",15015,"Altamira",1505,"Sudoeste Paraense",150018,"Altamira",1506,"Altamira",15,"Pará","PA",1,"Norte"
1500701,"Anajás",15005,"Furos de Breves",1502,"Marajó",150020,"Breves",1507,"Breves",15,"Pará","PA",1,"Norte"
1500800,"Ananindeua",15007,"Belém",1503,"Metropolitana de Belém",150001,"Belém",1501,"Belém",15,"Pará","PA",1,"Norte"
1500859,"Anapu",15015,"Altamira",1505,"Sudoeste Paraense",150018,"Altamira",1506,"Altamira",15,"Pará","PA",1,"Norte"
1500909,"Augusto Corrêa",15010,"Bragantina",1504,"Nordeste Paraense",150005,"Bragança",1502,"Castanhal",15,"Pará","PA",1,"Norte"
1500958,"Aurora do Pará",15013,"Guamá",1504,"Nordeste Paraense",150007,"Paragominas",1502,"Castanhal",15,"Pará","PA",1,"Norte"
1501006,"Aveiro",15014,"Itaituba",1505,"Sudoeste Paraense",150016,"Itaituba",1505,"Santarém",15,"Pará","PA",1,"Norte"
1501105,"Bagre",15004,"Portel",1502,"Marajó",150020,"Breves",1507,"Breves",15,"Pará","PA",1,"Norte"
1501204,"Baião",15011,"Cametá",1504,"Nordeste Paraense",150011,"Tucuruí",1503,"Marabá",15,"Pará","PA",1,"Norte"
1501253,"Bannach",15018,"São Félix do Xingu",1506,"Sudeste Paraense",150012,"Redenção",1504,"Redenção",15,"Pará","PA",1,"Norte"
1501303,"Barcarena",15007,"Belém",1503,"Metropolitana de Belém",150001,"Belém",1501,"Belém",15,"Pará","PA",1,"Norte"
1501402,"Belém",15007,"Belém",1503,"Metropolitana de Belém",150001,"Belém",1501,"Belém",15,"Pará","PA",1,"Norte"
1501451,"Belterra",15002,"Santarém",1501,"Baixo Amazonas",150015,"Santarém",1505,"Santarém",15,"Pará","PA",1,"Norte"
1501501,"Benevides",15007,"Belém",1503,"Metropolitana de Belém",150001,"Belém",1501,"Belém",15,"Pará","PA",1,"Norte"
1501576,"Bom Jesus do Tocantins",15017,"Paragominas",1506,"Sudeste Paraense",150009,"Marabá",1503,"Marabá",15,"Pará","PA",1,"Norte"
1501600,"Bonito",15010,"Bragantina",1504,"Nordeste Paraense",150006,"Capanema",1502,"Castanhal",15,"Pará","PA",1,"Norte"
1501709,"Bragança",15010,"Bragantina",1504,"Nordeste Paraense",150005,"Bragança",1502,"Castanhal",15,"Pará","PA",1,"Norte"
1501725,"Brasil Novo",15015,"Altamira",1505,"Sudoeste Paraense",150018,"Altamira",1506,"Altamira",15,"Pará","PA",1,"Norte"
1501758,"Brejo Grande do Araguaia",15020,"Marabá",1506,"Sudeste Paraense",150009,"Marabá",1503,"Marabá",15,"Pará","PA",1,"Norte"
1501782,"Breu Branco",15016,"Tucuruí",1506,"Sudeste Paraense",150011,"Tucuruí",1503,"Marabá",15,"Pará","PA",1,"Norte"
1501808,"Breves",15005,"Furos de Breves",1502,"Marajó",150020,"Breves",1507,"Breves",15,"Pará","PA",1,"Norte"
1501907,"Bujaru",15008,"Castanhal",1503,"Metropolitana de Belém",150001,"Belém",1501,"Belém",15,"Pará","PA",1,"Norte"
1501956,"Cachoeira do Piriá",15013,"Guamá",1504,"Nordeste Paraense",150005,"Bragança",1502,"Castanhal",15,"Pará","PA",1,"Norte"
1502004,"Cachoeira do Arari",15006,"Arari",1502,"Marajó",150021,"Soure-Salvaterra",1507,"Breves",15,"Pará","PA",1,"Norte"
1502103,"Cametá",15011,"Cametá",1504,"Nordeste Paraense",150002,"Cametá",1501,"Belém",15,"Pará","PA",1,"Norte"
1502152,"Canaã dos Carajás",15019,"Parauapebas",1506,"Sudeste Paraense",150010,"Parauapebas",1503,"Marabá",15,"Pará","PA",1,"Norte"
1502202,"Capanema",15010,"Bragantina",1504,"Nordeste Paraense",150006,"Capanema",1502,"Castanhal",15,"Pará","PA",1,"Norte"
1502301,"Capitão Poço",15013,"Guamá",1504,"Nordeste Paraense",150008,"Capitão Poço",1502,"Castanhal",15,"Pará","PA",1,"Norte"
1502400,"Castanhal",15008,"Castanhal",1503,"Metropolitana de Belém",150004,"Castanhal",1502,"Castanhal",15,"Pará","PA",1,"Norte"
1502509,"Chaves",15006,"Arari",1502,"Marajó",150020,"Breves",1507,"Breves",15,"Pará","PA",1,"Norte"
1502608,"Colares",15009,"Salgado",1504,"Nordeste Paraense",150001,"Belém",1501,"Belém",15,"Pará","PA",1,"Norte"
1502707,"Conceição do Araguaia",15022,"Conceição do Araguaia",1506,"Sudeste Paraense",150012,"Redenção",1504,"Redenção",15,"Pará","PA",1,"Norte"
1502756,"Concórdia do Pará",15012,"Tomé-Açu",1504,"Nordeste Paraense",150001,"Belém",1501,"Belém",15,"Pará","PA",1,"Norte"
1502764,"Cumaru do Norte",15018,"São Félix do Xingu",1506,"Sudeste Paraense",150012,"Redenção",1504,"Redenção",15,"Pará","PA",1,"Norte"
1502772,"Curionópolis",15019,"Parauapebas",1506,"Sudeste Paraense",150010,"Parauapebas",1503,"Marabá",15,"Pará","PA",1,"Norte"
1502806,"Curralinho",15005,"Furos de Breves",1502,"Marajó",150020,"Breves",1507,"Breves",15,"Pará","PA",1,"Norte"
1502855,"Curuá",15002,"Santarém",1501,"Baixo Amazonas",150017,"Oriximiná",1505,"Santarém",15,"Pará","PA",1,"Norte"
1502905,"Curuçá",15009,"Salgado",1504,"Nordeste Paraense",150004,"Castanhal",1502,"Castanhal",15,"Pará","PA",1,"Norte"
1502939,"Dom Eliseu",15017,"Paragominas",1506,"Sudeste Paraense",150007,"Paragominas",1502,"Castanhal",15,"Pará","PA",1,"Norte"
1502954,"Eldorado do Carajás",15019,"Parauapebas",1506,"Sudeste Paraense",150010,"Parauapebas",1503,"Marabá",15,"Pará","PA",1,"Norte"
1503002,"Faro",15001,"Óbidos",1501,"Baixo Amazonas",150017,"Oriximiná",1505,"Santarém",15,"Pará","PA",1,"Norte"
1503044,"Floresta do Araguaia",15022,"Conceição do Araguaia",1506,"Sudeste Paraense",150012,"Redenção",1504,"Redenção",15,"Pará","PA",1,"Norte"
1503077,"Garrafão do Norte",15013,"Guamá",1504,"Nordeste Paraense",150008,"Capitão Poço",1502,"Castanhal",15,"Pará","PA",1,"Norte"
1503093,"Goianésia do Pará",15017,"Paragominas",1506,"Sudeste Paraense",150011,"Tucuruí",1503,"Marabá",15,"Pará","PA",1,"Norte"
1503101,"Gurupá",15004,"Portel",1502,"Marajó",150020,"Breves",1507,"Breves",15,"Pará","PA",1,"Norte"
1503200,"Igarapé-Açu",15010,"Bragantina",1504,"Nordeste Paraense",150004,"Castanhal",1502,"Castanhal",15,"Pará","PA",1,"Norte"
1503309,"Igarapé-Miri",15011,"Cametá",1504,"Nordeste Paraense",150003,"Abaetetuba",1501,"Belém",15,"Pará","PA",1,"Norte"
1503408,"Inhangapi",15008,"Castanhal",1503,"Metropolitana de Belém",150004,"Castanhal",1502,"Castanhal",15,"Pará","PA",1,"Norte"
1503457,"Ipixuna do Pará",15013,"Guamá",1504,"Nordeste Paraense",150007,"Paragominas",1502,"Castanhal",15,"Pará","PA",1,"Norte"
1503507,"Irituia",15013,"Guamá",1504,"Nordeste Paraense",150004,"Castanhal",1502,"Castanhal",15,"Pará","PA",1,"Norte"
1503606,"Itaituba",15014,"Itaituba",1505,"Sudoeste Paraense",150016,"Itaituba",1505,"Santarém",15,"Pará","PA",1,"Norte"
1503705,"Itupiranga",15016,"Tucuruí",1506,"Sudeste Paraense",150009,"Marabá",1503,"Marabá",15,"Pará","PA",1,"Norte"
1503754,"Jacareacanga",15014,"Itaituba",1505,"Sudoeste Paraense",150016,"Itaituba",1505,"Santarém",15,"Pará","PA",1,"Norte"
1503804,"Jacundá",15016,"Tucuruí",1506,"Sudeste Paraense",150009,"Marabá",1503,"Marabá",15,"Pará","PA",1,"Norte"
1503903,"Juruti",15001,"Óbidos",1501,"Baixo Amazonas",150017,"Oriximiná",1505,"Santarém",15,"Pará","PA",1,"Norte"
1504000,"Limoeiro do Ajuru",15011,"Cametá",1504,"Nordeste Paraense",150002,"Cametá",1501,"Belém",15,"Pará","PA",1,"Norte"
1504059,"Mãe do Rio",15013,"Guamá",1504,"Nordeste Paraense",150007,"Paragominas",1502,"Castanhal",15,"Pará","PA",1,"Norte"
1504109,"Magalhães Barata",15009,"Salgado",1504,"Nordeste Paraense",150004,"Castanhal",1502,"Castanhal",15,"Pará","PA",1,"Norte"
1504208,"Marabá",15020,"Marabá",1506,"Sudeste Paraense",150009,"Marabá",1503,"Marabá",15,"Pará","PA",1,"Norte"
1504307,"Maracanã",15009,"Salgado",1504,"Nordeste Paraense",150004,"Castanhal",1502,"Castanhal",15,"Pará","PA",1,"Norte"
1504406,"Marapanim",15009,"Salgado",1504,"Nordeste Paraense",150004,"Castanhal",1502,"Castanhal",15,"Pará","PA",1,"Norte"
1504422,"Marituba",15007,"Belém",1503,"Metropolitana de Belém",150001,"Belém",1501,"Belém",15,"Pará","PA",1,"Norte"
1504455,"Medicilândia",15015,"Altamira",1505,"Sudoeste Paraense",150018,"Altamira",1506,"Altamira",15,"Pará","PA",1,"Norte"
1504505,"Melgaço",15004,"Portel",1502,"Marajó",150020,"Breves",1507,"Breves",15,"Pará","PA",1,"Norte"
1504604,"Mocajuba",15011,"Cametá",1504,"Nordeste Paraense",150002,"Cametá",1501,"Belém",15,"Pará","PA",1,"Norte"
1504703,"Moju",15012,"Tomé-Açu",1504,"Nordeste Paraense",150003,"Abaetetuba",1501,"Belém",15,"Pará","PA",1,"Norte"
1504752,"Mojuí dos Campos",15002,"Santarém",1501,"Baixo Amazonas",150015,"Santarém",1505,"Santarém",15,"Pará","PA",1,"Norte"
1504802,"Monte Alegre",15002,"Santarém",1501,"Baixo Amazonas",150015,"Santarém",1505,"Santarém",15,"Pará","PA",1,"Norte"
1504901,"Muaná",15006,"Arari",1502,"Marajó",150021,"Soure-Salvaterra",1507,"Breves",15,"Pará","PA",1,"Norte"
1504950,"Nova Esperança do Piriá",15013,"Guamá",1504,"Nordeste Paraense",150008,"Capitão Poço",1502,"Castanhal",15,"Pará","PA",1,"Norte"
1504976,"Nova Ipixuna",15016,"Tucuruí",1506,"Sudeste Paraense",150009,"Marabá",1503,"Marabá",15,"Pará","PA",1,"Norte"
1505007,"Nova Timboteua",15010,"Bragantina",1504,"Nordeste Paraense",150006,"Capanema",1502,"Castanhal",15,"Pará","PA",1,"Norte"
1505031,"Novo Progresso",15014,"Itaituba",1505,"Sudoeste Paraense",150016,"Itaituba",1505,"Santarém",15,"Pará","PA",1,"Norte"
1505064,"Novo Repartimento",15016,"Tucuruí",1506,"Sudeste Paraense",150011,"Tucuruí",1503,"Marabá",15,"Pará","PA",1,"Norte"
1505106,"Óbidos",15001,"Óbidos",1501,"Baixo Amazonas",150017,"Oriximiná",1505,"Santarém",15,"Pará","PA",1,"Norte"
1505205,"Oeiras do Pará",15011,"Cametá",1504,"Nordeste Paraense",150002,"Cametá",1501,"Belém",15,"Pará","PA",1,"Norte"
1505304,"Oriximiná",15001,"Óbidos",1501,"Baixo Amazonas",150017,"Oriximiná",1505,"Santarém",15,"Pará","PA",1,"Norte"
1505403,"Ourém",15013,"Guamá",1504,"Nordeste Paraense",150008,"Capitão Poço",1502,"Castanhal",15,"Pará","PA",1,"Norte"
1505437,"Ourilândia do Norte",15018,"São Félix do Xingu",1506,"Sudeste Paraense",150013,"Tucumã - São Félix do Xingu",1504,"Redenção",15,"Pará","PA",1,"Norte"
1505486,"Pacajá",15015,"Altamira",1505,"Sudoeste Paraense",150011,"Tucuruí",1503,"Marabá",15,"Pará","PA",1,"Norte"
1505494,"Palestina do Pará",15020,"Marabá",1506,"Sudeste Paraense",150009,"Marabá",1503,"Marabá",15,"Pará","PA",1,"Norte"
1505502,"Paragominas",15017,"Paragominas",1506,"Sudeste Paraense",150007,"Paragominas",1502,"Castanhal",15,"Pará","PA",1,"Norte"
1505536,"Parauapebas",15019,"Parauapebas",1506,"Sudeste Paraense",150010,"Parauapebas",1503,"Marabá",15,"Pará","PA",1,"Norte"
1505551,"Pau D'Arco",15021,"Redenção",1506,"Sudeste Paraense",150012,"Redenção",1504,"Redenção",15,"Pará","PA",1,"Norte"
1505601,"Peixe-Boi",15010,"Bragantina",1504,"Nordeste Paraense",150006,"Capanema",1502,"Castanhal",15,"Pará","PA",1,"Norte"
1505635,"Piçarra",15021,"Redenção",1506,"Sudeste Paraense",150009,"Marabá",1503,"Marabá",15,"Pará","PA",1,"Norte"
1505650,"Placas",15002,"Santarém",1501,"Baixo Amazonas",150016,"Itaituba",1505,"Santarém",15,"Pará","PA",1,"Norte"
1505700,"Ponta de Pedras",15006,"Arari",1502,"Marajó",150021,"Soure-Salvaterra",1507,"Breves",15,"Pará","PA",1,"Norte"
1505809,"Portel",15004,"Portel",1502,"Marajó",150020,"Breves",1507,"Breves",15,"Pará","PA",1,"Norte"
1505908,"Porto de Moz",15003,"Almeirim",1501,"Baixo Amazonas",150019,"Almeirim - Porto de Moz",1506,"Altamira",15,"Pará","PA",1,"Norte"
1506005,"Prainha",15002,"Santarém",1501,"Baixo Amazonas",150015,"Santarém",1505,"Santarém",15,"Pará","PA",1,"Norte"
1506104,"Primavera",15010,"Bragantina",1504,"Nordeste Paraense",150006,"Capanema",1502,"Castanhal",15,"Pará","PA",1,"Norte"
1506112,"Quatipuru",15010,"Bragantina",1504,"Nordeste Paraense",150006,"Capanema",1502,"Castanhal",15,"Pará","PA",1,"Norte"
1506138,"Redenção",15021,"Redenção",1506,"Sudeste Paraense",150012,"Redenção",1504,"Redenção",15,"Pará","PA",1,"Norte"
1506161,"Rio Maria",15021,"Redenção",1506,"Sudeste Paraense",150014,"Xinguara",1504,"Redenção",15,"Pará","PA",1,"Norte"
1506187,"Rondon do Pará",15017,"Paragominas",1506,"Sudeste Paraense",150009,"Marabá",1503,"Marabá",15,"Pará","PA",1,"Norte"
1506195,"Rurópolis",15014,"Itaituba",1505,"Sudoeste Paraense",150016,"Itaituba",1505,"Santarém",15,"Pará","PA",1,"Norte"
1506203,"Salinópolis",15009,"Salgado",1504,"Nordeste Paraense",150006,"Capanema",1502,"Castanhal",15,"Pará","PA",1,"Norte"
1506302,"Salvaterra",15006,"Arari",1502,"Marajó",150021,"Soure-Salvaterra",1507,"Breves",15,"Pará","PA",1,"Norte"
1506351,"Santa Bárbara do Pará",15007,"Belém",1503,"Metropolitana de Belém",150001,"Belém",1501,"Belém",15,"Pará","PA",1,"Norte"
1506401,"Santa Cruz do Arari",15006,"Arari",1502,"Marajó",150021,"Soure-Salvaterra",1507,"Breves",15,"Pará","PA",1,"Norte"
1506500,"Santa Izabel do Pará",15008,"Castanhal",1503,"Metropolitana de Belém",150001,"Belém",1501,"Belém",15,"Pará","PA",1,"Norte"
1506559,"Santa Luzia do Pará",15013,"Guamá",1504,"Nordeste Paraense",150005,"Bragança",1502,"Castanhal",15,"Pará","PA",1,"Norte"
1506583,"Santa Maria das Barreiras",15022,"Conceição do Araguaia",1506,"Sudeste Paraense",150012,"Redenção",1504,"Redenção",15,"Pará","PA",1,"Norte"
1506609,"Santa Maria do Pará",15010,"Bragantina",1504,"Nordeste Paraense",150004,"Castanhal",1502,"Castanhal",15,"Pará","PA",1,"Norte"
1506708,"Santana do Araguaia",15022,"Conceição do Araguaia",1506,"Sudeste Paraense",150012,"Redenção",1504,"Redenção",15,"Pará","PA",1,"Norte"
1506807,"Santarém",15002,"Santarém",1501,"Baixo Amazonas",150015,"Santarém",1505,"Santarém",15,"Pará","PA",1,"Norte"
1506906,"Santarém Novo",15010,"Bragantina",1504,"Nordeste Paraense",150006,"Capanema",1502,"Castanhal",15,"Pará","PA",1,"Norte"
1507003,"Santo Antônio do Tauá",15008,"Castanhal",1503,"Metropolitana de Belém",150001,"Belém",1501,"Belém",15,"Pará","PA",1,"Norte"
1507102,"São Caetano de Odivelas",15009,"Salgado",1504,"Nordeste Paraense",150001,"Belém",1501,"Belém",15,"Pará","PA",1,"Norte"
1507151,"São Domingos do Araguaia",15020,"Marabá",1506,"Sudeste Paraense",150009,"Marabá",1503,"Marabá",15,"Pará","PA",1,"Norte"
1507201,"São Domingos do Capim",15013,"Guamá",1504,"Nordeste Paraense",150004,"Castanhal",1502,"Castanhal",15,"Pará","PA",1,"Norte"
1507300,"São Félix do Xingu",15018,"São Félix do Xingu",1506,"Sudeste Paraense",150013,"Tucumã - São Félix do Xingu",1504,"Redenção",15,"Pará","PA",1,"Norte"
1507409,"São Francisco do Pará",15010,"Bragantina",1504,"Nordeste Paraense",150004,"Castanhal",1502,"Castanhal",15,"Pará","PA",1,"Norte"
1507458,"São Geraldo do Araguaia",15021,"Redenção",1506,"Sudeste Paraense",150009,"Marabá",1503,"Marabá",15,"Pará","PA",1,"Norte"
1507466,"São João da Ponta",15009,"Salgado",1504,"Nordeste Paraense",150004,"Castanhal",1502,"Castanhal",15,"Pará","PA",1,"Norte"
1507474,"São João de Pirabas",15009,"Salgado",1504,"Nordeste Paraense",150006,"Capanema",1502,"Castanhal",15,"Pará","PA",1,"Norte"
1507508,"São João do Araguaia",15020,"Marabá",1506,"Sudeste Paraense",150009,"Marabá",1503,"Marabá",15,"Pará","PA",1,"Norte"
1507607,"São Miguel do Guamá",15013,"Guamá",1504,"Nordeste Paraense",150004,"Castanhal",1502,"Castanhal",15,"Pará","PA",1,"Norte"
1507706,"São Sebastião da Boa Vista",15005,"Furos de Breves",1502,"Marajó",150020,"Breves",1507,"Breves",15,"Pará","PA",1,"Norte"
1507755,"Sapucaia",15021,"Redenção",1506,"Sudeste Paraense",150014,"Xinguara",1504,"Redenção",15,"Pará","PA",1,"Norte"
1507805,"Senador José Porfírio",15015,"Altamira",1505,"Sudoeste Paraense",150018,"Altamira",1506,"Altamira",15,"Pará","PA",1,"Norte"
1507904,"Soure",15006,"Arari",1502,"Marajó",150021,"Soure-Salvaterra",1507,"Breves",15,"Pará","PA",1,"Norte"
1507953,"Tailândia",15012,"Tomé-Açu",1504,"Nordeste Paraense",150003,"Abaetetuba",1501,"Belém",15,"Pará","PA",1,"Norte"
1507961,"Terra Alta",15009,"Salgado",1504,"Nordeste Paraense",150004,"Castanhal",1502,"Castanhal",15,"Pará","PA",1,"Norte"
1507979,"Terra Santa",15001,"Óbidos",1501,"Baixo Amazonas",150017,"Oriximiná",1505,"Santarém",15,"Pará","PA",1,"Norte"
1508001,"Tomé-Açu",15012,"Tomé-Açu",1504,"Nordeste Paraense",150001,"Belém",1501,"Belém",15,"Pará","PA",1,"Norte"
1508035,"Tracuateua",15010,"Bragantina",1504,"Nordeste Paraense",150005,"Bragança",1502,"Castanhal",15,"Pará","PA",1,"Norte"
1508050,"Trairão",15014,"Itaituba",1505,"Sudoeste Paraense",150016,"Itaituba",1505,"Santarém",15,"Pará","PA",1,"Norte"
1508084,"Tucumã",15018,"São Félix do Xingu",1506,"Sudeste Paraense",150013,"Tucumã - São Félix do Xingu",1504,"Redenção",15,"Pará","PA",1,"Norte"
1508100,"Tucuruí",15016,"Tucuruí",1506,"Sudeste Paraense",150011,"Tucuruí",1503,"Marabá",15,"Pará","PA",1,"Norte"
1508126,"Ulianópolis",15017,"Paragominas",1506,"Sudeste Paraense",150007,"Paragominas",1502,"Castanhal",15,"Pará","PA",1,"Norte"
1508159,"Uruará",15015,"Altamira",1505,"Sudoeste Paraense",150018,"Altamira",1506,"Altamira",15,"Pará","PA",1,"Norte"
1508209,"Vigia",15009,"Salgado",1504,"Nordeste Paraense",150001,"Belém",1501,"Belém",15,"Pará","PA",1,"Norte"
1508308,"Viseu",15013,"Guamá",1504,"Nordeste Paraense",150005,"Bragança",1502,"Castanhal",15,"Pará","PA",1,"Norte"
1508357,"Vitória do Xingu",15015,"Altamira",1505,"Sudoeste Paraense",150018,"Altamira",1506,"Altamira",15,"Pará","PA",1,"Norte"
1508407,"Xinguara",15021,"Redenção",1506,"Sudeste Paraense",150014,"Xinguara",1504,"Redenção",15,"Pará","PA",1,"Norte"
1600055,"Serra do Navio",16003,"Macapá",1602,"Sul do Amapá",160004,"Porto Grande",1602,"Oiapoque - Porto Grande",16,"Amapá","AP",1,"Norte"
1600105,"Amapá",16002,"Amapá",1601,"Norte do Amapá",160003,"Oiapoque",1602,"Oiapoque - Porto Grande",16,"Amapá","AP",1,"Norte"
1600154,"Pedra Branca do Amapari",16003,"Macapá",1602,"Sul do Amapá",160004,"Porto Grande",1602,"Oiapoque - Porto Grande",16,"Amapá","AP",1,"Norte"
1600204,"Calçoene",16001,"Oiapoque",1601,"Norte do Amapá",160003,"Oiapoque",1602,"Oiapoque - Porto Grande",16,"Amapá","AP",1,"Norte"
1600212,"Cutias",16003,"Macapá",1602,"Sul do Amapá",160003,"Oiapoque",1602,"Oiapoque - Porto Grande",16,"Amapá","AP",1,"Norte"
1600238,"Ferreira Gomes",16003,"Macapá",1602,"Sul do Amapá",160004,"Porto Grande",1602,"Oiapoque - Porto Grande",16,"Amapá","AP",1,"Norte"
1600253,"Itaubal",16003,"Macapá",1602,"Sul do Amapá",160001,"Macapá",1601,"Macapá",16,"Amapá","AP",1,"Norte"
1600279,"Laranjal do Jari",16004,"Mazagão",1602,"Sul do Amapá",160002,"Laranjal do Jari",1601,"Macapá",16,"Amapá","AP",1,"Norte"
1600303,"Macapá",16003,"Macapá",1602,"Sul do Amapá",160001,"Macapá",1601,"Macapá",16,"Amapá","AP",1,"Norte"
1600402,"Mazagão",16004,"Mazagão",1602,"Sul do Amapá",160001,"Macapá",1601,"Macapá",16,"Amapá","AP",1,"Norte"
1600501,"Oiapoque",16001,"Oiapoque",1601,"Norte do Amapá",160003,"Oiapoque",1602,"Oiapoque - Porto Grande",16,"Amapá","AP",1,"Norte"
1600535,"Porto Grande",16003,"Macapá",1602,"Sul do Amapá",160004,"Porto Grande",1602,"Oiapoque - Porto Grande",16,"Amapá","AP",1,"Norte"
1600550,"Pracuúba",16002,"Amapá",1601,"Norte do Amapá",160003,"Oiapoque",1602,"Oiapoque - Porto Grande",16,"Amapá","AP",1,"Norte"
1600600,"Santana",16003,"Macapá",1602,"Sul do Amapá",160001,"Macapá",1601,"Macapá",16,"Amapá","AP",1,"Norte"
1600709,"Tartarugalzinho",16002,"Amapá",1601,"Norte do Amapá",160003,"Oiapoque",1602,"Oiapoque - Porto Grande",16,"Amapá","AP",1,"Norte"
1600808,"Vitória do Jari",16004,"Mazagão",1602,"Sul do Amapá",160002,"Laranjal do Jari",1601,"Macapá",16,"Amapá","AP",1,"Norte"
1700251,"Abreulândia",17003,"Miracema do Tocantins",1701,"Ocidental do Tocantins",170003,"Paraíso do Tocantins",1701,"Palmas",17,"Tocantins","TO",1,"Norte"
1700301,"Aguiarnópolis",17001,"Bico do Papagaio",1701,"Ocidental do Tocantins",170008,"Tocantinópolis",1702,"Araguaína",17,"Tocantins","TO",1,"Norte"
1700350,"Aliança do Tocantins",17005,"Gurupi",1701,"Ocidental do Tocantins",170010,"Gurupi",1703,"Gurupi",17,"Tocantins","TO",1,"Norte"
1700400,"Almas",17008,"Dianópolis",1702,"Oriental do Tocantins",170011,"Dianópolis",1703,"Gurupi",17,"Tocantins","TO",1,"Norte"
1700707,"Alvorada",17005,"Gurupi",1701,"Ocidental do Tocantins",170010,"Gurupi",1703,"Gurupi",17,"Tocantins","TO",1,"Norte"
1701002,"Ananás",17001,"Bico do Papagaio",1701,"Ocidental do Tocantins",170005,"Araguaína",1702,"Araguaína",17,"Tocantins","TO",1,"Norte"
1701051,"Angico",17001,"Bico do Papagaio",1701,"Ocidental do Tocantins",170005,"Araguaína",1702,"Araguaína",17,"Tocantins","TO",1,"Norte"
1701101,"Aparecida do Rio Negro",17006,"Porto Nacional",1702,"Oriental do Tocantins",170001,"Palmas",1701,"Palmas",17,"Tocantins","TO",1,"Norte"
1701309,"Aragominas",17002,"Araguaína",1701,"Ocidental do Tocantins",170005,"Araguaína",1702,"Araguaína",17,"Tocantins","TO",1,"Norte"
1701903,"Araguacema",17003,"Miracema do Tocantins",1701,"Ocidental do Tocantins",170003,"Paraíso do Tocantins",1701,"Palmas",17,"Tocantins","TO",1,"Norte"
1702000,"Araguaçu",17004,"Rio Formoso",1701,"Ocidental do Tocantins",170010,"Gurupi",1703,"Gurupi",17,"Tocantins","TO",1,"Norte"
1702109,"Araguaína",17002,"Araguaína",1701,"Ocidental do Tocantins",170005,"Araguaína",1702,"Araguaína",17,"Tocantins","TO",1,"Norte"
1702158,"Araguanã",17002,"Araguaína",1701,"Ocidental do Tocantins",170005,"Araguaína",1702,"Araguaína",17,"Tocantins","TO",1,"Norte"
1702208,"Araguatins",17001,"Bico do Papagaio",1701,"Ocidental do Tocantins",170009,"Araguatins",1702,"Araguaína",17,"Tocantins","TO",1,"Norte"
1702307,"Arapoema",17002,"Araguaína",1701,"Ocidental do Tocantins",170005,"Araguaína",1702,"Araguaína",17,"Tocantins","TO",1,"Norte"
1702406,"Arraias",17008,"Dianópolis",1702,"Oriental do Tocantins",170011,"Dianópolis",1703,"Gurupi",17,"Tocantins","TO",1,"Norte"
1702554,"Augustinópolis",17001,"Bico do Papagaio",1701,"Ocidental do Tocantins",170009,"Araguatins",1702,"Araguaína",17,"Tocantins","TO",1,"Norte"
1702703,"Aurora do Tocantins",17008,"Dianópolis",1702,"Oriental do Tocantins",170011,"Dianópolis",1703,"Gurupi",17,"Tocantins","TO",1,"Norte"
1702901,"Axixá do Tocantins",17001,"Bico do Papagaio",1701,"Ocidental do Tocantins",170009,"Araguatins",1702,"Araguaína",17,"Tocantins","TO",1,"Norte"
1703008,"Babaçulândia",17002,"Araguaína",1701,"Ocidental do Tocantins",170005,"Araguaína",1702,"Araguaína",17,"Tocantins","TO",1,"Norte"
1703057,"Bandeirantes do Tocantins",17002,"Araguaína",1701,"Ocidental do Tocantins",170007,"Colinas do Tocantins",1702,"Araguaína",17,"Tocantins","TO",1,"Norte"
1703073,"Barra do Ouro",17007,"Jalapão",1702,"Oriental do Tocantins",170005,"Araguaína",1702,"Araguaína",17,"Tocantins","TO",1,"Norte"
1703107,"Barrolândia",17003,"Miracema do Tocantins",1701,"Ocidental do Tocantins",170003,"Paraíso do Tocantins",1701,"Palmas",17,"Tocantins","TO",1,"Norte"
1703206,"Bernardo Sayão",17003,"Miracema do Tocantins",1701,"Ocidental do Tocantins",170007,"Colinas do Tocantins",1702,"Araguaína",17,"Tocantins","TO",1,"Norte"
1703305,"Bom Jesus do Tocantins",17006,"Porto Nacional",1702,"Oriental do Tocantins",170006,"Guaraí",1702,"Araguaína",17,"Tocantins","TO",1,"Norte"
1703602,"Brasilândia do Tocantins",17003,"Miracema do Tocantins",1701,"Ocidental do Tocantins",170007,"Colinas do Tocantins",1702,"Araguaína",17,"Tocantins","TO",1,"Norte"
1703701,"Brejinho de Nazaré",17005,"Gurupi",1701,"Ocidental do Tocantins",170002,"Porto Nacional",1701,"Palmas",17,"Tocantins","TO",1,"Norte"
1703800,"Buriti do Tocantins",17001,"Bico do Papagaio",1701,"Ocidental do Tocantins",170009,"Araguatins",1702,"Araguaína",17,"Tocantins","TO",1,"Norte"
1703826,"Cachoeirinha",17001,"Bico do Papagaio",1701,"Ocidental do Tocantins",170008,"Tocantinópolis",1702,"Araguaína",17,"Tocantins","TO",1,"Norte"
1703842,"Campos Lindos",17007,"Jalapão",1702,"Oriental do Tocantins",170005,"Araguaína",1702,"Araguaína",17,"Tocantins","TO",1,"Norte"
1703867,"Cariri do Tocantins",17005,"Gurupi",1701,"Ocidental do Tocantins",170010,"Gurupi",1703,"Gurupi",17,"Tocantins","TO",1,"Norte"
1703883,"Carmolândia",17002,"Araguaína",1701,"Ocidental do Tocantins",170005,"Araguaína",1702,"Araguaína",17,"Tocantins","TO",1,"Norte"
1703891,"Carrasco Bonito",17001,"Bico do Papagaio",1701,"Ocidental do Tocantins",170009,"Araguatins",1702,"Araguaína",17,"Tocantins","TO",1,"Norte"
1703909,"Caseara",17003,"Miracema do Tocantins",1701,"Ocidental do Tocantins",170003,"Paraíso do Tocantins",1701,"Palmas",17,"Tocantins","TO",1,"Norte"
1704105,"Centenário",17007,"Jalapão",1702,"Oriental do Tocantins",170006,"Guaraí",1702,"Araguaína",17,"Tocantins","TO",1,"Norte"
1704600,"Chapada de Areia",17004,"Rio Formoso",1701,"Ocidental do Tocantins",170003,"Paraíso do Tocantins",1701,"Palmas",17,"Tocantins","TO",1,"Norte"
1705102,"Chapada da Natividade",17008,"Dianópolis",1702,"Oriental do Tocantins",170002,"Porto Nacional",1701,"Palmas",17,"Tocantins","TO",1,"Norte"
1705508,"Colinas do Tocantins",17002,"Araguaína",1701,"Ocidental do Tocantins",170007,"Colinas do Tocantins",1702,"Araguaína",17,"Tocantins","TO",1,"Norte"
1705557,"Combinado",17008,"Dianópolis",1702,"Oriental do Tocantins",170011,"Dianópolis",1703,"Gurupi",17,"Tocantins","TO",1,"Norte"
1705607,"Conceição do Tocantins",17008,"Dianópolis",1702,"Oriental do Tocantins",170011,"Dianópolis",1703,"Gurupi",17,"Tocantins","TO",1,"Norte"
1706001,"Couto Magalhães",17003,"Miracema do Tocantins",1701,"Ocidental do Tocantins",170006,"Guaraí",1702,"Araguaína",17,"Tocantins","TO",1,"Norte"
1706100,"Cristalândia",17004,"Rio Formoso",1701,"Ocidental do Tocantins",170003,"Paraíso do Tocantins",1701,"Palmas",17,"Tocantins","TO",1,"Norte"
1706258,"Crixás do Tocantins",17005,"Gurupi",1701,"Ocidental do Tocantins",170010,"Gurupi",1703,"Gurupi",17,"Tocantins","TO",1,"Norte"
1706506,"Darcinópolis",17001,"Bico do Papagaio",1701,"Ocidental do Tocantins",170005,"Araguaína",1702,"Araguaína",17,"Tocantins","TO",1,"Norte"
1707009,"Dianópolis",17008,"Dianópolis",1702,"Oriental do Tocantins",170011,"Dianópolis",1703,"Gurupi",17,"Tocantins","TO",1,"Norte"
1707108,"Divinópolis do Tocantins",17003,"Miracema do Tocantins",1701,"Ocidental do Tocantins",170003,"Paraíso do Tocantins",1701,"Palmas",17,"Tocantins","TO",1,"Norte"
1707207,"Dois Irmãos do Tocantins",17003,"Miracema do Tocantins",1701,"Ocidental do Tocantins",170004,"Miracema do Tocantins",1701,"Palmas",17,"Tocantins","TO",1,"Norte"
1707306,"Dueré",17004,"Rio Formoso",1701,"Ocidental do Tocantins",170010,"Gurupi",1703,"Gurupi",17,"Tocantins","TO",1,"Norte"
1707405,"Esperantina",17001,"Bico do Papagaio",1701,"Ocidental do Tocantins",170009,"Araguatins",1702,"Araguaína",17,"Tocantins","TO",1,"Norte"
1707553,"Fátima",17004,"Rio Formoso",1701,"Ocidental do Tocantins",170002,"Porto Nacional",1701,"Palmas",17,"Tocantins","TO",1,"Norte"
1707652,"Figueirópolis",17005,"Gurupi",1701,"Ocidental do Tocantins",170010,"Gurupi",1703,"Gurupi",17,"Tocantins","TO",1,"Norte"
1707702,"Filadélfia",17002,"Araguaína",1701,"Ocidental do Tocantins",170005,"Araguaína",1702,"Araguaína",17,"Tocantins","TO",1,"Norte"
1708205,"Formoso do Araguaia",17004,"Rio Formoso",1701,"Ocidental do Tocantins",170010,"Gurupi",1703,"Gurupi",17,"Tocantins","TO",1,"Norte"
1708254,"Tabocão",17003,"Miracema do Tocantins",1701,"Ocidental do Tocantins",170006,"Guaraí",1702,"Araguaína",17,"Tocantins","TO",1,"Norte"
1708304,"Goianorte",17003,"Miracema do Tocantins",1701,"Ocidental do Tocantins",170006,"Guaraí",1702,"Araguaína",17,"Tocantins","TO",1,"Norte"
1709005,"Goiatins",17007,"Jalapão",1702,"Oriental do Tocantins",170005,"Araguaína",1702,"Araguaína",17,"Tocantins","TO",1,"Norte"
1709302,"Guaraí",17003,"Miracema do Tocantins",1701,"Ocidental do Tocantins",170006,"Guaraí",1702,"Araguaína",17,"Tocantins","TO",1,"Norte"
1709500,"Gurupi",17005,"Gurupi",1701,"Ocidental do Tocantins",170010,"Gurupi",1703,"Gurupi",17,"Tocantins","TO",1,"Norte"
1709807,"Ipueiras",17006,"Porto Nacional",1702,"Oriental do Tocantins",170002,"Porto Nacional",1701,"Palmas",17,"Tocantins","TO",1,"Norte"
1710508,"Itacajá",17007,"Jalapão",1702,"Oriental do Tocantins",170007,"Colinas do Tocantins",1702,"Araguaína",17,"Tocantins","TO",1,"Norte"
1710706,"Itaguatins",17001,"Bico do Papagaio",1701,"Ocidental do Tocantins",170009,"Araguatins",1702,"Araguaína",17,"Tocantins","TO",1,"Norte"
1710904,"Itapiratins",17007,"Jalapão",1702,"Oriental do Tocantins",170007,"Colinas do Tocantins",1702,"Araguaína",17,"Tocantins","TO",1,"Norte"
1711100,"Itaporã do Tocantins",17003,"Miracema do Tocantins",1701,"Ocidental do Tocantins",170006,"Guaraí",1702,"Araguaína",17,"Tocantins","TO",1,"Norte"
1711506,"Jaú do Tocantins",17005,"Gurupi",1701,"Ocidental do Tocantins",170010,"Gurupi",1703,"Gurupi",17,"Tocantins","TO",1,"Norte"
1711803,"Juarina",17003,"Miracema do Tocantins",1701,"Ocidental do Tocantins",170007,"Colinas do Tocantins",1702,"Araguaína",17,"Tocantins","TO",1,"Norte"
1711902,"Lagoa da Confusão",17004,"Rio Formoso",1701,"Ocidental do Tocantins",170003,"Paraíso do Tocantins",1701,"Palmas",17,"Tocantins","TO",1,"Norte"
1711951,"Lagoa do Tocantins",17007,"Jalapão",1702,"Oriental do Tocantins",170001,"Palmas",1701,"Palmas",17,"Tocantins","TO",1,"Norte"
1712009,"Lajeado",17006,"Porto Nacional",1702,"Oriental do Tocantins",170001,"Palmas",1701,"Palmas",17,"Tocantins","TO",1,"Norte"
1712157,"Lavandeira",17008,"Dianópolis",1702,"Oriental do Tocantins",170011,"Dianópolis",1703,"Gurupi",17,"Tocantins","TO",1,"Norte"
1712405,"Lizarda",17007,"Jalapão",1702,"Oriental do Tocantins",170001,"Palmas",1701,"Palmas",17,"Tocantins","TO",1,"Norte"
1712454,"Luzinópolis",17001,"Bico do Papagaio",1701,"Ocidental do Tocantins",170008,"Tocantinópolis",1702,"Araguaína",17,"Tocantins","TO",1,"Norte"
1712504,"Marianópolis do Tocantins",17003,"Miracema do Tocantins",1701,"Ocidental do Tocantins",170003,"Paraíso do Tocantins",1701,"Palmas",17,"Tocantins","TO",1,"Norte"
1712702,"Mateiros",17007,"Jalapão",1702,"Oriental do Tocantins",170001,"Palmas",1701,"Palmas",17,"Tocantins","TO",1,"Norte"
1712801,"Maurilândia do Tocantins",17001,"Bico do Papagaio",1701,"Ocidental do Tocantins",170008,"Tocantinópolis",1702,"Araguaína",17,"Tocantins","TO",1,"Norte"
1713205,"Miracema do Tocantins",17003,"Miracema do Tocantins",1701,"Ocidental do Tocantins",170004,"Miracema do Tocantins",1701,"Palmas",17,"Tocantins","TO",1,"Norte"
1713304,"Miranorte",17003,"Miracema do Tocantins",1701,"Ocidental do Tocantins",170004,"Miracema do Tocantins",1701,"Palmas",17,"Tocantins","TO",1,"Norte"
1713601,"Monte do Carmo",17006,"Porto Nacional",1702,"Oriental do Tocantins",170002,"Porto Nacional",1701,"Palmas",17,"Tocantins","TO",1,"Norte"
1713700,"Monte Santo do Tocantins",17003,"Miracema do Tocantins",1701,"Ocidental do Tocantins",170003,"Paraíso do Tocantins",1701,"Palmas",17,"Tocantins","TO",1,"Norte"
1713809,"Palmeiras do Tocantins",17001,"Bico do Papagaio",1701,"Ocidental do Tocantins",170008,"Tocantinópolis",1702,"Araguaína",17,"Tocantins","TO",1,"Norte"
1713957,"Muricilândia",17002,"Araguaína",1701,"Ocidental do Tocantins",170005,"Araguaína",1702,"Araguaína",17,"Tocantins","TO",1,"Norte"
1714203,"Natividade",17008,"Dianópolis",1702,"Oriental do Tocantins",170002,"Porto Nacional",1701,"Palmas",17,"Tocantins","TO",1,"Norte"
1714302,"Nazaré",17001,"Bico do Papagaio",1701,"Ocidental do Tocantins",170008,"Tocantinópolis",1702,"Araguaína",17,"Tocantins","TO",1,"Norte"
1714880,"Nova Olinda",17002,"Araguaína",1701,"Ocidental do Tocantins",170005,"Araguaína",1702,"Araguaína",17,"Tocantins","TO",1,"Norte"
1715002,"Nova Rosalândia",17004,"Rio Formoso",1701,"Ocidental do Tocantins",170003,"Paraíso do Tocantins",1701,"Palmas",17,"Tocantins","TO",1,"Norte"
1715101,"Novo Acordo",17007,"Jalapão",1702,"Oriental do Tocantins",170001,"Palmas",1701,"Palmas",17,"Tocantins","TO",1,"Norte"
1715150,"Novo Alegre",17008,"Dianópolis",1702,"Oriental do Tocantins",170011,"Dianópolis",1703,"Gurupi",17,"Tocantins","TO",1,"Norte"
1715259,"Novo Jardim",17008,"Dianópolis",1702,"Oriental do Tocantins",170011,"Dianópolis",1703,"Gurupi",17,"Tocantins","TO",1,"Norte"
1715507,"Oliveira de Fátima",17004,"Rio Formoso",1701,"Ocidental do Tocantins",170002,"Porto Nacional",1701,"Palmas",17,"Tocantins","TO",1,"Norte"
1715705,"Palmeirante",17002,"Araguaína",1701,"Ocidental do Tocantins",170007,"Colinas do Tocantins",1702,"Araguaína",17,"Tocantins","TO",1,"Norte"
1715754,"Palmeirópolis",17005,"Gurupi",1701,"Ocidental do Tocantins",170010,"Gurupi",1703,"Gurupi",17,"Tocantins","TO",1,"Norte"
1716109,"Paraíso do Tocantins",17004,"Rio Formoso",1701,"Ocidental do Tocantins",170003,"Paraíso do Tocantins",1701,"Palmas",17,"Tocantins","TO",1,"Norte"
1716208,"Paranã",17008,"Dianópolis",1702,"Oriental do Tocantins",170010,"Gurupi",1703,"Gurupi",17,"Tocantins","TO",1,"Norte"
1716307,"Pau D'Arco",17002,"Araguaína",1701,"Ocidental do Tocantins",170005,"Araguaína",1702,"Araguaína",17,"Tocantins","TO",1,"Norte"
1716505,"Pedro Afonso",17006,"Porto Nacional",1702,"Oriental do Tocantins",170006,"Guaraí",1702,"Araguaína",17,"Tocantins","TO",1,"Norte"
1716604,"Peixe",17005,"Gurupi",1701,"Ocidental do Tocantins",170010,"Gurupi",1703,"Gurupi",17,"Tocantins","TO",1,"Norte"
1716653,"Pequizeiro",17003,"Miracema do Tocantins",1701,"Ocidental do Tocantins",170006,"Guaraí",1702,"Araguaína",17,"Tocantins","TO",1,"Norte"
1716703,"Colméia",17003,"Miracema do Tocantins",1701,"Ocidental do Tocantins",170006,"Guaraí",1702,"Araguaína",17,"Tocantins","TO",1,"Norte"
1717008,"Pindorama do Tocantins",17008,"Dianópolis",1702,"Oriental do Tocantins",170002,"Porto Nacional",1701,"Palmas",17,"Tocantins","TO",1,"Norte"
1717206,"Piraquê",17002,"Araguaína",1701,"Ocidental do Tocantins",170005,"Araguaína",1702,"Araguaína",17,"Tocantins","TO",1,"Norte"
1717503,"Pium",17004,"Rio Formoso",1701,"Ocidental do Tocantins",170003,"Paraíso do Tocantins",1701,"Palmas",17,"Tocantins","TO",1,"Norte"
1717800,"Ponte Alta do Bom Jesus",17008,"Dianópolis",1702,"Oriental do Tocantins",170011,"Dianópolis",1703,"Gurupi",17,"Tocantins","TO",1,"Norte"
1717909,"Ponte Alta do Tocantins",17007,"Jalapão",1702,"Oriental do Tocantins",170002,"Porto Nacional",1701,"Palmas",17,"Tocantins","TO",1,"Norte"
1718006,"Porto Alegre do Tocantins",17008,"Dianópolis",1702,"Oriental do Tocantins",170011,"Dianópolis",1703,"Gurupi",17,"Tocantins","TO",1,"Norte"
1718204,"Porto Nacional",17006,"Porto Nacional",1702,"Oriental do Tocantins",170002,"Porto Nacional",1701,"Palmas",17,"Tocantins","TO",1,"Norte"
1718303,"Praia Norte",17001,"Bico do Papagaio",1701,"Ocidental do Tocantins",170009,"Araguatins",1702,"Araguaína",17,"Tocantins","TO",1,"Norte"
1718402,"Presidente Kennedy",17003,"Miracema do Tocantins",1701,"Ocidental do Tocantins",170006,"Guaraí",1702,"Araguaína",17,"Tocantins","TO",1,"Norte"
1718451,"Pugmil",17004,"Rio Formoso",1701,"Ocidental do Tocantins",170003,"Paraíso do Tocantins",1701,"Palmas",17,"Tocantins","TO",1,"Norte"
1718501,"Recursolândia",17007,"Jalapão",1702,"Oriental do Tocantins",170006,"Guaraí",1702,"Araguaína",17,"Tocantins","TO",1,"Norte"
1718550,"Riachinho",17001,"Bico do Papagaio",1701,"Ocidental do Tocantins",170005,"Araguaína",1702,"Araguaína",17,"Tocantins","TO",1,"Norte"
1718659,"Rio da Conceição",17008,"Dianópolis",1702,"Oriental do Tocantins",170011,"Dianópolis",1703,"Gurupi",17,"Tocantins","TO",1,"Norte"
1718709,"Rio dos Bois",17003,"Miracema do Tocantins",1701,"Ocidental do Tocantins",170004,"Miracema do Tocantins",1701,"Palmas",17,"Tocantins","TO",1,"Norte"
1718758,"Rio Sono",17007,"Jalapão",1702,"Oriental do Tocantins",170001,"Palmas",1701,"Palmas",17,"Tocantins","TO",1,"Norte"
1718808,"Sampaio",17001,"Bico do Papagaio",1701,"Ocidental do Tocantins",170009,"Araguatins",1702,"Araguaína",17,"Tocantins","TO",1,"Norte"
1718840,"Sandolândia",17004,"Rio Formoso",1701,"Ocidental do Tocantins",170010,"Gurupi",1703,"Gurupi",17,"Tocantins","TO",1,"Norte"
1718865,"Santa Fé do Araguaia",17002,"Araguaína",1701,"Ocidental do Tocantins",170005,"Araguaína",1702,"Araguaína",17,"Tocantins","TO",1,"Norte"
1718881,"Santa Maria do Tocantins",17006,"Porto Nacional",1702,"Oriental do Tocantins",170006,"Guaraí",1702,"Araguaína",17,"Tocantins","TO",1,"Norte"
1718899,"Santa Rita do Tocantins",17005,"Gurupi",1701,"Ocidental do Tocantins",170002,"Porto Nacional",1701,"Palmas",17,"Tocantins","TO",1,"Norte"
1718907,"Santa Rosa do Tocantins",17008,"Dianópolis",1702,"Oriental do Tocantins",170002,"Porto Nacional",1701,"Palmas",17,"Tocantins","TO",1,"Norte"
1719004,"Santa Tereza do Tocantins",17007,"Jalapão",1702,"Oriental do Tocantins",170001,"Palmas",1701,"Palmas",17,"Tocantins","TO",1,"Norte"
1720002,"Santa Terezinha do Tocantins",17001,"Bico do Papagaio",1701,"Ocidental do Tocantins",170008,"Tocantinópolis",1702,"Araguaína",17,"Tocantins","TO",1,"Norte"
1720101,"São Bento do Tocantins",17001,"Bico do Papagaio",1701,"Ocidental do Tocantins",170009,"Araguatins",1702,"Araguaína",17,"Tocantins","TO",1,"Norte"
1720150,"São Félix do Tocantins",17007,"Jalapão",1702,"Oriental do Tocantins",170001,"Palmas",1701,"Palmas",17,"Tocantins","TO",1,"Norte"
1720200,"São Miguel do Tocantins",17001,"Bico do Papagaio",1701,"Ocidental do Tocantins",170009,"Araguatins",1702,"Araguaína",17,"Tocantins","TO",1,"Norte"
1720259,"São Salvador do Tocantins",17005,"Gurupi",1701,"Ocidental do Tocantins",170010,"Gurupi",1703,"Gurupi",17,"Tocantins","TO",1,"Norte"
1720309,"São Sebastião do Tocantins",17001,"Bico do Papagaio",1701,"Ocidental do Tocantins",170009,"Araguatins",1702,"Araguaína",17,"Tocantins","TO",1,"Norte"
1720499,"São Valério",17008,"Dianópolis",1702,"Oriental do Tocantins",170010,"Gurupi",1703,"Gurupi",17,"Tocantins","TO",1,"Norte"
1720655,"Silvanópolis",17006,"Porto Nacional",1702,"Oriental do Tocantins",170002,"Porto Nacional",1701,"Palmas",17,"Tocantins","TO",1,"Norte"
1720804,"Sítio Novo do Tocantins",17001,"Bico do Papagaio",1701,"Ocidental do Tocantins",170009,"Araguatins",1702,"Araguaína",17,"Tocantins","TO",1,"Norte"
1720853,"Sucupira",17005,"Gurupi",1701,"Ocidental do Tocantins",170010,"Gurupi",1703,"Gurupi",17,"Tocantins","TO",1,"Norte"
1720903,"Taguatinga",17008,"Dianópolis",1702,"Oriental do Tocantins",170011,"Dianópolis",1703,"Gurupi",17,"Tocantins","TO",1,"Norte"
1720937,"Taipas do Tocantins",17008,"Dianópolis",1702,"Oriental do Tocantins",170011,"Dianópolis",1703,"Gurupi",17,"Tocantins","TO",1,"Norte"
1720978,"Talismã",17005,"Gurupi",1701,"Ocidental do Tocantins",170010,"Gurupi",1703,"Gurupi",17,"Tocantins","TO",1,"Norte"
1721000,"Palmas",17006,"Porto Nacional",1702,"Oriental do Tocantins",170001,"Palmas",1701,"Palmas",17,"Tocantins","TO",1,"Norte"
1721109,"Tocantínia",17006,"Porto Nacional",1702,"Oriental do Tocantins",170004,"Miracema do Tocantins",1701,"Palmas",17,"Tocantins","TO",1,"Norte"
1721208,"Tocantinópolis",17001,"Bico do Papagaio",1701,"Ocidental do Tocantins",170008,"Tocantinópolis",1702,"Araguaína",17,"Tocantins","TO",1,"Norte"
1721257,"Tupirama",17003,"Miracema do Tocantins",1701,"Ocidental do Tocantins",170006,"Guaraí",1702,"Araguaína",17,"Tocantins","TO",1,"Norte"
1721307,"Tupiratins",17003,"Miracema do Tocantins",1701,"Ocidental do Tocantins",170007,"Colinas do Tocantins",1702,"Araguaína",17,"Tocantins","TO",1,"Norte"
1722081,"Wanderlândia",17002,"Araguaína",1701,"Ocidental do Tocantins",170005,"Araguaína",1702,"Araguaína",17,"Tocantins","TO",1,"Norte"
1722107,"Xambioá",17002,"Araguaína",1701,"Ocidental do Tocantins",170005,"Araguaína",1702,"Araguaína",17,"Tocantins","TO",1,"Norte"
2100055,"Açailândia",21009,"Imperatriz",2102,"Oeste Maranhense",210021,"Açailândia",2105,"Imperatriz",21,"Maranhão","MA",2,"Nordeste"
2100105,"Afonso Cunha",21016,"Coelho Neto",2104,"Leste Maranhense",210013,"Caxias",2103,"Caxias",21,"Maranhão","MA",2,"Nordeste"
2100154,"Água Doce do Maranhão",21013,"Baixo Parnaíba Maranhense",2104,"Leste Maranhense",210007,"Tutóia - Araioses",2101,"São Luís",21,"Maranhão","MA",2,"Nordeste"
2100204,"Alcântara",21001,"Litoral Ocidental Maranhense",2101,"Norte Maranhense",210001,"São Luís",2101,"São Luís",21,"Maranhão","MA",2,"Nordeste"
2100303,"Aldeias Altas",21016,"Coelho Neto",2104,"Leste Maranhense",210013,"Caxias",2103,"Caxias",21,"Maranhão","MA",2,"Nordeste"
2100402,"Altamira do Maranhão",21008,"Pindaré",2102,"Oeste Maranhense",210010,"Bacabal",2102,"Santa Inês - Bacabal",21,"Maranhão","MA",2,"Nordeste"
2100436,"Alto Alegre do Maranhão",21015,"Codó",2104,"Leste Maranhense",210010,"Bacabal",2102,"Santa Inês - Bacabal",21,"Maranhão","MA",2,"Nordeste"
2100477,"Alto Alegre do Pindaré",21008,"Pindaré",2102,"Oeste Maranhense",210009,"Santa Inês",2102,"Santa Inês - Bacabal",21,"Maranhão","MA",2,"Nordeste"
2100501,"Alto Parnaíba",21020,"Gerais de Balsas",2105,"Sul Maranhense",210022,"Balsas",2105,"Imperatriz",21,"Maranhão","MA",2,"Nordeste"
2100550,"Amapá do Maranhão",21007,"Gurupi",2102,"Oeste Maranhense",210011,"Governador Nunes Freire",2102,"Santa Inês - Bacabal",21,"Maranhão","MA",2,"Nordeste"
2100600,"Amarante do Maranhão",21009,"Imperatriz",2102,"Oeste Maranhense",210019,"Imperatriz",2105,"Imperatriz",21,"Maranhão","MA",2,"Nordeste"
2100709,"Anajatuba",21005,"Baixada Maranhense",2101,"Norte Maranhense",210004,"Itapecuru Mirim",2101,"São Luís",21,"Maranhão","MA",2,"Nordeste"
2100808,"Anapurus",21014,"Chapadinha",2104,"Leste Maranhense",210003,"Chapadinha",2101,"São Luís",21,"Maranhão","MA",2,"Nordeste"
2100832,"Apicum-Açu",21001,"Litoral Ocidental Maranhense",2101,"Norte Maranhense",210008,"Cururupu",2101,"São Luís",21,"Maranhão","MA",2,"Nordeste"
2100873,"Araguanã",21008,"Pindaré",2102,"Oeste Maranhense",210009,"Santa Inês",2102,"Santa Inês - Bacabal",21,"Maranhão","MA",2,"Nordeste"
2100907,"Araioses",21013,"Baixo Parnaíba Maranhense",2104,"Leste Maranhense",210007,"Tutóia - Araioses",2101,"São Luís",21,"Maranhão","MA",2,"Nordeste"
2100956,"Arame",21011,"Alto Mearim e Grajaú",2103,"Centro Maranhense",210020,"Barra do Corda",2105,"Imperatriz",21,"Maranhão","MA",2,"Nordeste"
2101004,"Arari",21005,"Baixada Maranhense",2101,"Norte Maranhense",210005,"Viana",2101,"São Luís",21,"Maranhão","MA",2,"Nordeste"
2101103,"Axixá",21003,"Rosário",2101,"Norte Maranhense",210001,"São Luís",2101,"São Luís",21,"Maranhão","MA",2,"Nordeste"
2101202,"Bacabal",21010,"Médio Mearim",2103,"Centro Maranhense",210010,"Bacabal",2102,"Santa Inês - Bacabal",21,"Maranhão","MA",2,"Nordeste"
2101251,"Bacabeira",21003,"Rosário",2101,"Norte Maranhense",210001,"São Luís",2101,"São Luís",21,"Maranhão","MA",2,"Nordeste"
2101301,"Bacuri",21001,"Litoral Ocidental Maranhense",2101,"Norte Maranhense",210008,"Cururupu",2101,"São Luís",21,"Maranhão","MA",2,"Nordeste"
2101350,"Bacurituba",21001,"Litoral Ocidental Maranhense",2101,"Norte Maranhense",210002,"Pinheiro",2101,"São Luís",21,"Maranhão","MA",2,"Nordeste"
2101400,"Balsas",21020,"Gerais de Balsas",2105,"Sul Maranhense",210022,"Balsas",2105,"Imperatriz",21,"Maranhão","MA",2,"Nordeste"
2101509,"Barão de Grajaú",21018,"Chapadas do Alto Itapecuru",2104,"Leste Maranhense",210017,"São João dos Patos",2104,"Presidente Dutra",21,"Maranhão","MA",2,"Nordeste"
2101608,"Barra do Corda",21011,"Alto Mearim e Grajaú",2103,"Centro Maranhense",210020,"Barra do Corda",2105,"Imperatriz",21,"Maranhão","MA",2,"Nordeste"
2101707,"Barreirinhas",21004,"Lençóis Maranhenses",2101,"Norte Maranhense",210006,"Barreirinhas",2101,"São Luís",21,"Maranhão","MA",2,"Nordeste"
2101731,"Belágua",21014,"Chapadinha",2104,"Leste Maranhense",210003,"Chapadinha",2101,"São Luís",21,"Maranhão","MA",2,"Nordeste"
2101772,"Bela Vista do Maranhão",21005,"Baixada Maranhense",2101,"Norte Maranhense",210009,"Santa Inês",2102,"Santa Inês - Bacabal",21,"Maranhão","MA",2,"Nordeste"
2101806,"Benedito Leite",21021,"Chapadas das Mangabeiras",2105,"Sul Maranhense",210017,"São João dos Patos",2104,"Presidente Dutra",21,"Maranhão","MA",2,"Nordeste"
2101905,"Bequimão",21001,"Litoral Ocidental Maranhense",2101,"Norte Maranhense",210002,"Pinheiro",2101,"São Luís",21,"Maranhão","MA",2,"Nordeste"
2101939,"Bernardo do Mearim",21010,"Médio Mearim",2103,"Centro Maranhense",210012,"Pedreiras",2102,"Santa Inês - Bacabal",21,"Maranhão","MA",2,"Nordeste"
2101970,"Boa Vista do Gurupi",21007,"Gurupi",2102,"Oeste Maranhense",210011,"Governador Nunes Freire",2102,"Santa Inês - Bacabal",21,"Maranhão","MA",2,"Nordeste"
2102002,"Bom Jardim",21008,"Pindaré",2102,"Oeste Maranhense",210009,"Santa Inês",2102,"Santa Inês - Bacabal",21,"Maranhão","MA",2,"Nordeste"
2102036,"Bom Jesus das Selvas",21008,"Pindaré",2102,"Oeste Maranhense",210021,"Açailândia",2105,"Imperatriz",21,"Maranhão","MA",2,"Nordeste"
2102077,"Bom Lugar",21010,"Médio Mearim",2103,"Centro Maranhense",210010,"Bacabal",2102,"Santa Inês - Bacabal",21,"Maranhão","MA",2,"Nordeste"
2102101,"Brejo",21014,"Chapadinha",2104,"Leste Maranhense",210003,"Chapadinha",2101,"São Luís",21,"Maranhão","MA",2,"Nordeste"
2102150,"Brejo de Areia",21008,"Pindaré",2102,"Oeste Maranhense",210010,"Bacabal",2102,"Santa Inês - Bacabal",21,"Maranhão","MA",2,"Nordeste"
2102200,"Buriti",21014,"Chapadinha",2104,"Leste Maranhense",210003,"Chapadinha",2101,"São Luís",21,"Maranhão","MA",2,"Nordeste"
2102309,"Buriti Bravo",21017,"Caxias",2104,"Leste Maranhense",210014,"Timon",2103,"Caxias",21,"Maranhão","MA",2,"Nordeste"
2102325,"Buriticupu",21008,"Pindaré",2102,"Oeste Maranhense",210021,"Açailândia",2105,"Imperatriz",21,"Maranhão","MA",2,"Nordeste"
2102358,"Buritirana",21009,"Imperatriz",2102,"Oeste Maranhense",210019,"Imperatriz",2105,"Imperatriz",21,"Maranhão","MA",2,"Nordeste"
2102374,"Cachoeira Grande",21003,"Rosário",2101,"Norte Maranhense",210001,"São Luís",2101,"São Luís",21,"Maranhão","MA",2,"Nordeste"
2102408,"Cajapió",21001,"Litoral Ocidental Maranhense",2101,"Norte Maranhense",210005,"Viana",2101,"São Luís",21,"Maranhão","MA",2,"Nordeste"
2102507,"Cajari",21005,"Baixada Maranhense",2101,"Norte Maranhense",210005,"Viana",2101,"São Luís",21,"Maranhão","MA",2,"Nordeste"
2102556,"Campestre do Maranhão",21019,"Porto Franco",2105,"Sul Maranhense",210019,"Imperatriz",2105,"Imperatriz",21,"Maranhão","MA",2,"Nordeste"
2102606,"Cândido Mendes",21007,"Gurupi",2102,"Oeste Maranhense",210011,"Governador Nunes Freire",2102,"Santa Inês - Bacabal",21,"Maranhão","MA",2,"Nordeste"
2102705,"Cantanhede",21006,"Itapecuru Mirim",2101,"Norte Maranhense",210004,"Itapecuru Mirim",2101,"São Luís",21,"Maranhão","MA",2,"Nordeste"
2102754,"Capinzal do Norte",21015,"Codó",2104,"Leste Maranhense",210012,"Pedreiras",2102,"Santa Inês - Bacabal",21,"Maranhão","MA",2,"Nordeste"
2102804,"Carolina",21019,"Porto Franco",2105,"Sul Maranhense",210022,"Balsas",2105,"Imperatriz",21,"Maranhão","MA",2,"Nordeste"
2102903,"Carutapera",21007,"Gurupi",2102,"Oeste Maranhense",210011,"Governador Nunes Freire",2102,"Santa Inês - Bacabal",21,"Maranhão","MA",2,"Nordeste"
2103000,"Caxias",21017,"Caxias",2104,"Leste Maranhense",210013,"Caxias",2103,"Caxias",21,"Maranhão","MA",2,"Nordeste"
2103109,"Cedral",21001,"Litoral Ocidental Maranhense",2101,"Norte Maranhense",210008,"Cururupu",2101,"São Luís",21,"Maranhão","MA",2,"Nordeste"
2103125,"Central do Maranhão",21001,"Litoral Ocidental Maranhense",2101,"Norte Maranhense",210008,"Cururupu",2101,"São Luís",21,"Maranhão","MA",2,"Nordeste"
2103158,"Centro do Guilherme",21007,"Gurupi",2102,"Oeste Maranhense",210011,"Governador Nunes Freire",2102,"Santa Inês - Bacabal",21,"Maranhão","MA",2,"Nordeste"
2103174,"Centro Novo do Maranhão",21007,"Gurupi",2102,"Oeste Maranhense",210011,"Governador Nunes Freire",2102,"Santa Inês - Bacabal",21,"Maranhão","MA",2,"Nordeste"
2103208,"Chapadinha",21014,"Chapadinha",2104,"Leste Maranhense",210003,"Chapadinha",2101,"São Luís",21,"Maranhão","MA",2,"Nordeste"
2103257,"Cidelândia",21009,"Imperatriz",2102,"Oeste Maranhense",210019,"Imperatriz",2105,"Imperatriz",21,"Maranhão","MA",2,"Nordeste"
2103307,"Codó",21015,"Codó",2104,"Leste Maranhense",210015,"Codó",2103,"Caxias",21,"Maranhão","MA",2,"Nordeste"
2103406,"Coelho Neto",21016,"Coelho Neto",2104,"Leste Maranhense",210013,"Caxias",2103,"Caxias",21,"Maranhão","MA",2,"Nordeste"
2103505,"Colinas",21018,"Chapadas do Alto Itapecuru",2104,"Leste Maranhense",210018,"Colinas",2104,"Presidente Dutra",21,"Maranhão","MA",2,"Nordeste"
2103554,"Conceição do Lago-Açu",21005,"Baixada Maranhense",2101,"Norte Maranhense",210010,"Bacabal",2102,"Santa Inês - Bacabal",21,"Maranhão","MA",2,"Nordeste"
2103604,"Coroatá",21015,"Codó",2104,"Leste Maranhense",210015,"Codó",2103,"Caxias",21,"Maranhão","MA",2,"Nordeste"
2103703,"Cururupu",21001,"Litoral Ocidental Maranhense",2101,"Norte Maranhense",210008,"Cururupu",2101,"São Luís",21,"Maranhão","MA",2,"Nordeste"
2103752,"Davinópolis",21009,"Imperatriz",2102,"Oeste Maranhense",210019,"Imperatriz",2105,"Imperatriz",21,"Maranhão","MA",2,"Nordeste"
2103802,"Dom Pedro",21012,"Presidente Dutra",2103,"Centro Maranhense",210016,"Presidente Dutra",2104,"Presidente Dutra",21,"Maranhão","MA",2,"Nordeste"
2103901,"Duque Bacelar",21016,"Coelho Neto",2104,"Leste Maranhense",210013,"Caxias",2103,"Caxias",21,"Maranhão","MA",2,"Nordeste"
2104008,"Esperantinópolis",21010,"Médio Mearim",2103,"Centro Maranhense",210012,"Pedreiras",2102,"Santa Inês - Bacabal",21,"Maranhão","MA",2,"Nordeste"
2104057,"Estreito",21019,"Porto Franco",2105,"Sul Maranhense",210019,"Imperatriz",2105,"Imperatriz",21,"Maranhão","MA",2,"Nordeste"
2104073,"Feira Nova do Maranhão",21020,"Gerais de Balsas",2105,"Sul Maranhense",210022,"Balsas",2105,"Imperatriz",21,"Maranhão","MA",2,"Nordeste"
2104081,"Fernando Falcão",21011,"Alto Mearim e Grajaú",2103,"Centro Maranhense",210020,"Barra do Corda",2105,"Imperatriz",21,"Maranhão","MA",2,"Nordeste"
2104099,"Formosa da Serra Negra",21011,"Alto Mearim e Grajaú",2103,"Centro Maranhense",210020,"Barra do Corda",2105,"Imperatriz",21,"Maranhão","MA",2,"Nordeste"
2104107,"Fortaleza dos Nogueiras",21021,"Chapadas das Mangabeiras",2105,"Sul Maranhense",210022,"Balsas",2105,"Imperatriz",21,"Maranhão","MA",2,"Nordeste"
2104206,"Fortuna",21012,"Presidente Dutra",2103,"Centro Maranhense",210016,"Presidente Dutra",2104,"Presidente Dutra",21,"Maranhão","MA",2,"Nordeste"
2104305,"Godofredo Viana",21007,"Gurupi",2102,"Oeste Maranhense",210011,"Governador Nunes Freire",2102,"Santa Inês - Bacabal",21,"Maranhão","MA",2,"Nordeste"
2104404,"Gonçalves Dias",21012,"Presidente Dutra",2103,"Centro Maranhense",210016,"Presidente Dutra",2104,"Presidente Dutra",21,"Maranhão","MA",2,"Nordeste"
2104503,"Governador Archer",21012,"Presidente Dutra",2103,"Centro Maranhense",210016,"Presidente Dutra",2104,"Presidente Dutra",21,"Maranhão","MA",2,"Nordeste"
2104552,"Governador Edison Lobão",21009,"Imperatriz",2102,"Oeste Maranhense",210019,"Imperatriz",2105,"Imperatriz",21,"Maranhão","MA",2,"Nordeste"
2104602,"Governador Eugênio Barros",21012,"Presidente Dutra",2103,"Centro Maranhense",210016,"Presidente Dutra",2104,"Presidente Dutra",21,"Maranhão","MA",2,"Nordeste"
2104628,"Governador Luiz Rocha",21012,"Presidente Dutra",2103,"Centro Maranhense",210016,"Presidente Dutra",2104,"Presidente Dutra",21,"Maranhão","MA",2,"Nordeste"
2104651,"Governador Newton Bello",21008,"Pindaré",2102,"Oeste Maranhense",210009,"Santa Inês",2102,"Santa Inês - Bacabal",21,"Maranhão","MA",2,"Nordeste"
2104677,"Governador Nunes Freire",21007,"Gurupi",2102,"Oeste Maranhense",210011,"Governador Nunes Freire",2102,"Santa Inês - Bacabal",21,"Maranhão","MA",2,"Nordeste"
2104701,"Graça Aranha",21012,"Presidente Dutra",2103,"Centro Maranhense",210016,"Presidente Dutra",2104,"Presidente Dutra",21,"Maranhão","MA",2,"Nordeste"
2104800,"Grajaú",21011,"Alto Mearim e Grajaú",2103,"Centro Maranhense",210020,"Barra do Corda",2105,"Imperatriz",21,"Maranhão","MA",2,"Nordeste"
2104909,"Guimarães",21001,"Litoral Ocidental Maranhense",2101,"Norte Maranhense",210008,"Cururupu",2101,"São Luís",21,"Maranhão","MA",2,"Nordeste"
2105005,"Humberto de Campos",21004,"Lençóis Maranhenses",2101,"Norte Maranhense",210006,"Barreirinhas",2101,"São Luís",21,"Maranhão","MA",2,"Nordeste"
2105104,"Icatu",21003,"Rosário",2101,"Norte Maranhense",210001,"São Luís",2101,"São Luís",21,"Maranhão","MA",2,"Nordeste"
2105153,"Igarapé do Meio",21005,"Baixada Maranhense",2101,"Norte Maranhense",210009,"Santa Inês",2102,"Santa Inês - Bacabal",21,"Maranhão","MA",2,"Nordeste"
2105203,"Igarapé Grande",21010,"Médio Mearim",2103,"Centro Maranhense",210012,"Pedreiras",2102,"Santa Inês - Bacabal",21,"Maranhão","MA",2,"Nordeste"
2105302,"Imperatriz",21009,"Imperatriz",2102,"Oeste Maranhense",210019,"Imperatriz",2105,"Imperatriz",21,"Maranhão","MA",2,"Nordeste"
2105351,"Itaipava do Grajaú",21011,"Alto Mearim e Grajaú",2103,"Centro Maranhense",210020,"Barra do Corda",2105,"Imperatriz",21,"Maranhão","MA",2,"Nordeste"
2105401,"Itapecuru Mirim",21006,"Itapecuru Mirim",2101,"Norte Maranhense",210004,"Itapecuru Mirim",2101,"São Luís",21,"Maranhão","MA",2,"Nordeste"
2105427,"Itinga do Maranhão",21009,"Imperatriz",2102,"Oeste Maranhense",210021,"Açailândia",2105,"Imperatriz",21,"Maranhão","MA",2,"Nordeste"
2105450,"Jatobá",21018,"Chapadas do Alto Itapecuru",2104,"Leste Maranhense",210018,"Colinas",2104,"Presidente Dutra",21,"Maranhão","MA",2,"Nordeste"
2105476,"Jenipapo dos Vieiras",21011,"Alto Mearim e Grajaú",2103,"Centro Maranhense",210020,"Barra do Corda",2105,"Imperatriz",21,"Maranhão","MA",2,"Nordeste"
2105500,"João Lisboa",21009,"Imperatriz",2102,"Oeste Maranhense",210019,"Imperatriz",2105,"Imperatriz",21,"Maranhão","MA",2,"Nordeste"
2105609,"Joselândia",21011,"Alto Mearim e Grajaú",2103,"Centro Maranhense",210012,"Pedreiras",2102,"Santa Inês - Bacabal",21,"Maranhão","MA",2,"Nordeste"
2105658,"Junco do Maranhão",21007,"Gurupi",2102,"Oeste Maranhense",210011,"Governador Nunes Freire",2102,"Santa Inês - Bacabal",21,"Maranhão","MA",2,"Nordeste"
2105708,"Lago da Pedra",21008,"Pindaré",2102,"Oeste Maranhense",210010,"Bacabal",2102,"Santa Inês - Bacabal",21,"Maranhão","MA",2,"Nordeste"
2105807,"Lago do Junco",21010,"Médio Mearim",2103,"Centro Maranhense",210012,"Pedreiras",2102,"Santa Inês - Bacabal",21,"Maranhão","MA",2,"Nordeste"
2105906,"Lago Verde",21010,"Médio Mearim",2103,"Centro Maranhense",210010,"Bacabal",2102,"Santa Inês - Bacabal",21,"Maranhão","MA",2,"Nordeste"
2105922,"Lagoa do Mato",21018,"Chapadas do Alto Itapecuru",2104,"Leste Maranhense",210017,"São João dos Patos",2104,"Presidente Dutra",21,"Maranhão","MA",2,"Nordeste"
2105948,"Lago dos Rodrigues",21010,"Médio Mearim",2103,"Centro Maranhense",210012,"Pedreiras",2102,"Santa Inês - Bacabal",21,"Maranhão","MA",2,"Nordeste"
2105963,"Lagoa Grande do Maranhão",21008,"Pindaré",2102,"Oeste Maranhense",210010,"Bacabal",2102,"Santa Inês - Bacabal",21,"Maranhão","MA",2,"Nordeste"
2105989,"Lajeado Novo",21009,"Imperatriz",2102,"Oeste Maranhense",210019,"Imperatriz",2105,"Imperatriz",21,"Maranhão","MA",2,"Nordeste"
2106003,"Lima Campos",21010,"Médio Mearim",2103,"Centro Maranhense",210012,"Pedreiras",2102,"Santa Inês - Bacabal",21,"Maranhão","MA",2,"Nordeste"
2106102,"Loreto",21021,"Chapadas das Mangabeiras",2105,"Sul Maranhense",210022,"Balsas",2105,"Imperatriz",21,"Maranhão","MA",2,"Nordeste"
2106201,"Luís Domingues",21007,"Gurupi",2102,"Oeste Maranhense",210011,"Governador Nunes Freire",2102,"Santa Inês - Bacabal",21,"Maranhão","MA",2,"Nordeste"
2106300,"Magalhães de Almeida",21013,"Baixo Parnaíba Maranhense",2104,"Leste Maranhense",210007,"Tutóia - Araioses",2101,"São Luís",21,"Maranhão","MA",2,"Nordeste"
2106326,"Maracaçumé",21007,"Gurupi",2102,"Oeste Maranhense",210011,"Governador Nunes Freire",2102,"Santa Inês - Bacabal",21,"Maranhão","MA",2,"Nordeste"
2106359,"Marajá do Sena",21008,"Pindaré",2102,"Oeste Maranhense",210010,"Bacabal",2102,"Santa Inês - Bacabal",21,"Maranhão","MA",2,"Nordeste"
2106375,"Maranhãozinho",21007,"Gurupi",2102,"Oeste Maranhense",210011,"Governador Nunes Freire",2102,"Santa Inês - Bacabal",21,"Maranhão","MA",2,"Nordeste"
2106409,"Mata Roma",21014,"Chapadinha",2104,"Leste Maranhense",210003,"Chapadinha",2101,"São Luís",21,"Maranhão","MA",2,"Nordeste"
2106508,"Matinha",21005,"Baixada Maranhense",2101,"Norte Maranhense",210005,"Viana",2101,"São Luís",21,"Maranhão","MA",2,"Nordeste"
2106607,"Matões",21017,"Caxias",2104,"Leste Maranhense",210014,"Timon",2103,"Caxias",21,"Maranhão","MA",2,"Nordeste"
2106631,"Matões do Norte",21006,"Itapecuru Mirim",2101,"Norte Maranhense",210004,"Itapecuru Mirim",2101,"São Luís",21,"Maranhão","MA",2,"Nordeste"
2106672,"Milagres do Maranhão",21014,"Chapadinha",2104,"Leste Maranhense",210003,"Chapadinha",2101,"São Luís",21,"Maranhão","MA",2,"Nordeste"
2106706,"Mirador",21018,"Chapadas do Alto Itapecuru",2104,"Leste Maranhense",210018,"Colinas",2104,"Presidente Dutra",21,"Maranhão","MA",2,"Nordeste"
2106755,"Miranda do Norte",21006,"Itapecuru Mirim",2101,"Norte Maranhense",210004,"Itapecuru Mirim",2101,"São Luís",21,"Maranhão","MA",2,"Nordeste"
2106805,"Mirinzal",21001,"Litoral Ocidental Maranhense",2101,"Norte Maranhense",210008,"Cururupu",2101,"São Luís",21,"Maranhão","MA",2,"Nordeste"
2106904,"Monção",21005,"Baixada Maranhense",2101,"Norte Maranhense",210009,"Santa Inês",2102,"Santa Inês - Bacabal",21,"Maranhão","MA",2,"Nordeste"
2107001,"Montes Altos",21009,"Imperatriz",2102,"Oeste Maranhense",210019,"Imperatriz",2105,"Imperatriz",21,"Maranhão","MA",2,"Nordeste"
2107100,"Morros",21003,"Rosário",2101,"Norte Maranhense",210001,"São Luís",2101,"São Luís",21,"Maranhão","MA",2,"Nordeste"
2107209,"Nina Rodrigues",21006,"Itapecuru Mirim",2101,"Norte Maranhense",210004,"Itapecuru Mirim",2101,"São Luís",21,"Maranhão","MA",2,"Nordeste"
2107258,"Nova Colinas",21021,"Chapadas das Mangabeiras",2105,"Sul Maranhense",210022,"Balsas",2105,"Imperatriz",21,"Maranhão","MA",2,"Nordeste"
2107308,"Nova Iorque",21018,"Chapadas do Alto Itapecuru",2104,"Leste Maranhense",210017,"São João dos Patos",2104,"Presidente Dutra",21,"Maranhão","MA",2,"Nordeste"
2107357,"Nova Olinda do Maranhão",21008,"Pindaré",2102,"Oeste Maranhense",210009,"Santa Inês",2102,"Santa Inês - Bacabal",21,"Maranhão","MA",2,"Nordeste"
2107407,"Olho d'Água das Cunhãs",21010,"Médio Mearim",2103,"Centro Maranhense",210010,"Bacabal",2102,"Santa Inês - Bacabal",21,"Maranhão","MA",2,"Nordeste"
2107456,"Olinda Nova do Maranhão",21005,"Baixada Maranhense",2101,"Norte Maranhense",210005,"Viana",2101,"São Luís",21,"Maranhão","MA",2,"Nordeste"
2107506,"Paço do Lumiar",21002,"Aglomeração Urbana de São Luís",2101,"Norte Maranhense",210001,"São Luís",2101,"São Luís",21,"Maranhão","MA",2,"Nordeste"
2107605,"Palmeirândia",21005,"Baixada Maranhense",2101,"Norte Maranhense",210002,"Pinheiro",2101,"São Luís",21,"Maranhão","MA",2,"Nordeste"
2107704,"Paraibano",21018,"Chapadas do Alto Itapecuru",2104,"Leste Maranhense",210017,"São João dos Patos",2104,"Presidente Dutra",21,"Maranhão","MA",2,"Nordeste"
2107803,"Parnarama",21017,"Caxias",2104,"Leste Maranhense",210014,"Timon",2103,"Caxias",21,"Maranhão","MA",2,"Nordeste"
2107902,"Passagem Franca",21018,"Chapadas do Alto Itapecuru",2104,"Leste Maranhense",210017,"São João dos Patos",2104,"Presidente Dutra",21,"Maranhão","MA",2,"Nordeste"
2108009,"Pastos Bons",21018,"Chapadas do Alto Itapecuru",2104,"Leste Maranhense",210017,"São João dos Patos",2104,"Presidente Dutra",21,"Maranhão","MA",2,"Nordeste"
2108058,"Paulino Neves",21004,"Lençóis Maranhenses",2101,"Norte Maranhense",210007,"Tutóia - Araioses",2101,"São Luís",21,"Maranhão","MA",2,"Nordeste"
2108108,"Paulo Ramos",21008,"Pindaré",2102,"Oeste Maranhense",210010,"Bacabal",2102,"Santa Inês - Bacabal",21,"Maranhão","MA",2,"Nordeste"
2108207,"Pedreiras",21010,"Médio Mearim",2103,"Centro Maranhense",210012,"Pedreiras",2102,"Santa Inês - Bacabal",21,"Maranhão","MA",2,"Nordeste"
2108256,"Pedro do Rosário",21005,"Baixada Maranhense",2101,"Norte Maranhense",210002,"Pinheiro",2101,"São Luís",21,"Maranhão","MA",2,"Nordeste"
2108306,"Penalva",21005,"Baixada Maranhense",2101,"Norte Maranhense",210005,"Viana",2101,"São Luís",21,"Maranhão","MA",2,"Nordeste"
2108405,"Peri Mirim",21005,"Baixada Maranhense",2101,"Norte Maranhense",210002,"Pinheiro",2101,"São Luís",21,"Maranhão","MA",2,"Nordeste"
2108454,"Peritoró",21015,"Codó",2104,"Leste Maranhense",210015,"Codó",2103,"Caxias",21,"Maranhão","MA",2,"Nordeste"
2108504,"Pindaré-Mirim",21008,"Pindaré",2102,"Oeste Maranhense",210009,"Santa Inês",2102,"Santa Inês - Bacabal",21,"Maranhão","MA",2,"Nordeste"
2108603,"Pinheiro",21005,"Baixada Maranhense",2101,"Norte Maranhense",210002,"Pinheiro",2101,"São Luís",21,"Maranhão","MA",2,"Nordeste"
2108702,"Pio XII",21010,"Médio Mearim",2103,"Centro Maranhense",210009,"Santa Inês",2102,"Santa Inês - Bacabal",21,"Maranhão","MA",2,"Nordeste"
2108801,"Pirapemas",21006,"Itapecuru Mirim",2101,"Norte Maranhense",210004,"Itapecuru Mirim",2101,"São Luís",21,"Maranhão","MA",2,"Nordeste"
2108900,"Poção de Pedras",21010,"Médio Mearim",2103,"Centro Maranhense",210012,"Pedreiras",2102,"Santa Inês - Bacabal",21,"Maranhão","MA",2,"Nordeste"
2109007,"Porto Franco",21019,"Porto Franco",2105,"Sul Maranhense",210019,"Imperatriz",2105,"Imperatriz",21,"Maranhão","MA",2,"Nordeste"
2109056,"Porto Rico do Maranhão",21001,"Litoral Ocidental Maranhense",2101,"Norte Maranhense",210008,"Cururupu",2101,"São Luís",21,"Maranhão","MA",2,"Nordeste"
2109106,"Presidente Dutra",21012,"Presidente Dutra",2103,"Centro Maranhense",210016,"Presidente Dutra",2104,"Presidente Dutra",21,"Maranhão","MA",2,"Nordeste"
2109205,"Presidente Juscelino",21003,"Rosário",2101,"Norte Maranhense",210001,"São Luís",2101,"São Luís",21,"Maranhão","MA",2,"Nordeste"
2109239,"Presidente Médici",21008,"Pindaré",2102,"Oeste Maranhense",210011,"Governador Nunes Freire",2102,"Santa Inês - Bacabal",21,"Maranhão","MA",2,"Nordeste"
2109270,"Presidente Sarney",21005,"Baixada Maranhense",2101,"Norte Maranhense",210002,"Pinheiro",2101,"São Luís",21,"Maranhão","MA",2,"Nordeste"
2109304,"Presidente Vargas",21006,"Itapecuru Mirim",2101,"Norte Maranhense",210004,"Itapecuru Mirim",2101,"São Luís",21,"Maranhão","MA",2,"Nordeste"
2109403,"Primeira Cruz",21004,"Lençóis Maranhenses",2101,"Norte Maranhense",210006,"Barreirinhas",2101,"São Luís",21,"Maranhão","MA",2,"Nordeste"
2109452,"Raposa",21002,"Aglomeração Urbana de São Luís",2101,"Norte Maranhense",210001,"São Luís",2101,"São Luís",21,"Maranhão","MA",2,"Nordeste"
2109502,"Riachão",21020,"Gerais de Balsas",2105,"Sul Maranhense",210022,"Balsas",2105,"Imperatriz",21,"Maranhão","MA",2,"Nordeste"
2109551,"Ribamar Fiquene",21009,"Imperatriz",2102,"Oeste Maranhense",210019,"Imperatriz",2105,"Imperatriz",21,"Maranhão","MA",2,"Nordeste"
2109601,"Rosário",21003,"Rosário",2101,"Norte Maranhense",210001,"São Luís",2101,"São Luís",21,"Maranhão","MA",2,"Nordeste"
2109700,"Sambaíba",21021,"Chapadas das Mangabeiras",2105,"Sul Maranhense",210022,"Balsas",2105,"Imperatriz",21,"Maranhão","MA",2,"Nordeste"
2109759,"Santa Filomena do Maranhão",21011,"Alto Mearim e Grajaú",2103,"Centro Maranhense",210016,"Presidente Dutra",2104,"Presidente Dutra",21,"Maranhão","MA",2,"Nordeste"
2109809,"Santa Helena",21005,"Baixada Maranhense",2101,"Norte Maranhense",210002,"Pinheiro",2101,"São Luís",21,"Maranhão","MA",2,"Nordeste"
2109908,"Santa Inês",21008,"Pindaré",2102,"Oeste Maranhense",210009,"Santa Inês",2102,"Santa Inês - Bacabal",21,"Maranhão","MA",2,"Nordeste"
2110005,"Santa Luzia",21008,"Pindaré",2102,"Oeste Maranhense",210009,"Santa Inês",2102,"Santa Inês - Bacabal",21,"Maranhão","MA",2,"Nordeste"
2110039,"Santa Luzia do Paruá",21008,"Pindaré",2102,"Oeste Maranhense",210011,"Governador Nunes Freire",2102,"Santa Inês - Bacabal",21,"Maranhão","MA",2,"Nordeste"
2110104,"Santa Quitéria do Maranhão",21013,"Baixo Parnaíba Maranhense",2104,"Leste Maranhense",210003,"Chapadinha",2101,"São Luís",21,"Maranhão","MA",2,"Nordeste"
2110203,"Santa Rita",21003,"Rosário",2101,"Norte Maranhense",210001,"São Luís",2101,"São Luís",21,"Maranhão","MA",2,"Nordeste"
2110237,"Santana do Maranhão",21013,"Baixo Parnaíba Maranhense",2104,"Leste Maranhense",210007,"Tutóia - Araioses",2101,"São Luís",21,"Maranhão","MA",2,"Nordeste"
2110278,"Santo Amaro do Maranhão",21004,"Lençóis Maranhenses",2101,"Norte Maranhense",210006,"Barreirinhas",2101,"São Luís",21,"Maranhão","MA",2,"Nordeste"
2110302,"Santo Antônio dos Lopes",21010,"Médio Mearim",2103,"Centro Maranhense",210012,"Pedreiras",2102,"Santa Inês - Bacabal",21,"Maranhão","MA",2,"Nordeste"
2110401,"São Benedito do Rio Preto",21014,"Chapadinha",2104,"Leste Maranhense",210003,"Chapadinha",2101,"São Luís",21,"Maranhão","MA",2,"Nordeste"
2110500,"São Bento",21005,"Baixada Maranhense",2101,"Norte Maranhense",210002,"Pinheiro",2101,"São Luís",21,"Maranhão","MA",2,"Nordeste"
2110609,"São Bernardo",21013,"Baixo Parnaíba Maranhense",2104,"Leste Maranhense",210007,"Tutóia - Araioses",2101,"São Luís",21,"Maranhão","MA",2,"Nordeste"
2110658,"São Domingos do Azeitão",21021,"Chapadas das Mangabeiras",2105,"Sul Maranhense",210017,"São João dos Patos",2104,"Presidente Dutra",21,"Maranhão","MA",2,"Nordeste"
2110708,"São Domingos do Maranhão",21012,"Presidente Dutra",2103,"Centro Maranhense",210016,"Presidente Dutra",2104,"Presidente Dutra",21,"Maranhão","MA",2,"Nordeste"
2110807,"São Félix de Balsas",21021,"Chapadas das Mangabeiras",2105,"Sul Maranhense",210022,"Balsas",2105,"Imperatriz",21,"Maranhão","MA",2,"Nordeste"
2110856,"São Francisco do Brejão",21009,"Imperatriz",2102,"Oeste Maranhense",210021,"Açailândia",2105,"Imperatriz",21,"Maranhão","MA",2,"Nordeste"
2110906,"São Francisco do Maranhão",21018,"Chapadas do Alto Itapecuru",2104,"Leste Maranhense",210017,"São João dos Patos",2104,"Presidente Dutra",21,"Maranhão","MA",2,"Nordeste"
2111003,"São João Batista",21005,"Baixada Maranhense",2101,"Norte Maranhense",210005,"Viana",2101,"São Luís",21,"Maranhão","MA",2,"Nordeste"
2111029,"São João do Carú",21008,"Pindaré",2102,"Oeste Maranhense",210009,"Santa Inês",2102,"Santa Inês - Bacabal",21,"Maranhão","MA",2,"Nordeste"
2111052,"São João do Paraíso",21019,"Porto Franco",2105,"Sul Maranhense",210019,"Imperatriz",2105,"Imperatriz",21,"Maranhão","MA",2,"Nordeste"
2111078,"São João do Soter",21017,"Caxias",2104,"Leste Maranhense",210013,"Caxias",2103,"Caxias",21,"Maranhão","MA",2,"Nordeste"
2111102,"São João dos Patos",21018,"Chapadas do Alto Itapecuru",2104,"Leste Maranhense",210017,"São João dos Patos",2104,"Presidente Dutra",21,"Maranhão","MA",2,"Nordeste"
2111201,"São José de Ribamar",21002,"Aglomeração Urbana de São Luís",2101,"Norte Maranhense",210001,"São Luís",2101,"São Luís",21,"Maranhão","MA",2,"Nordeste"
2111250,"São José dos Basílios",21012,"Presidente Dutra",2103,"Centro Maranhense",210016,"Presidente Dutra",2104,"Presidente Dutra",21,"Maranhão","MA",2,"Nordeste"
2111300,"São Luís",21002,"Aglomeração Urbana de São Luís",2101,"Norte Maranhense",210001,"São Luís",2101,"São Luís",21,"Maranhão","MA",2,"Nordeste"
2111409,"São Luís Gonzaga do Maranhão",21010,"Médio Mearim",2103,"Centro Maranhense",210010,"Bacabal",2102,"Santa Inês - Bacabal",21,"Maranhão","MA",2,"Nordeste"
2111508,"São Mateus do Maranhão",21010,"Médio Mearim",2103,"Centro Maranhense",210010,"Bacabal",2102,"Santa Inês - Bacabal",21,"Maranhão","MA",2,"Nordeste"
2111532,"São Pedro da Água Branca",21009,"Imperatriz",2102,"Oeste Maranhense",210019,"Imperatriz",2105,"Imperatriz",21,"Maranhão","MA",2,"Nordeste"
2111573,"São Pedro dos Crentes",21019,"Porto Franco",2105,"Sul Maranhense",210020,"Barra do Corda",2105,"Imperatriz",21,"Maranhão","MA",2,"Nordeste"
2111607,"São Raimundo das Mangabeiras",21021,"Chapadas das Mangabeiras",2105,"Sul Maranhense",210022,"Balsas",2105,"Imperatriz",21,"Maranhão","MA",2,"Nordeste"
2111631,"São Raimundo do Doca Bezerra",21010,"Médio Mearim",2103,"Centro Maranhense",210012,"Pedreiras",2102,"Santa Inês - Bacabal",21,"Maranhão","MA",2,"Nordeste"
2111672,"São Roberto",21010,"Médio Mearim",2103,"Centro Maranhense",210012,"Pedreiras",2102,"Santa Inês - Bacabal",21,"Maranhão","MA",2,"Nordeste"
2111706,"São Vicente Ferrer",21005,"Baixada Maranhense",2101,"Norte Maranhense",210005,"Viana",2101,"São Luís",21,"Maranhão","MA",2,"Nordeste"
2111722,"Satubinha",21010,"Médio Mearim",2103,"Centro Maranhense",210010,"Bacabal",2102,"Santa Inês - Bacabal",21,"Maranhão","MA",2,"Nordeste"
2111748,"Senador Alexandre Costa",21012,"Presidente Dutra",2103,"Centro Maranhense",210016,"Presidente Dutra",2104,"Presidente Dutra",21,"Maranhão","MA",2,"Nordeste"
2111763,"Senador La Rocque",21009,"Imperatriz",2102,"Oeste Maranhense",210019,"Imperatriz",2105,"Imperatriz",21,"Maranhão","MA",2,"Nordeste"
2111789,"Serrano do Maranhão",21001,"Litoral Ocidental Maranhense",2101,"Norte Maranhense",210008,"Cururupu",2101,"São Luís",21,"Maranhão","MA",2,"Nordeste"
2111805,"Sítio Novo",21011,"Alto Mearim e Grajaú",2103,"Centro Maranhense",210020,"Barra do Corda",2105,"Imperatriz",21,"Maranhão","MA",2,"Nordeste"
2111904,"Sucupira do Norte",21018,"Chapadas do Alto Itapecuru",2104,"Leste Maranhense",210018,"Colinas",2104,"Presidente Dutra",21,"Maranhão","MA",2,"Nordeste"
2111953,"Sucupira do Riachão",21018,"Chapadas do Alto Itapecuru",2104,"Leste Maranhense",210017,"São João dos Patos",2104,"Presidente Dutra",21,"Maranhão","MA",2,"Nordeste"
2112001,"Tasso Fragoso",21020,"Gerais de Balsas",2105,"Sul Maranhense",210022,"Balsas",2105,"Imperatriz",21,"Maranhão","MA",2,"Nordeste"
2112100,"Timbiras",21015,"Codó",2104,"Leste Maranhense",210015,"Codó",2103,"Caxias",21,"Maranhão","MA",2,"Nordeste"
2112209,"Timon",21017,"Caxias",2104,"Leste Maranhense",210014,"Timon",2103,"Caxias",21,"Maranhão","MA",2,"Nordeste"
2112233,"Trizidela do Vale",21010,"Médio Mearim",2103,"Centro Maranhense",210012,"Pedreiras",2102,"Santa Inês - Bacabal",21,"Maranhão","MA",2,"Nordeste"
2112274,"Tufilândia",21008,"Pindaré",2102,"Oeste Maranhense",210009,"Santa Inês",2102,"Santa Inês - Bacabal",21,"Maranhão","MA",2,"Nordeste"
2112308,"Tuntum",21011,"Alto Mearim e Grajaú",2103,"Centro Maranhense",210016,"Presidente Dutra",2104,"Presidente Dutra",21,"Maranhão","MA",2,"Nordeste"
2112407,"Turiaçu",21007,"Gurupi",2102,"Oeste Maranhense",210002,"Pinheiro",2101,"São Luís",21,"Maranhão","MA",2,"Nordeste"
2112456,"Turilândia",21007,"Gurupi",2102,"Oeste Maranhense",210002,"Pinheiro",2101,"São Luís",21,"Maranhão","MA",2,"Nordeste"
2112506,"Tutóia",21004,"Lençóis Maranhenses",2101,"Norte Maranhense",210007,"Tutóia - Araioses",2101,"São Luís",21,"Maranhão","MA",2,"Nordeste"
2112605,"Urbano Santos",21014,"Chapadinha",2104,"Leste Maranhense",210003,"Chapadinha",2101,"São Luís",21,"Maranhão","MA",2,"Nordeste"
2112704,"Vargem Grande",21006,"Itapecuru Mirim",2101,"Norte Maranhense",210004,"Itapecuru Mirim",2101,"São Luís",21,"Maranhão","MA",2,"Nordeste"
2112803,"Viana",21005,"Baixada Maranhense",2101,"Norte Maranhense",210005,"Viana",2101,"São Luís",21,"Maranhão","MA",2,"Nordeste"
2112852,"Vila Nova dos Martírios",21009,"Imperatriz",2102,"Oeste Maranhense",210019,"Imperatriz",2105,"Imperatriz",21,"Maranhão","MA",2,"Nordeste"
2112902,"Vitória do Mearim",21005,"Baixada Maranhense",2101,"Norte Maranhense",210005,"Viana",2101,"São Luís",21,"Maranhão","MA",2,"Nordeste"
2113009,"Vitorino Freire",21008,"Pindaré",2102,"Oeste Maranhense",210010,"Bacabal",2102,"Santa Inês - Bacabal",21,"Maranhão","MA",2,"Nordeste"
2114007,"Zé Doca",21008,"Pindaré",2102,"Oeste Maranhense",210009,"Santa Inês",2102,"Santa Inês - Bacabal",21,"Maranhão","MA",2,"Nordeste"
2200053,"Acauã",22015,"Alto Médio Canindé",2204,"Sudeste Piauiense",220010,"Paulistana",2203,"Picos",22,"Piauí","PI",2,"Nordeste"
2200103,"Agricolândia",22005,"Médio Parnaíba Piauiense",2202,"Centro-Norte Piauiense",220002,"Amarante - Água Branca - Regeneração",2201,"Teresina",22,"Piauí","PI",2,"Nordeste"
2200202,"Água Branca",22005,"Médio Parnaíba Piauiense",2202,"Centro-Norte Piauiense",220002,"Amarante - Água Branca - Regeneração",2201,"Teresina",22,"Piauí","PI",2,"Nordeste"
2200251,"Alagoinha do Piauí",22014,"Pio IX",2204,"Sudeste Piauiense",220009,"Picos",2203,"Picos",22,"Piauí","PI",2,"Nordeste"
2200277,"Alegrete do Piauí",22014,"Pio IX",2204,"Sudeste Piauiense",220009,"Picos",2203,"Picos",22,"Piauí","PI",2,"Nordeste"
2200301,"Alto Longá",22004,"Campo Maior",2202,"Centro-Norte Piauiense",220001,"Teresina",2201,"Teresina",22,"Piauí","PI",2,"Nordeste"
2200400,"Altos",22003,"Teresina",2202,"Centro-Norte Piauiense",220001,"Teresina",2201,"Teresina",22,"Piauí","PI",2,"Nordeste"
2200459,"Alvorada do Gurguéia",22010,"Alto Médio Gurguéia",2203,"Sudoeste Piauiense",220016,"Bom Jesus",2205,"Corrente - Bom Jesus",22,"Piauí","PI",2,"Nordeste"
2200509,"Amarante",22005,"Médio Parnaíba Piauiense",2202,"Centro-Norte Piauiense",220002,"Amarante - Água Branca - Regeneração",2201,"Teresina",22,"Piauí","PI",2,"Nordeste"
2200608,"Angical do Piauí",22005,"Médio Parnaíba Piauiense",2202,"Centro-Norte Piauiense",220002,"Amarante - Água Branca - Regeneração",2201,"Teresina",22,"Piauí","PI",2,"Nordeste"
2200707,"Anísio de Abreu",22011,"São Raimundo Nonato",2203,"Sudoeste Piauiense",220013,"São Raimundo Nonato",2204,"São Raimundo Nonato",22,"Piauí","PI",2,"Nordeste"
2200806,"Antônio Almeida",22008,"Bertolínia",2203,"Sudoeste Piauiense",220018,"Uruçuí",2206,"Floriano",22,"Piauí","PI",2,"Nordeste"
2200905,"Aroazes",22006,"Valença do Piauí",2202,"Centro-Norte Piauiense",220004,"Valença do Piauí",2201,"Teresina",22,"Piauí","PI",2,"Nordeste"
2200954,"Aroeiras do Itaim",22013,"Picos",2204,"Sudeste Piauiense",220009,"Picos",2203,"Picos",22,"Piauí","PI",2,"Nordeste"
2201002,"Arraial",22005,"Médio Parnaíba Piauiense",2202,"Centro-Norte Piauiense",220017,"Floriano",2206,"Floriano",22,"Piauí","PI",2,"Nordeste"
2201051,"Assunção do Piauí",22004,"Campo Maior",2202,"Centro-Norte Piauiense",220003,"Campo Maior",2201,"Teresina",22,"Piauí","PI",2,"Nordeste"
2201101,"Avelino Lopes",22012,"Chapadas do Extremo Sul Piauiense",2203,"Sudoeste Piauiense",220015,"Corrente",2205,"Corrente - Bom Jesus",22,"Piauí","PI",2,"Nordeste"
2201150,"Baixa Grande do Ribeiro",22007,"Alto Parnaíba Piauiense",2203,"Sudoeste Piauiense",220018,"Uruçuí",2206,"Floriano",22,"Piauí","PI",2,"Nordeste"
2201176,"Barra D'Alcântara",22006,"Valença do Piauí",2202,"Centro-Norte Piauiense",220004,"Valença do Piauí",2201,"Teresina",22,"Piauí","PI",2,"Nordeste"
2201200,"Barras",22001,"Baixo Parnaíba Piauiense",2201,"Norte Piauiense",220005,"Barras",2201,"Teresina",22,"Piauí","PI",2,"Nordeste"
2201309,"Barreiras do Piauí",22010,"Alto Médio Gurguéia",2203,"Sudoeste Piauiense",220015,"Corrente",2205,"Corrente - Bom Jesus",22,"Piauí","PI",2,"Nordeste"
2201408,"Barro Duro",22005,"Médio Parnaíba Piauiense",2202,"Centro-Norte Piauiense",220002,"Amarante - Água Branca - Regeneração",2201,"Teresina",22,"Piauí","PI",2,"Nordeste"
2201507,"Batalha",22001,"Baixo Parnaíba Piauiense",2201,"Norte Piauiense",220008,"Esperantina",2202,"Parnaíba",22,"Piauí","PI",2,"Nordeste"
2201556,"Bela Vista do Piauí",22015,"Alto Médio Canindé",2204,"Sudeste Piauiense",220012,"Simplício Mendes",2203,"Picos",22,"Piauí","PI",2,"Nordeste"
2201572,"Belém do Piauí",22015,"Alto Médio Canindé",2204,"Sudeste Piauiense",220009,"Picos",2203,"Picos",22,"Piauí","PI",2,"Nordeste"
2201606,"Beneditinos",22003,"Teresina",2202,"Centro-Norte Piauiense",220001,"Teresina",2201,"Teresina",22,"Piauí","PI",2,"Nordeste"
2201705,"Bertolínia",22008,"Bertolínia",2203,"Sudoeste Piauiense",220018,"Uruçuí",2206,"Floriano",22,"Piauí","PI",2,"Nordeste"
2201739,"Betânia do Piauí",22015,"Alto Médio Canindé",2204,"Sudeste Piauiense",220010,"Paulistana",2203,"Picos",22,"Piauí","PI",2,"Nordeste"
2201770,"Boa Hora",22001,"Baixo Parnaíba Piauiense",2201,"Norte Piauiense",220005,"Barras",2201,"Teresina",22,"Piauí","PI",2,"Nordeste"
2201804,"Bocaina",22013,"Picos",2204,"Sudeste Piauiense",220009,"Picos",2203,"Picos",22,"Piauí","PI",2,"Nordeste"
2201903,"Bom Jesus",22010,"Alto Médio Gurguéia",2203,"Sudoeste Piauiense",220016,"Bom Jesus",2205,"Corrente - Bom Jesus",22,"Piauí","PI",2,"Nordeste"
2201919,"Bom Princípio do Piauí",22002,"Litoral Piauiense",2201,"Norte Piauiense",220006,"Parnaíba",2202,"Parnaíba",22,"Piauí","PI",2,"Nordeste"
2201929,"Bonfim do Piauí",22011,"São Raimundo Nonato",2203,"Sudoeste Piauiense",220013,"São Raimundo Nonato",2204,"São Raimundo Nonato",22,"Piauí","PI",2,"Nordeste"
2201945,"Boqueirão do Piauí",22004,"Campo Maior",2202,"Centro-Norte Piauiense",220003,"Campo Maior",2201,"Teresina",22,"Piauí","PI",2,"Nordeste"
2201960,"Brasileira",22001,"Baixo Parnaíba Piauiense",2201,"Norte Piauiense",220007,"Piripiri",2202,"Parnaíba",22,"Piauí","PI",2,"Nordeste"
2201988,"Brejo do Piauí",22011,"São Raimundo Nonato",2203,"Sudoeste Piauiense",220019,"Canto do Buriti",2206,"Floriano",22,"Piauí","PI",2,"Nordeste"
2202000,"Buriti dos Lopes",22002,"Litoral Piauiense",2201,"Norte Piauiense",220006,"Parnaíba",2202,"Parnaíba",22,"Piauí","PI",2,"Nordeste"
2202026,"Buriti dos Montes",22004,"Campo Maior",2202,"Centro-Norte Piauiense",220003,"Campo Maior",2201,"Teresina",22,"Piauí","PI",2,"Nordeste"
2202059,"Cabeceiras do Piauí",22001,"Baixo Parnaíba Piauiense",2201,"Norte Piauiense",220005,"Barras",2201,"Teresina",22,"Piauí","PI",2,"Nordeste"
2202075,"Cajazeiras do Piauí",22013,"Picos",2204,"Sudeste Piauiense",220011,"Oeiras",2203,"Picos",22,"Piauí","PI",2,"Nordeste"
2202083,"Cajueiro da Praia",22002,"Litoral Piauiense",2201,"Norte Piauiense",220006,"Parnaíba",2202,"Parnaíba",22,"Piauí","PI",2,"Nordeste"
2202091,"Caldeirão Grande do Piauí",22015,"Alto Médio Canindé",2204,"Sudeste Piauiense",220009,"Picos",2203,"Picos",22,"Piauí","PI",2,"Nordeste"
2202109,"Campinas do Piauí",22015,"Alto Médio Canindé",2204,"Sudeste Piauiense",220012,"Simplício Mendes",2203,"Picos",22,"Piauí","PI",2,"Nordeste"
2202117,"Campo Alegre do Fidalgo",22015,"Alto Médio Canindé",2204,"Sudeste Piauiense",220014,"São João do Piauí",2204,"São Raimundo Nonato",22,"Piauí","PI",2,"Nordeste"
2202133,"Campo Grande do Piauí",22015,"Alto Médio Canindé",2204,"Sudeste Piauiense",220009,"Picos",2203,"Picos",22,"Piauí","PI",2,"Nordeste"
2202174,"Campo Largo do Piauí",22001,"Baixo Parnaíba Piauiense",2201,"Norte Piauiense",220005,"Barras",2201,"Teresina",22,"Piauí","PI",2,"Nordeste"
2202208,"Campo Maior",22004,"Campo Maior",2202,"Centro-Norte Piauiense",220003,"Campo Maior",2201,"Teresina",22,"Piauí","PI",2,"Nordeste"
2202251,"Canavieira",22009,"Floriano",2203,"Sudoeste Piauiense",220017,"Floriano",2206,"Floriano",22,"Piauí","PI",2,"Nordeste"
2202307,"Canto do Buriti",22011,"São Raimundo Nonato",2203,"Sudoeste Piauiense",220019,"Canto do Buriti",2206,"Floriano",22,"Piauí","PI",2,"Nordeste"
2202406,"Capitão de Campos",22004,"Campo Maior",2202,"Centro-Norte Piauiense",220007,"Piripiri",2202,"Parnaíba",22,"Piauí","PI",2,"Nordeste"
2202455,"Capitão Gervásio Oliveira",22015,"Alto Médio Canindé",2204,"Sudeste Piauiense",220014,"São João do Piauí",2204,"São Raimundo Nonato",22,"Piauí","PI",2,"Nordeste"
2202505,"Caracol",22011,"São Raimundo Nonato",2203,"Sudoeste Piauiense",220013,"São Raimundo Nonato",2204,"São Raimundo Nonato",22,"Piauí","PI",2,"Nordeste"
2202539,"Caraúbas do Piauí",22002,"Litoral Piauiense",2201,"Norte Piauiense",220006,"Parnaíba",2202,"Parnaíba",22,"Piauí","PI",2,"Nordeste"
2202554,"Caridade do Piauí",22015,"Alto Médio Canindé",2204,"Sudeste Piauiense",220010,"Paulistana",2203,"Picos",22,"Piauí","PI",2,"Nordeste"
2202604,"Castelo do Piauí",22004,"Campo Maior",2202,"Centro-Norte Piauiense",220003,"Campo Maior",2201,"Teresina",22,"Piauí","PI",2,"Nordeste"
2202653,"Caxingó",22002,"Litoral Piauiense",2201,"Norte Piauiense",220006,"Parnaíba",2202,"Parnaíba",22,"Piauí","PI",2,"Nordeste"
2202703,"Cocal",22002,"Litoral Piauiense",2201,"Norte Piauiense",220006,"Parnaíba",2202,"Parnaíba",22,"Piauí","PI",2,"Nordeste"
2202711,"Cocal de Telha",22004,"Campo Maior",2202,"Centro-Norte Piauiense",220003,"Campo Maior",2201,"Teresina",22,"Piauí","PI",2,"Nordeste"
2202729,"Cocal dos Alves",22002,"Litoral Piauiense",2201,"Norte Piauiense",220006,"Parnaíba",2202,"Parnaíba",22,"Piauí","PI",2,"Nordeste"
2202737,"Coivaras",22003,"Teresina",2202,"Centro-Norte Piauiense",220001,"Teresina",2201,"Teresina",22,"Piauí","PI",2,"Nordeste"
2202752,"Colônia do Gurguéia",22008,"Bertolínia",2203,"Sudoeste Piauiense",220016,"Bom Jesus",2205,"Corrente - Bom Jesus",22,"Piauí","PI",2,"Nordeste"
2202778,"Colônia do Piauí",22013,"Picos",2204,"Sudeste Piauiense",220011,"Oeiras",2203,"Picos",22,"Piauí","PI",2,"Nordeste"
2202802,"Conceição do Canindé",22015,"Alto Médio Canindé",2204,"Sudeste Piauiense",220012,"Simplício Mendes",2203,"Picos",22,"Piauí","PI",2,"Nordeste"
2202851,"Coronel José Dias",22011,"São Raimundo Nonato",2203,"Sudoeste Piauiense",220013,"São Raimundo Nonato",2204,"São Raimundo Nonato",22,"Piauí","PI",2,"Nordeste"
2202901,"Corrente",22012,"Chapadas do Extremo Sul Piauiense",2203,"Sudoeste Piauiense",220015,"Corrente",2205,"Corrente - Bom Jesus",22,"Piauí","PI",2,"Nordeste"
2203008,"Cristalândia do Piauí",22012,"Chapadas do Extremo Sul Piauiense",2203,"Sudoeste Piauiense",220015,"Corrente",2205,"Corrente - Bom Jesus",22,"Piauí","PI",2,"Nordeste"
2203107,"Cristino Castro",22010,"Alto Médio Gurguéia",2203,"Sudoeste Piauiense",220016,"Bom Jesus",2205,"Corrente - Bom Jesus",22,"Piauí","PI",2,"Nordeste"
2203206,"Curimatá",22012,"Chapadas do Extremo Sul Piauiense",2203,"Sudoeste Piauiense",220015,"Corrente",2205,"Corrente - Bom Jesus",22,"Piauí","PI",2,"Nordeste"
2203230,"Currais",22010,"Alto Médio Gurguéia",2203,"Sudoeste Piauiense",220016,"Bom Jesus",2205,"Corrente - Bom Jesus",22,"Piauí","PI",2,"Nordeste"
2203255,"Curralinhos",22003,"Teresina",2202,"Centro-Norte Piauiense",220001,"Teresina",2201,"Teresina",22,"Piauí","PI",2,"Nordeste"
2203271,"Curral Novo do Piauí",22015,"Alto Médio Canindé",2204,"Sudeste Piauiense",220010,"Paulistana",2203,"Picos",22,"Piauí","PI",2,"Nordeste"
2203305,"Demerval Lobão",22003,"Teresina",2202,"Centro-Norte Piauiense",220001,"Teresina",2201,"Teresina",22,"Piauí","PI",2,"Nordeste"
2203354,"Dirceu Arcoverde",22011,"São Raimundo Nonato",2203,"Sudoeste Piauiense",220013,"São Raimundo Nonato",2204,"São Raimundo Nonato",22,"Piauí","PI",2,"Nordeste"
2203404,"Dom Expedito Lopes",22013,"Picos",2204,"Sudeste Piauiense",220009,"Picos",2203,"Picos",22,"Piauí","PI",2,"Nordeste"
2203420,"Domingos Mourão",22004,"Campo Maior",2202,"Centro-Norte Piauiense",220007,"Piripiri",2202,"Parnaíba",22,"Piauí","PI",2,"Nordeste"
2203453,"Dom Inocêncio",22011,"São Raimundo Nonato",2203,"Sudoeste Piauiense",220013,"São Raimundo Nonato",2204,"São Raimundo Nonato",22,"Piauí","PI",2,"Nordeste"
2203503,"Elesbão Veloso",22006,"Valença do Piauí",2202,"Centro-Norte Piauiense",220002,"Amarante - Água Branca - Regeneração",2201,"Teresina",22,"Piauí","PI",2,"Nordeste"
2203602,"Eliseu Martins",22008,"Bertolínia",2203,"Sudoeste Piauiense",220019,"Canto do Buriti",2206,"Floriano",22,"Piauí","PI",2,"Nordeste"
2203701,"Esperantina",22001,"Baixo Parnaíba Piauiense",2201,"Norte Piauiense",220008,"Esperantina",2202,"Parnaíba",22,"Piauí","PI",2,"Nordeste"
2203750,"Fartura do Piauí",22011,"São Raimundo Nonato",2203,"Sudoeste Piauiense",220013,"São Raimundo Nonato",2204,"São Raimundo Nonato",22,"Piauí","PI",2,"Nordeste"
2203800,"Flores do Piauí",22009,"Floriano",2203,"Sudoeste Piauiense",220019,"Canto do Buriti",2206,"Floriano",22,"Piauí","PI",2,"Nordeste"
2203859,"Floresta do Piauí",22015,"Alto Médio Canindé",2204,"Sudeste Piauiense",220011,"Oeiras",2203,"Picos",22,"Piauí","PI",2,"Nordeste"
2203909,"Floriano",22009,"Floriano",2203,"Sudoeste Piauiense",220017,"Floriano",2206,"Floriano",22,"Piauí","PI",2,"Nordeste"
2204006,"Francinópolis",22006,"Valença do Piauí",2202,"Centro-Norte Piauiense",220002,"Amarante - Água Branca - Regeneração",2201,"Teresina",22,"Piauí","PI",2,"Nordeste"
2204105,"Francisco Ayres",22005,"Médio Parnaíba Piauiense",2202,"Centro-Norte Piauiense",220017,"Floriano",2206,"Floriano",22,"Piauí","PI",2,"Nordeste"
2204154,"Francisco Macedo",22015,"Alto Médio Canindé",2204,"Sudeste Piauiense",220009,"Picos",2203,"Picos",22,"Piauí","PI",2,"Nordeste"
2204204,"Francisco Santos",22014,"Pio IX",2204,"Sudeste Piauiense",220009,"Picos",2203,"Picos",22,"Piauí","PI",2,"Nordeste"
2204303,"Fronteiras",22015,"Alto Médio Canindé",2204,"Sudeste Piauiense",220009,"Picos",2203,"Picos",22,"Piauí","PI",2,"Nordeste"
2204352,"Geminiano",22013,"Picos",2204,"Sudeste Piauiense",220009,"Picos",2203,"Picos",22,"Piauí","PI",2,"Nordeste"
2204402,"Gilbués",22010,"Alto Médio Gurguéia",2203,"Sudoeste Piauiense",220015,"Corrente",2205,"Corrente - Bom Jesus",22,"Piauí","PI",2,"Nordeste"
2204501,"Guadalupe",22009,"Floriano",2203,"Sudoeste Piauiense",220017,"Floriano",2206,"Floriano",22,"Piauí","PI",2,"Nordeste"
2204550,"Guaribas",22011,"São Raimundo Nonato",2203,"Sudoeste Piauiense",220013,"São Raimundo Nonato",2204,"São Raimundo Nonato",22,"Piauí","PI",2,"Nordeste"
2204600,"Hugo Napoleão",22005,"Médio Parnaíba Piauiense",2202,"Centro-Norte Piauiense",220002,"Amarante - Água Branca - Regeneração",2201,"Teresina",22,"Piauí","PI",2,"Nordeste"
2204659,"Ilha Grande",22002,"Litoral Piauiense",2201,"Norte Piauiense",220006,"Parnaíba",2202,"Parnaíba",22,"Piauí","PI",2,"Nordeste"
2204709,"Inhuma",22006,"Valença do Piauí",2202,"Centro-Norte Piauiense",220004,"Valença do Piauí",2201,"Teresina",22,"Piauí","PI",2,"Nordeste"
2204808,"Ipiranga do Piauí",22013,"Picos",2204,"Sudeste Piauiense",220004,"Valença do Piauí",2201,"Teresina",22,"Piauí","PI",2,"Nordeste"
2204907,"Isaías Coelho",22015,"Alto Médio Canindé",2204,"Sudeste Piauiense",220009,"Picos",2203,"Picos",22,"Piauí","PI",2,"Nordeste"
2205003,"Itainópolis",22015,"Alto Médio Canindé",2204,"Sudeste Piauiense",220009,"Picos",2203,"Picos",22,"Piauí","PI",2,"Nordeste"
2205102,"Itaueira",22009,"Floriano",2203,"Sudoeste Piauiense",220017,"Floriano",2206,"Floriano",22,"Piauí","PI",2,"Nordeste"
2205151,"Jacobina do Piauí",22015,"Alto Médio Canindé",2204,"Sudeste Piauiense",220010,"Paulistana",2203,"Picos",22,"Piauí","PI",2,"Nordeste"
2205201,"Jaicós",22015,"Alto Médio Canindé",2204,"Sudeste Piauiense",220009,"Picos",2203,"Picos",22,"Piauí","PI",2,"Nordeste"
2205250,"Jardim do Mulato",22005,"Médio Parnaíba Piauiense",2202,"Centro-Norte Piauiense",220002,"Amarante - Água Branca - Regeneração",2201,"Teresina",22,"Piauí","PI",2,"Nordeste"
2205276,"Jatobá do Piauí",22004,"Campo Maior",2202,"Centro-Norte Piauiense",220003,"Campo Maior",2201,"Teresina",22,"Piauí","PI",2,"Nordeste"
2205300,"Jerumenha",22009,"Floriano",2203,"Sudoeste Piauiense",220017,"Floriano",2206,"Floriano",22,"Piauí","PI",2,"Nordeste"
2205359,"João Costa",22015,"Alto Médio Canindé",2204,"Sudeste Piauiense",220014,"São João do Piauí",2204,"São Raimundo Nonato",22,"Piauí","PI",2,"Nordeste"
2205409,"Joaquim Pires",22001,"Baixo Parnaíba Piauiense",2201,"Norte Piauiense",220008,"Esperantina",2202,"Parnaíba",22,"Piauí","PI",2,"Nordeste"
2205458,"Joca Marques",22001,"Baixo Parnaíba Piauiense",2201,"Norte Piauiense",220008,"Esperantina",2202,"Parnaíba",22,"Piauí","PI",2,"Nordeste"
2205508,"José de Freitas",22003,"Teresina",2202,"Centro-Norte Piauiense",220001,"Teresina",2201,"Teresina",22,"Piauí","PI",2,"Nordeste"
2205516,"Juazeiro do Piauí",22004,"Campo Maior",2202,"Centro-Norte Piauiense",220003,"Campo Maior",2201,"Teresina",22,"Piauí","PI",2,"Nordeste"
2205524,"Júlio Borges",22012,"Chapadas do Extremo Sul Piauiense",2203,"Sudoeste Piauiense",220015,"Corrente",2205,"Corrente - Bom Jesus",22,"Piauí","PI",2,"Nordeste"
2205532,"Jurema",22011,"São Raimundo Nonato",2203,"Sudoeste Piauiense",220013,"São Raimundo Nonato",2204,"São Raimundo Nonato",22,"Piauí","PI",2,"Nordeste"
2205540,"Lagoinha do Piauí",22005,"Médio Parnaíba Piauiense",2202,"Centro-Norte Piauiense",220002,"Amarante - Água Branca - Regeneração",2201,"Teresina",22,"Piauí","PI",2,"Nordeste"
2205557,"Lagoa Alegre",22003,"Teresina",2202,"Centro-Norte Piauiense",220001,"Teresina",2201,"Teresina",22,"Piauí","PI",2,"Nordeste"
2205565,"Lagoa do Barro do Piauí",22015,"Alto Médio Canindé",2204,"Sudeste Piauiense",220014,"São João do Piauí",2204,"São Raimundo Nonato",22,"Piauí","PI",2,"Nordeste"
2205573,"Lagoa de São Francisco",22004,"Campo Maior",2202,"Centro-Norte Piauiense",220007,"Piripiri",2202,"Parnaíba",22,"Piauí","PI",2,"Nordeste"
2205581,"Lagoa do Piauí",22003,"Teresina",2202,"Centro-Norte Piauiense",220001,"Teresina",2201,"Teresina",22,"Piauí","PI",2,"Nordeste"
2205599,"Lagoa do Sítio",22006,"Valença do Piauí",2202,"Centro-Norte Piauiense",220004,"Valença do Piauí",2201,"Teresina",22,"Piauí","PI",2,"Nordeste"
2205607,"Landri Sales",22008,"Bertolínia",2203,"Sudoeste Piauiense",220017,"Floriano",2206,"Floriano",22,"Piauí","PI",2,"Nordeste"
2205706,"Luís Correia",22002,"Litoral Piauiense",2201,"Norte Piauiense",220006,"Parnaíba",2202,"Parnaíba",22,"Piauí","PI",2,"Nordeste"
2205805,"Luzilândia",22001,"Baixo Parnaíba Piauiense",2201,"Norte Piauiense",220008,"Esperantina",2202,"Parnaíba",22,"Piauí","PI",2,"Nordeste"
2205854,"Madeiro",22001,"Baixo Parnaíba Piauiense",2201,"Norte Piauiense",220008,"Esperantina",2202,"Parnaíba",22,"Piauí","PI",2,"Nordeste"
2205904,"Manoel Emídio",22008,"Bertolínia",2203,"Sudoeste Piauiense",220018,"Uruçuí",2206,"Floriano",22,"Piauí","PI",2,"Nordeste"
2205953,"Marcolândia",22015,"Alto Médio Canindé",2204,"Sudeste Piauiense",220009,"Picos",2203,"Picos",22,"Piauí","PI",2,"Nordeste"
2206001,"Marcos Parente",22008,"Bertolínia",2203,"Sudoeste Piauiense",220017,"Floriano",2206,"Floriano",22,"Piauí","PI",2,"Nordeste"
2206050,"Massapê do Piauí",22015,"Alto Médio Canindé",2204,"Sudeste Piauiense",220009,"Picos",2203,"Picos",22,"Piauí","PI",2,"Nordeste"
2206100,"Matias Olímpio",22001,"Baixo Parnaíba Piauiense",2201,"Norte Piauiense",220008,"Esperantina",2202,"Parnaíba",22,"Piauí","PI",2,"Nordeste"
2206209,"Miguel Alves",22001,"Baixo Parnaíba Piauiense",2201,"Norte Piauiense",220001,"Teresina",2201,"Teresina",22,"Piauí","PI",2,"Nordeste"
2206308,"Miguel Leão",22003,"Teresina",2202,"Centro-Norte Piauiense",220002,"Amarante - Água Branca - Regeneração",2201,"Teresina",22,"Piauí","PI",2,"Nordeste"
2206357,"Milton Brandão",22004,"Campo Maior",2202,"Centro-Norte Piauiense",220007,"Piripiri",2202,"Parnaíba",22,"Piauí","PI",2,"Nordeste"
2206407,"Monsenhor Gil",22003,"Teresina",2202,"Centro-Norte Piauiense",220001,"Teresina",2201,"Teresina",22,"Piauí","PI",2,"Nordeste"
2206506,"Monsenhor Hipólito",22014,"Pio IX",2204,"Sudeste Piauiense",220009,"Picos",2203,"Picos",22,"Piauí","PI",2,"Nordeste"
2206605,"Monte Alegre do Piauí",22010,"Alto Médio Gurguéia",2203,"Sudoeste Piauiense",220015,"Corrente",2205,"Corrente - Bom Jesus",22,"Piauí","PI",2,"Nordeste"
2206654,"Morro Cabeça no Tempo",22012,"Chapadas do Extremo Sul Piauiense",2203,"Sudoeste Piauiense",220015,"Corrente",2205,"Corrente - Bom Jesus",22,"Piauí","PI",2,"Nordeste"
2206670,"Morro do Chapéu do Piauí",22001,"Baixo Parnaíba Piauiense",2201,"Norte Piauiense",220008,"Esperantina",2202,"Parnaíba",22,"Piauí","PI",2,"Nordeste"
2206696,"Murici dos Portelas",22002,"Litoral Piauiense",2201,"Norte Piauiense",220006,"Parnaíba",2202,"Parnaíba",22,"Piauí","PI",2,"Nordeste"
2206704,"Nazaré do Piauí",22009,"Floriano",2203,"Sudoeste Piauiense",220017,"Floriano",2206,"Floriano",22,"Piauí","PI",2,"Nordeste"
2206720,"Nazária",22003,"Teresina",2202,"Centro-Norte Piauiense",220001,"Teresina",2201,"Teresina",22,"Piauí","PI",2,"Nordeste"
2206753,"Nossa Senhora de Nazaré",22004,"Campo Maior",2202,"Centro-Norte Piauiense",220003,"Campo Maior",2201,"Teresina",22,"Piauí","PI",2,"Nordeste"
2206803,"Nossa Senhora dos Remédios",22001,"Baixo Parnaíba Piauiense",2201,"Norte Piauiense",220005,"Barras",2201,"Teresina",22,"Piauí","PI",2,"Nordeste"
2206902,"Novo Oriente do Piauí",22006,"Valença do Piauí",2202,"Centro-Norte Piauiense",220004,"Valença do Piauí",2201,"Teresina",22,"Piauí","PI",2,"Nordeste"
2206951,"Novo Santo Antônio",22004,"Campo Maior",2202,"Centro-Norte Piauiense",220001,"Teresina",2201,"Teresina",22,"Piauí","PI",2,"Nordeste"
2207009,"Oeiras",22013,"Picos",2204,"Sudeste Piauiense",220011,"Oeiras",2203,"Picos",22,"Piauí","PI",2,"Nordeste"
2207108,"Olho D'Água do Piauí",22005,"Médio Parnaíba Piauiense",2202,"Centro-Norte Piauiense",220002,"Amarante - Água Branca - Regeneração",2201,"Teresina",22,"Piauí","PI",2,"Nordeste"
2207207,"Padre Marcos",22015,"Alto Médio Canindé",2204,"Sudeste Piauiense",220009,"Picos",2203,"Picos",22,"Piauí","PI",2,"Nordeste"
2207306,"Paes Landim",22015,"Alto Médio Canindé",2204,"Sudeste Piauiense",220012,"Simplício Mendes",2203,"Picos",22,"Piauí","PI",2,"Nordeste"
2207355,"Pajeú do Piauí",22011,"São Raimundo Nonato",2203,"Sudoeste Piauiense",220019,"Canto do Buriti",2206,"Floriano",22,"Piauí","PI",2,"Nordeste"
2207405,"Palmeira do Piauí",22010,"Alto Médio Gurguéia",2203,"Sudoeste Piauiense",220016,"Bom Jesus",2205,"Corrente - Bom Jesus",22,"Piauí","PI",2,"Nordeste"
2207504,"Palmeirais",22005,"Médio Parnaíba Piauiense",2202,"Centro-Norte Piauiense",220002,"Amarante - Água Branca - Regeneração",2201,"Teresina",22,"Piauí","PI",2,"Nordeste"
2207553,"Paquetá",22013,"Picos",2204,"Sudeste Piauiense",220009,"Picos",2203,"Picos",22,"Piauí","PI",2,"Nordeste"
2207603,"Parnaguá",22012,"Chapadas do Extremo Sul Piauiense",2203,"Sudoeste Piauiense",220015,"Corrente",2205,"Corrente - Bom Jesus",22,"Piauí","PI",2,"Nordeste"
2207702,"Parnaíba",22002,"Litoral Piauiense",2201,"Norte Piauiense",220006,"Parnaíba",2202,"Parnaíba",22,"Piauí","PI",2,"Nordeste"
2207751,"Passagem Franca do Piauí",22005,"Médio Parnaíba Piauiense",2202,"Centro-Norte Piauiense",220002,"Amarante - Água Branca - Regeneração",2201,"Teresina",22,"Piauí","PI",2,"Nordeste"
2207777,"Patos do Piauí",22015,"Alto Médio Canindé",2204,"Sudeste Piauiense",220010,"Paulistana",2203,"Picos",22,"Piauí","PI",2,"Nordeste"
2207793,"Pau D'Arco do Piauí",22003,"Teresina",2202,"Centro-Norte Piauiense",220001,"Teresina",2201,"Teresina",22,"Piauí","PI",2,"Nordeste"
2207801,"Paulistana",22015,"Alto Médio Canindé",2204,"Sudeste Piauiense",220010,"Paulistana",2203,"Picos",22,"Piauí","PI",2,"Nordeste"
2207850,"Pavussu",22009,"Floriano",2203,"Sudoeste Piauiense",220019,"Canto do Buriti",2206,"Floriano",22,"Piauí","PI",2,"Nordeste"
2207900,"Pedro II",22004,"Campo Maior",2202,"Centro-Norte Piauiense",220007,"Piripiri",2202,"Parnaíba",22,"Piauí","PI",2,"Nordeste"
2207934,"Pedro Laurentino",22015,"Alto Médio Canindé",2204,"Sudeste Piauiense",220014,"São João do Piauí",2204,"São Raimundo Nonato",22,"Piauí","PI",2,"Nordeste"
2207959,"Nova Santa Rita",22015,"Alto Médio Canindé",2204,"Sudeste Piauiense",220014,"São João do Piauí",2204,"São Raimundo Nonato",22,"Piauí","PI",2,"Nordeste"
2208007,"Picos",22013,"Picos",2204,"Sudeste Piauiense",220009,"Picos",2203,"Picos",22,"Piauí","PI",2,"Nordeste"
2208106,"Pimenteiras",22006,"Valença do Piauí",2202,"Centro-Norte Piauiense",220004,"Valença do Piauí",2201,"Teresina",22,"Piauí","PI",2,"Nordeste"
2208205,"Pio IX",22014,"Pio IX",2204,"Sudeste Piauiense",220009,"Picos",2203,"Picos",22,"Piauí","PI",2,"Nordeste"
2208304,"Piracuruca",22002,"Litoral Piauiense",2201,"Norte Piauiense",220007,"Piripiri",2202,"Parnaíba",22,"Piauí","PI",2,"Nordeste"
2208403,"Piripiri",22001,"Baixo Parnaíba Piauiense",2201,"Norte Piauiense",220007,"Piripiri",2202,"Parnaíba",22,"Piauí","PI",2,"Nordeste"
2208502,"Porto",22001,"Baixo Parnaíba Piauiense",2201,"Norte Piauiense",220005,"Barras",2201,"Teresina",22,"Piauí","PI",2,"Nordeste"
2208551,"Porto Alegre do Piauí",22008,"Bertolínia",2203,"Sudoeste Piauiense",220017,"Floriano",2206,"Floriano",22,"Piauí","PI",2,"Nordeste"
2208601,"Prata do Piauí",22006,"Valença do Piauí",2202,"Centro-Norte Piauiense",220002,"Amarante - Água Branca - Regeneração",2201,"Teresina",22,"Piauí","PI",2,"Nordeste"
2208650,"Queimada Nova",22015,"Alto Médio Canindé",2204,"Sudeste Piauiense",220010,"Paulistana",2203,"Picos",22,"Piauí","PI",2,"Nordeste"
2208700,"Redenção do Gurguéia",22010,"Alto Médio Gurguéia",2203,"Sudoeste Piauiense",220016,"Bom Jesus",2205,"Corrente - Bom Jesus",22,"Piauí","PI",2,"Nordeste"
2208809,"Regeneração",22005,"Médio Parnaíba Piauiense",2202,"Centro-Norte Piauiense",220002,"Amarante - Água Branca - Regeneração",2201,"Teresina",22,"Piauí","PI",2,"Nordeste"
2208858,"Riacho Frio",22012,"Chapadas do Extremo Sul Piauiense",2203,"Sudoeste Piauiense",220015,"Corrente",2205,"Corrente - Bom Jesus",22,"Piauí","PI",2,"Nordeste"
2208874,"Ribeira do Piauí",22015,"Alto Médio Canindé",2204,"Sudeste Piauiense",220014,"São João do Piauí",2204,"São Raimundo Nonato",22,"Piauí","PI",2,"Nordeste"
2208908,"Ribeiro Gonçalves",22007,"Alto Parnaíba Piauiense",2203,"Sudoeste Piauiense",220018,"Uruçuí",2206,"Floriano",22,"Piauí","PI",2,"Nordeste"
2209005,"Rio Grande do Piauí",22009,"Floriano",2203,"Sudoeste Piauiense",220019,"Canto do Buriti",2206,"Floriano",22,"Piauí","PI",2,"Nordeste"
2209104,"Santa Cruz do Piauí",22013,"Picos",2204,"Sudeste Piauiense",220009,"Picos",2203,"Picos",22,"Piauí","PI",2,"Nordeste"
2209153,"Santa Cruz dos Milagres",22006,"Valença do Piauí",2202,"Centro-Norte Piauiense",220004,"Valença do Piauí",2201,"Teresina",22,"Piauí","PI",2,"Nordeste"
2209203,"Santa Filomena",22007,"Alto Parnaíba Piauiense",2203,"Sudoeste Piauiense",220015,"Corrente",2205,"Corrente - Bom Jesus",22,"Piauí","PI",2,"Nordeste"
2209302,"Santa Luz",22010,"Alto Médio Gurguéia",2203,"Sudoeste Piauiense",220016,"Bom Jesus",2205,"Corrente - Bom Jesus",22,"Piauí","PI",2,"Nordeste"
2209351,"Santana do Piauí",22013,"Picos",2204,"Sudeste Piauiense",220009,"Picos",2203,"Picos",22,"Piauí","PI",2,"Nordeste"
2209377,"Santa Rosa do Piauí",22013,"Picos",2204,"Sudeste Piauiense",220011,"Oeiras",2203,"Picos",22,"Piauí","PI",2,"Nordeste"
2209401,"Santo Antônio de Lisboa",22014,"Pio IX",2204,"Sudeste Piauiense",220009,"Picos",2203,"Picos",22,"Piauí","PI",2,"Nordeste"
2209450,"Santo Antônio dos Milagres",22005,"Médio Parnaíba Piauiense",2202,"Centro-Norte Piauiense",220002,"Amarante - Água Branca - Regeneração",2201,"Teresina",22,"Piauí","PI",2,"Nordeste"
2209500,"Santo Inácio do Piauí",22015,"Alto Médio Canindé",2204,"Sudeste Piauiense",220011,"Oeiras",2203,"Picos",22,"Piauí","PI",2,"Nordeste"
2209559,"São Braz do Piauí",22011,"São Raimundo Nonato",2203,"Sudoeste Piauiense",220013,"São Raimundo Nonato",2204,"São Raimundo Nonato",22,"Piauí","PI",2,"Nordeste"
2209609,"São Félix do Piauí",22006,"Valença do Piauí",2202,"Centro-Norte Piauiense",220002,"Amarante - Água Branca - Regeneração",2201,"Teresina",22,"Piauí","PI",2,"Nordeste"
2209658,"São Francisco de Assis do Piauí",22015,"Alto Médio Canindé",2204,"Sudeste Piauiense",220012,"Simplício Mendes",2203,"Picos",22,"Piauí","PI",2,"Nordeste"
2209708,"São Francisco do Piauí",22009,"Floriano",2203,"Sudoeste Piauiense",220017,"Floriano",2206,"Floriano",22,"Piauí","PI",2,"Nordeste"
2209757,"São Gonçalo do Gurguéia",22010,"Alto Médio Gurguéia",2203,"Sudoeste Piauiense",220015,"Corrente",2205,"Corrente - Bom Jesus",22,"Piauí","PI",2,"Nordeste"
2209807,"São Gonçalo do Piauí",22005,"Médio Parnaíba Piauiense",2202,"Centro-Norte Piauiense",220002,"Amarante - Água Branca - Regeneração",2201,"Teresina",22,"Piauí","PI",2,"Nordeste"
2209856,"São João da Canabrava",22013,"Picos",2204,"Sudeste Piauiense",220009,"Picos",2203,"Picos",22,"Piauí","PI",2,"Nordeste"
2209872,"São João da Fronteira",22002,"Litoral Piauiense",2201,"Norte Piauiense",220007,"Piripiri",2202,"Parnaíba",22,"Piauí","PI",2,"Nordeste"
2209906,"São João da Serra",22004,"Campo Maior",2202,"Centro-Norte Piauiense",220003,"Campo Maior",2201,"Teresina",22,"Piauí","PI",2,"Nordeste"
2209955,"São João da Varjota",22013,"Picos",2204,"Sudeste Piauiense",220011,"Oeiras",2203,"Picos",22,"Piauí","PI",2,"Nordeste"
2209971,"São João do Arraial",22001,"Baixo Parnaíba Piauiense",2201,"Norte Piauiense",220008,"Esperantina",2202,"Parnaíba",22,"Piauí","PI",2,"Nordeste"
2210003,"São João do Piauí",22015,"Alto Médio Canindé",2204,"Sudeste Piauiense",220014,"São João do Piauí",2204,"São Raimundo Nonato",22,"Piauí","PI",2,"Nordeste"
2210052,"São José do Divino",22002,"Litoral Piauiense",2201,"Norte Piauiense",220007,"Piripiri",2202,"Parnaíba",22,"Piauí","PI",2,"Nordeste"
2210102,"São José do Peixe",22009,"Floriano",2203,"Sudoeste Piauiense",220017,"Floriano",2206,"Floriano",22,"Piauí","PI",2,"Nordeste"
2210201,"São José do Piauí",22013,"Picos",2204,"Sudeste Piauiense",220009,"Picos",2203,"Picos",22,"Piauí","PI",2,"Nordeste"
2210300,"São Julião",22014,"Pio IX",2204,"Sudeste Piauiense",220009,"Picos",2203,"Picos",22,"Piauí","PI",2,"Nordeste"
2210359,"São Lourenço do Piauí",22011,"São Raimundo Nonato",2203,"Sudoeste Piauiense",220013,"São Raimundo Nonato",2204,"São Raimundo Nonato",22,"Piauí","PI",2,"Nordeste"
2210375,"São Luis do Piauí",22013,"Picos",2204,"Sudeste Piauiense",220009,"Picos",2203,"Picos",22,"Piauí","PI",2,"Nordeste"
2210383,"São Miguel da Baixa Grande",22006,"Valença do Piauí",2202,"Centro-Norte Piauiense",220002,"Amarante - Água Branca - Regeneração",2201,"Teresina",22,"Piauí","PI",2,"Nordeste"
2210391,"São Miguel do Fidalgo",22009,"Floriano",2203,"Sudoeste Piauiense",220011,"Oeiras",2203,"Picos",22,"Piauí","PI",2,"Nordeste"
2210409,"São Miguel do Tapuio",22004,"Campo Maior",2202,"Centro-Norte Piauiense",220003,"Campo Maior",2201,"Teresina",22,"Piauí","PI",2,"Nordeste"
2210508,"São Pedro do Piauí",22005,"Médio Parnaíba Piauiense",2202,"Centro-Norte Piauiense",220002,"Amarante - Água Branca - Regeneração",2201,"Teresina",22,"Piauí","PI",2,"Nordeste"
2210607,"São Raimundo Nonato",22011,"São Raimundo Nonato",2203,"Sudoeste Piauiense",220013,"São Raimundo Nonato",2204,"São Raimundo Nonato",22,"Piauí","PI",2,"Nordeste"
2210623,"Sebastião Barros",22012,"Chapadas do Extremo Sul Piauiense",2203,"Sudoeste Piauiense",220015,"Corrente",2205,"Corrente - Bom Jesus",22,"Piauí","PI",2,"Nordeste"
2210631,"Sebastião Leal",22008,"Bertolínia",2203,"Sudoeste Piauiense",220018,"Uruçuí",2206,"Floriano",22,"Piauí","PI",2,"Nordeste"
2210656,"Sigefredo Pacheco",22004,"Campo Maior",2202,"Centro-Norte Piauiense",220003,"Campo Maior",2201,"Teresina",22,"Piauí","PI",2,"Nordeste"
2210706,"Simões",22015,"Alto Médio Canindé",2204,"Sudeste Piauiense",220010,"Paulistana",2203,"Picos",22,"Piauí","PI",2,"Nordeste"
2210805,"Simplício Mendes",22015,"Alto Médio Canindé",2204,"Sudeste Piauiense",220012,"Simplício Mendes",2203,"Picos",22,"Piauí","PI",2,"Nordeste"
2210904,"Socorro do Piauí",22015,"Alto Médio Canindé",2204,"Sudeste Piauiense",220012,"Simplício Mendes",2203,"Picos",22,"Piauí","PI",2,"Nordeste"
2210938,"Sussuapara",22013,"Picos",2204,"Sudeste Piauiense",220009,"Picos",2203,"Picos",22,"Piauí","PI",2,"Nordeste"
2210953,"Tamboril do Piauí",22011,"São Raimundo Nonato",2203,"Sudoeste Piauiense",220019,"Canto do Buriti",2206,"Floriano",22,"Piauí","PI",2,"Nordeste"
2210979,"Tanque do Piauí",22013,"Picos",2204,"Sudeste Piauiense",220011,"Oeiras",2203,"Picos",22,"Piauí","PI",2,"Nordeste"
2211001,"Teresina",22003,"Teresina",2202,"Centro-Norte Piauiense",220001,"Teresina",2201,"Teresina",22,"Piauí","PI",2,"Nordeste"
2211100,"União",22003,"Teresina",2202,"Centro-Norte Piauiense",220001,"Teresina",2201,"Teresina",22,"Piauí","PI",2,"Nordeste"
2211209,"Uruçuí",22007,"Alto Parnaíba Piauiense",2203,"Sudoeste Piauiense",220018,"Uruçuí",2206,"Floriano",22,"Piauí","PI",2,"Nordeste"
2211308,"Valença do Piauí",22006,"Valença do Piauí",2202,"Centro-Norte Piauiense",220004,"Valença do Piauí",2201,"Teresina",22,"Piauí","PI",2,"Nordeste"
2211357,"Várzea Branca",22011,"São Raimundo Nonato",2203,"Sudoeste Piauiense",220013,"São Raimundo Nonato",2204,"São Raimundo Nonato",22,"Piauí","PI",2,"Nordeste"
2211407,"Várzea Grande",22006,"Valença do Piauí",2202,"Centro-Norte Piauiense",220002,"Amarante - Água Branca - Regeneração",2201,"Teresina",22,"Piauí","PI",2,"Nordeste"
2211506,"Vera Mendes",22015,"Alto Médio Canindé",2204,"Sudeste Piauiense",220009,"Picos",2203,"Picos",22,"Piauí","PI",2,"Nordeste"
2211605,"Vila Nova do Piauí",22015,"Alto Médio Canindé",2204,"Sudeste Piauiense",220009,"Picos",2203,"Picos",22,"Piauí","PI",2,"Nordeste"
2211704,"Wall Ferraz",22013,"Picos",2204,"Sudeste Piauiense",220009,"Picos",2203,"Picos",22,"Piauí","PI",2,"Nordeste"
2300101,"Abaiara",23033,"Brejo Santo",2307,"Sul Cearense",230012,"Brejo Santo",2304,"Juazeiro do Norte",23,"Ceará","CE",2,"Nordeste"
2300150,"Acarape",23013,"Baturité",2302,"Norte Cearense",230003,"Redenção-Acarape",2301,"Fortaleza",23,"Ceará","CE",2,"Nordeste"
2300200,"Acaraú",23001,"Litoral de Camocim e Acaraú",2301,"Noroeste Cearense",230017,"Acaraú",2306,"Sobral",23,"Ceará","CE",2,"Nordeste"
2300309,"Acopiara",23021,"Sertão de Senador Pompeu",2304,"Sertões Cearenses",230009,"Iguatu",2303,"Iguatu",23,"Ceará","CE",2,"Nordeste"
2300408,"Aiuaba",23020,"Sertão de Inhamuns",2304,"Sertões Cearenses",230011,"Juazeiro do Norte",2304,"Juazeiro do Norte",23,"Ceará","CE",2,"Nordeste"
2300507,"Alcântaras",23004,"Meruoca",2301,"Noroeste Cearense",230015,"Sobral",2306,"Sobral",23,"Ceará","CE",2,"Nordeste"
2300606,"Altaneira",23030,"Caririaçu",2307,"Sul Cearense",230011,"Juazeiro do Norte",2304,"Juazeiro do Norte",23,"Ceará","CE",2,"Nordeste"
2300705,"Alto Santo",23023,"Baixo Jaguaribe",2305,"Jaguaribe",230007,"Russas - Limoeiro do Norte",2302,"Quixadá",23,"Ceará","CE",2,"Nordeste"
2300754,"Amontada",23008,"Itapipoca",2302,"Norte Cearense",230002,"Itapipoca",2301,"Fortaleza",23,"Ceará","CE",2,"Nordeste"
2300804,"Antonina do Norte",23027,"Várzea Alegre",2306,"Centro-Sul Cearense",230011,"Juazeiro do Norte",2304,"Juazeiro do Norte",23,"Ceará","CE",2,"Nordeste"
2300903,"Apuiarés",23011,"Médio Curu",2302,"Norte Cearense",230005,"Itapagé",2301,"Fortaleza",23,"Ceará","CE",2,"Nordeste"
2301000,"Aquiraz",23016,"Fortaleza",2303,"Metropolitana de Fortaleza",230001,"Fortaleza",2301,"Fortaleza",23,"Ceará","CE",2,"Nordeste"
2301109,"Aracati",23022,"Litoral de Aracati",2305,"Jaguaribe",230008,"Aracati",2302,"Quixadá",23,"Ceará","CE",2,"Nordeste"
2301208,"Aracoiaba",23013,"Baturité",2302,"Norte Cearense",230003,"Redenção-Acarape",2301,"Fortaleza",23,"Ceará","CE",2,"Nordeste"
2301257,"Ararendá",23018,"Sertão de Cratéus",2304,"Sertões Cearenses",230013,"Crateús",2305,"Crateús",23,"Ceará","CE",2,"Nordeste"
2301307,"Araripe",23029,"Chapada do Araripe",2307,"Sul Cearense",230011,"Juazeiro do Norte",2304,"Juazeiro do Norte",23,"Ceará","CE",2,"Nordeste"
2301406,"Aratuba",23013,"Baturité",2302,"Norte Cearense",230003,"Redenção-Acarape",2301,"Fortaleza",23,"Ceará","CE",2,"Nordeste"
2301505,"Arneiroz",23020,"Sertão de Inhamuns",2304,"Sertões Cearenses",230014,"Tauá",2305,"Crateús",23,"Ceará","CE",2,"Nordeste"
2301604,"Assaré",23029,"Chapada do Araripe",2307,"Sul Cearense",230011,"Juazeiro do Norte",2304,"Juazeiro do Norte",23,"Ceará","CE",2,"Nordeste"
2301703,"Aurora",23031,"Barro",2307,"Sul Cearense",230011,"Juazeiro do Norte",2304,"Juazeiro do Norte",23,"Ceará","CE",2,"Nordeste"
2301802,"Baixio",23028,"Lavras da Mangabeira",2306,"Centro-Sul Cearense",230010,"Icó",2303,"Iguatu",23,"Ceará","CE",2,"Nordeste"
2301851,"Banabuiú",23019,"Sertão de Quixeramobim",2304,"Sertões Cearenses",230006,"Quixadá",2302,"Quixadá",23,"Ceará","CE",2,"Nordeste"
2301901,"Barbalha",23032,"Cariri",2307,"Sul Cearense",230011,"Juazeiro do Norte",2304,"Juazeiro do Norte",23,"Ceará","CE",2,"Nordeste"
2301950,"Barreira",23014,"Chorozinho",2302,"Norte Cearense",230003,"Redenção-Acarape",2301,"Fortaleza",23,"Ceará","CE",2,"Nordeste"
2302008,"Barro",23031,"Barro",2307,"Sul Cearense",230012,"Brejo Santo",2304,"Juazeiro do Norte",23,"Ceará","CE",2,"Nordeste"
2302057,"Barroquinha",23001,"Litoral de Camocim e Acaraú",2301,"Noroeste Cearense",230018,"Camocim",2306,"Sobral",23,"Ceará","CE",2,"Nordeste"
2302107,"Baturité",23013,"Baturité",2302,"Norte Cearense",230003,"Redenção-Acarape",2301,"Fortaleza",23,"Ceará","CE",2,"Nordeste"
2302206,"Beberibe",23015,"Cascavel",2302,"Norte Cearense",230001,"Fortaleza",2301,"Fortaleza",23,"Ceará","CE",2,"Nordeste"
2302305,"Bela Cruz",23001,"Litoral de Camocim e Acaraú",2301,"Noroeste Cearense",230017,"Acaraú",2306,"Sobral",23,"Ceará","CE",2,"Nordeste"
2302404,"Boa Viagem",23019,"Sertão de Quixeramobim",2304,"Sertões Cearenses",230004,"Canindé",2301,"Fortaleza",23,"Ceará","CE",2,"Nordeste"
2302503,"Brejo Santo",23033,"Brejo Santo",2307,"Sul Cearense",230012,"Brejo Santo",2304,"Juazeiro do Norte",23,"Ceará","CE",2,"Nordeste"
2302602,"Camocim",23001,"Litoral de Camocim e Acaraú",2301,"Noroeste Cearense",230018,"Camocim",2306,"Sobral",23,"Ceará","CE",2,"Nordeste"
2302701,"Campos Sales",23029,"Chapada do Araripe",2307,"Sul Cearense",230011,"Juazeiro do Norte",2304,"Juazeiro do Norte",23,"Ceará","CE",2,"Nordeste"
2302800,"Canindé",23012,"Canindé",2302,"Norte Cearense",230004,"Canindé",2301,"Fortaleza",23,"Ceará","CE",2,"Nordeste"
2302909,"Capistrano",23013,"Baturité",2302,"Norte Cearense",230003,"Redenção-Acarape",2301,"Fortaleza",23,"Ceará","CE",2,"Nordeste"
2303006,"Caridade",23012,"Canindé",2302,"Norte Cearense",230004,"Canindé",2301,"Fortaleza",23,"Ceará","CE",2,"Nordeste"
2303105,"Cariré",23005,"Sobral",2301,"Noroeste Cearense",230015,"Sobral",2306,"Sobral",23,"Ceará","CE",2,"Nordeste"
2303204,"Caririaçu",23030,"Caririaçu",2307,"Sul Cearense",230011,"Juazeiro do Norte",2304,"Juazeiro do Norte",23,"Ceará","CE",2,"Nordeste"
2303303,"Cariús",23027,"Várzea Alegre",2306,"Centro-Sul Cearense",230009,"Iguatu",2303,"Iguatu",23,"Ceará","CE",2,"Nordeste"
2303402,"Carnaubal",23002,"Ibiapaba",2301,"Noroeste Cearense",230016,"São Benedito - Ipu - Guaraciaba do Norte - Tianguá",2306,"Sobral",23,"Ceará","CE",2,"Nordeste"
2303501,"Cascavel",23015,"Cascavel",2302,"Norte Cearense",230001,"Fortaleza",2301,"Fortaleza",23,"Ceará","CE",2,"Nordeste"
2303600,"Catarina",23020,"Sertão de Inhamuns",2304,"Sertões Cearenses",230009,"Iguatu",2303,"Iguatu",23,"Ceará","CE",2,"Nordeste"
2303659,"Catunda",23007,"Santa Quitéria",2301,"Noroeste Cearense",230015,"Sobral",2306,"Sobral",23,"Ceará","CE",2,"Nordeste"
2303709,"Caucaia",23016,"Fortaleza",2303,"Metropolitana de Fortaleza",230001,"Fortaleza",2301,"Fortaleza",23,"Ceará","CE",2,"Nordeste"
2303808,"Cedro",23026,"Iguatu",2306,"Centro-Sul Cearense",230009,"Iguatu",2303,"Iguatu",23,"Ceará","CE",2,"Nordeste"
2303907,"Chaval",23001,"Litoral de Camocim e Acaraú",2301,"Noroeste Cearense",230018,"Camocim",2306,"Sobral",23,"Ceará","CE",2,"Nordeste"
2303931,"Choró",23019,"Sertão de Quixeramobim",2304,"Sertões Cearenses",230006,"Quixadá",2302,"Quixadá",23,"Ceará","CE",2,"Nordeste"
2303956,"Chorozinho",23014,"Chorozinho",2302,"Norte Cearense",230001,"Fortaleza",2301,"Fortaleza",23,"Ceará","CE",2,"Nordeste"
2304004,"Coreaú",23003,"Coreaú",2301,"Noroeste Cearense",230015,"Sobral",2306,"Sobral",23,"Ceará","CE",2,"Nordeste"
2304103,"Crateús",23018,"Sertão de Cratéus",2304,"Sertões Cearenses",230013,"Crateús",2305,"Crateús",23,"Ceará","CE",2,"Nordeste"
2304202,"Crato",23032,"Cariri",2307,"Sul Cearense",230011,"Juazeiro do Norte",2304,"Juazeiro do Norte",23,"Ceará","CE",2,"Nordeste"
2304236,"Croatá",23002,"Ibiapaba",2301,"Noroeste Cearense",230016,"São Benedito - Ipu - Guaraciaba do Norte - Tianguá",2306,"Sobral",23,"Ceará","CE",2,"Nordeste"
2304251,"Cruz",23001,"Litoral de Camocim e Acaraú",2301,"Noroeste Cearense",230017,"Acaraú",2306,"Sobral",23,"Ceará","CE",2,"Nordeste"
2304269,"Deputado Irapuan Pinheiro",23021,"Sertão de Senador Pompeu",2304,"Sertões Cearenses",230006,"Quixadá",2302,"Quixadá",23,"Ceará","CE",2,"Nordeste"
2304277,"Ereré",23025,"Serra do Pereiro",2305,"Jaguaribe",230007,"Russas - Limoeiro do Norte",2302,"Quixadá",23,"Ceará","CE",2,"Nordeste"
2304285,"Eusébio",23016,"Fortaleza",2303,"Metropolitana de Fortaleza",230001,"Fortaleza",2301,"Fortaleza",23,"Ceará","CE",2,"Nordeste"
2304301,"Farias Brito",23030,"Caririaçu",2307,"Sul Cearense",230011,"Juazeiro do Norte",2304,"Juazeiro do Norte",23,"Ceará","CE",2,"Nordeste"
2304350,"Forquilha",23005,"Sobral",2301,"Noroeste Cearense",230015,"Sobral",2306,"Sobral",23,"Ceará","CE",2,"Nordeste"
2304400,"Fortaleza",23016,"Fortaleza",2303,"Metropolitana de Fortaleza",230001,"Fortaleza",2301,"Fortaleza",23,"Ceará","CE",2,"Nordeste"
2304459,"Fortim",23022,"Litoral de Aracati",2305,"Jaguaribe",230008,"Aracati",2302,"Quixadá",23,"Ceará","CE",2,"Nordeste"
2304509,"Frecheirinha",23003,"Coreaú",2301,"Noroeste Cearense",230015,"Sobral",2306,"Sobral",23,"Ceará","CE",2,"Nordeste"
2304608,"General Sampaio",23011,"Médio Curu",2302,"Norte Cearense",230005,"Itapagé",2301,"Fortaleza",23,"Ceará","CE",2,"Nordeste"
2304657,"Graça",23005,"Sobral",2301,"Noroeste Cearense",230015,"Sobral",2306,"Sobral",23,"Ceará","CE",2,"Nordeste"
2304707,"Granja",23001,"Litoral de Camocim e Acaraú",2301,"Noroeste Cearense",230018,"Camocim",2306,"Sobral",23,"Ceará","CE",2,"Nordeste"
2304806,"Granjeiro",23030,"Caririaçu",2307,"Sul Cearense",230011,"Juazeiro do Norte",2304,"Juazeiro do Norte",23,"Ceará","CE",2,"Nordeste"
2304905,"Groaíras",23005,"Sobral",2301,"Noroeste Cearense",230015,"Sobral",2306,"Sobral",23,"Ceará","CE",2,"Nordeste"
2304954,"Guaiúba",23016,"Fortaleza",2303,"Metropolitana de Fortaleza",230001,"Fortaleza",2301,"Fortaleza",23,"Ceará","CE",2,"Nordeste"
2305001,"Guaraciaba do Norte",23002,"Ibiapaba",2301,"Noroeste Cearense",230016,"São Benedito - Ipu - Guaraciaba do Norte - Tianguá",2306,"Sobral",23,"Ceará","CE",2,"Nordeste"
2305100,"Guaramiranga",23013,"Baturité",2302,"Norte Cearense",230003,"Redenção-Acarape",2301,"Fortaleza",23,"Ceará","CE",2,"Nordeste"
2305209,"Hidrolândia",23007,"Santa Quitéria",2301,"Noroeste Cearense",230015,"Sobral",2306,"Sobral",23,"Ceará","CE",2,"Nordeste"
2305233,"Horizonte",23017,"Pacajus",2303,"Metropolitana de Fortaleza",230001,"Fortaleza",2301,"Fortaleza",23,"Ceará","CE",2,"Nordeste"
2305266,"Ibaretama",23019,"Sertão de Quixeramobim",2304,"Sertões Cearenses",230006,"Quixadá",2302,"Quixadá",23,"Ceará","CE",2,"Nordeste"
2305308,"Ibiapina",23002,"Ibiapaba",2301,"Noroeste Cearense",230016,"São Benedito - Ipu - Guaraciaba do Norte - Tianguá",2306,"Sobral",23,"Ceará","CE",2,"Nordeste"
2305332,"Ibicuitinga",23023,"Baixo Jaguaribe",2305,"Jaguaribe",230006,"Quixadá",2302,"Quixadá",23,"Ceará","CE",2,"Nordeste"
2305357,"Icapuí",23022,"Litoral de Aracati",2305,"Jaguaribe",230008,"Aracati",2302,"Quixadá",23,"Ceará","CE",2,"Nordeste"
2305407,"Icó",23026,"Iguatu",2306,"Centro-Sul Cearense",230010,"Icó",2303,"Iguatu",23,"Ceará","CE",2,"Nordeste"
2305506,"Iguatu",23026,"Iguatu",2306,"Centro-Sul Cearense",230009,"Iguatu",2303,"Iguatu",23,"Ceará","CE",2,"Nordeste"
2305605,"Independência",23018,"Sertão de Cratéus",2304,"Sertões Cearenses",230013,"Crateús",2305,"Crateús",23,"Ceará","CE",2,"Nordeste"
2305654,"Ipaporanga",23018,"Sertão de Cratéus",2304,"Sertões Cearenses",230013,"Crateús",2305,"Crateús",23,"Ceará","CE",2,"Nordeste"
2305704,"Ipaumirim",23028,"Lavras da Mangabeira",2306,"Centro-Sul Cearense",230010,"Icó",2303,"Iguatu",23,"Ceará","CE",2,"Nordeste"
2305803,"Ipu",23006,"Ipu",2301,"Noroeste Cearense",230016,"São Benedito - Ipu - Guaraciaba do Norte - Tianguá",2306,"Sobral",23,"Ceará","CE",2,"Nordeste"
2305902,"Ipueiras",23006,"Ipu",2301,"Noroeste Cearense",230016,"São Benedito - Ipu - Guaraciaba do Norte - Tianguá",2306,"Sobral",23,"Ceará","CE",2,"Nordeste"
2306009,"Iracema",23025,"Serra do Pereiro",2305,"Jaguaribe",230007,"Russas - Limoeiro do Norte",2302,"Quixadá",23,"Ceará","CE",2,"Nordeste"
2306108,"Irauçuba",23005,"Sobral",2301,"Noroeste Cearense",230005,"Itapagé",2301,"Fortaleza",23,"Ceará","CE",2,"Nordeste"
2306207,"Itaiçaba",23022,"Litoral de Aracati",2305,"Jaguaribe",230008,"Aracati",2302,"Quixadá",23,"Ceará","CE",2,"Nordeste"
2306256,"Itaitinga",23016,"Fortaleza",2303,"Metropolitana de Fortaleza",230001,"Fortaleza",2301,"Fortaleza",23,"Ceará","CE",2,"Nordeste"
2306306,"Itapajé",23010,"Uruburetama",2302,"Norte Cearense",230005,"Itapagé",2301,"Fortaleza",23,"Ceará","CE",2,"Nordeste"
2306405,"Itapipoca",23008,"Itapipoca",2302,"Norte Cearense",230002,"Itapipoca",2301,"Fortaleza",23,"Ceará","CE",2,"Nordeste"
2306504,"Itapiúna",23013,"Baturité",2302,"Norte Cearense",230003,"Redenção-Acarape",2301,"Fortaleza",23,"Ceará","CE",2,"Nordeste"
2306553,"Itarema",23001,"Litoral de Camocim e Acaraú",2301,"Noroeste Cearense",230017,"Acaraú",2306,"Sobral",23,"Ceará","CE",2,"Nordeste"
2306603,"Itatira",23012,"Canindé",2302,"Norte Cearense",230004,"Canindé",2301,"Fortaleza",23,"Ceará","CE",2,"Nordeste"
2306702,"Jaguaretama",23024,"Médio Jaguaribe",2305,"Jaguaribe",230007,"Russas - Limoeiro do Norte",2302,"Quixadá",23,"Ceará","CE",2,"Nordeste"
2306801,"Jaguaribara",23024,"Médio Jaguaribe",2305,"Jaguaribe",230007,"Russas - Limoeiro do Norte",2302,"Quixadá",23,"Ceará","CE",2,"Nordeste"
2306900,"Jaguaribe",23024,"Médio Jaguaribe",2305,"Jaguaribe",230007,"Russas - Limoeiro do Norte",2302,"Quixadá",23,"Ceará","CE",2,"Nordeste"
2307007,"Jaguaruana",23023,"Baixo Jaguaribe",2305,"Jaguaribe",230008,"Aracati",2302,"Quixadá",23,"Ceará","CE",2,"Nordeste"
2307106,"Jardim",23032,"Cariri",2307,"Sul Cearense",230011,"Juazeiro do Norte",2304,"Juazeiro do Norte",23,"Ceará","CE",2,"Nordeste"
2307205,"Jati",23033,"Brejo Santo",2307,"Sul Cearense",230012,"Brejo Santo",2304,"Juazeiro do Norte",23,"Ceará","CE",2,"Nordeste"
2307254,"Jijoca de Jericoacoara",23001,"Litoral de Camocim e Acaraú",2301,"Noroeste Cearense",230017,"Acaraú",2306,"Sobral",23,"Ceará","CE",2,"Nordeste"
2307304,"Juazeiro do Norte",23032,"Cariri",2307,"Sul Cearense",230011,"Juazeiro do Norte",2304,"Juazeiro do Norte",23,"Ceará","CE",2,"Nordeste"
2307403,"Jucás",23027,"Várzea Alegre",2306,"Centro-Sul Cearense",230009,"Iguatu",2303,"Iguatu",23,"Ceará","CE",2,"Nordeste"
2307502,"Lavras da Mangabeira",23028,"Lavras da Mangabeira",2306,"Centro-Sul Cearense",230011,"Juazeiro do Norte",2304,"Juazeiro do Norte",23,"Ceará","CE",2,"Nordeste"
2307601,"Limoeiro do Norte",23023,"Baixo Jaguaribe",2305,"Jaguaribe",230007,"Russas - Limoeiro do Norte",2302,"Quixadá",23,"Ceará","CE",2,"Nordeste"
2307635,"Madalena",23019,"Sertão de Quixeramobim",2304,"Sertões Cearenses",230004,"Canindé",2301,"Fortaleza",23,"Ceará","CE",2,"Nordeste"
2307650,"Maracanaú",23016,"Fortaleza",2303,"Metropolitana de Fortaleza",230001,"Fortaleza",2301,"Fortaleza",23,"Ceará","CE",2,"Nordeste"
2307700,"Maranguape",23016,"Fortaleza",2303,"Metropolitana de Fortaleza",230001,"Fortaleza",2301,"Fortaleza",23,"Ceará","CE",2,"Nordeste"
2307809,"Marco",23001,"Litoral de Camocim e Acaraú",2301,"Noroeste Cearense",230017,"Acaraú",2306,"Sobral",23,"Ceará","CE",2,"Nordeste"
2307908,"Martinópole",23001,"Litoral de Camocim e Acaraú",2301,"Noroeste Cearense",230015,"Sobral",2306,"Sobral",23,"Ceará","CE",2,"Nordeste"
2308005,"Massapê",23005,"Sobral",2301,"Noroeste Cearense",230015,"Sobral",2306,"Sobral",23,"Ceará","CE",2,"Nordeste"
2308104,"Mauriti",23031,"Barro",2307,"Sul Cearense",230012,"Brejo Santo",2304,"Juazeiro do Norte",23,"Ceará","CE",2,"Nordeste"
2308203,"Meruoca",23004,"Meruoca",2301,"Noroeste Cearense",230015,"Sobral",2306,"Sobral",23,"Ceará","CE",2,"Nordeste"
2308302,"Milagres",23033,"Brejo Santo",2307,"Sul Cearense",230012,"Brejo Santo",2304,"Juazeiro do Norte",23,"Ceará","CE",2,"Nordeste"
2308351,"Milhã",23021,"Sertão de Senador Pompeu",2304,"Sertões Cearenses",230006,"Quixadá",2302,"Quixadá",23,"Ceará","CE",2,"Nordeste"
2308377,"Miraíma",23005,"Sobral",2301,"Noroeste Cearense",230002,"Itapipoca",2301,"Fortaleza",23,"Ceará","CE",2,"Nordeste"
2308401,"Missão Velha",23032,"Cariri",2307,"Sul Cearense",230011,"Juazeiro do Norte",2304,"Juazeiro do Norte",23,"Ceará","CE",2,"Nordeste"
2308500,"Mombaça",23021,"Sertão de Senador Pompeu",2304,"Sertões Cearenses",230009,"Iguatu",2303,"Iguatu",23,"Ceará","CE",2,"Nordeste"
2308609,"Monsenhor Tabosa",23018,"Sertão de Cratéus",2304,"Sertões Cearenses",230013,"Crateús",2305,"Crateús",23,"Ceará","CE",2,"Nordeste"
2308708,"Morada Nova",23023,"Baixo Jaguaribe",2305,"Jaguaribe",230007,"Russas - Limoeiro do Norte",2302,"Quixadá",23,"Ceará","CE",2,"Nordeste"
2308807,"Moraújo",23003,"Coreaú",2301,"Noroeste Cearense",230015,"Sobral",2306,"Sobral",23,"Ceará","CE",2,"Nordeste"
2308906,"Morrinhos",23001,"Litoral de Camocim e Acaraú",2301,"Noroeste Cearense",230015,"Sobral",2306,"Sobral",23,"Ceará","CE",2,"Nordeste"
2309003,"Mucambo",23005,"Sobral",2301,"Noroeste Cearense",230015,"Sobral",2306,"Sobral",23,"Ceará","CE",2,"Nordeste"
2309102,"Mulungu",23013,"Baturité",2302,"Norte Cearense",230003,"Redenção-Acarape",2301,"Fortaleza",23,"Ceará","CE",2,"Nordeste"
2309201,"Nova Olinda",23032,"Cariri",2307,"Sul Cearense",230011,"Juazeiro do Norte",2304,"Juazeiro do Norte",23,"Ceará","CE",2,"Nordeste"
2309300,"Nova Russas",23018,"Sertão de Cratéus",2304,"Sertões Cearenses",230013,"Crateús",2305,"Crateús",23,"Ceará","CE",2,"Nordeste"
2309409,"Novo Oriente",23018,"Sertão de Cratéus",2304,"Sertões Cearenses",230013,"Crateús",2305,"Crateús",23,"Ceará","CE",2,"Nordeste"
2309458,"Ocara",23014,"Chorozinho",2302,"Norte Cearense",230003,"Redenção-Acarape",2301,"Fortaleza",23,"Ceará","CE",2,"Nordeste"
2309508,"Orós",23026,"Iguatu",2306,"Centro-Sul Cearense",230010,"Icó",2303,"Iguatu",23,"Ceará","CE",2,"Nordeste"
2309607,"Pacajus",23017,"Pacajus",2303,"Metropolitana de Fortaleza",230001,"Fortaleza",2301,"Fortaleza",23,"Ceará","CE",2,"Nordeste"
2309706,"Pacatuba",23016,"Fortaleza",2303,"Metropolitana de Fortaleza",230001,"Fortaleza",2301,"Fortaleza",23,"Ceará","CE",2,"Nordeste"
2309805,"Pacoti",23013,"Baturité",2302,"Norte Cearense",230003,"Redenção-Acarape",2301,"Fortaleza",23,"Ceará","CE",2,"Nordeste"
2309904,"Pacujá",23005,"Sobral",2301,"Noroeste Cearense",230015,"Sobral",2306,"Sobral",23,"Ceará","CE",2,"Nordeste"
2310001,"Palhano",23023,"Baixo Jaguaribe",2305,"Jaguaribe",230007,"Russas - Limoeiro do Norte",2302,"Quixadá",23,"Ceará","CE",2,"Nordeste"
2310100,"Palmácia",23013,"Baturité",2302,"Norte Cearense",230001,"Fortaleza",2301,"Fortaleza",23,"Ceará","CE",2,"Nordeste"
2310209,"Paracuru",23009,"Baixo Curu",2302,"Norte Cearense",230001,"Fortaleza",2301,"Fortaleza",23,"Ceará","CE",2,"Nordeste"
2310258,"Paraipaba",23009,"Baixo Curu",2302,"Norte Cearense",230001,"Fortaleza",2301,"Fortaleza",23,"Ceará","CE",2,"Nordeste"
2310308,"Parambu",23020,"Sertão de Inhamuns",2304,"Sertões Cearenses",230014,"Tauá",2305,"Crateús",23,"Ceará","CE",2,"Nordeste"
2310407,"Paramoti",23012,"Canindé",2302,"Norte Cearense",230004,"Canindé",2301,"Fortaleza",23,"Ceará","CE",2,"Nordeste"
2310506,"Pedra Branca",23021,"Sertão de Senador Pompeu",2304,"Sertões Cearenses",230006,"Quixadá",2302,"Quixadá",23,"Ceará","CE",2,"Nordeste"
2310605,"Penaforte",23033,"Brejo Santo",2307,"Sul Cearense",230012,"Brejo Santo",2304,"Juazeiro do Norte",23,"Ceará","CE",2,"Nordeste"
2310704,"Pentecoste",23011,"Médio Curu",2302,"Norte Cearense",230005,"Itapagé",2301,"Fortaleza",23,"Ceará","CE",2,"Nordeste"
2310803,"Pereiro",23025,"Serra do Pereiro",2305,"Jaguaribe",230007,"Russas - Limoeiro do Norte",2302,"Quixadá",23,"Ceará","CE",2,"Nordeste"
2310852,"Pindoretama",23015,"Cascavel",2302,"Norte Cearense",230001,"Fortaleza",2301,"Fortaleza",23,"Ceará","CE",2,"Nordeste"
2310902,"Piquet Carneiro",23021,"Sertão de Senador Pompeu",2304,"Sertões Cearenses",230009,"Iguatu",2303,"Iguatu",23,"Ceará","CE",2,"Nordeste"
2310951,"Pires Ferreira",23006,"Ipu",2301,"Noroeste Cearense",230016,"São Benedito - Ipu - Guaraciaba do Norte - Tianguá",2306,"Sobral",23,"Ceará","CE",2,"Nordeste"
2311009,"Poranga",23006,"Ipu",2301,"Noroeste Cearense",230013,"Crateús",2305,"Crateús",23,"Ceará","CE",2,"Nordeste"
2311108,"Porteiras",23032,"Cariri",2307,"Sul Cearense",230012,"Brejo Santo",2304,"Juazeiro do Norte",23,"Ceará","CE",2,"Nordeste"
2311207,"Potengi",23029,"Chapada do Araripe",2307,"Sul Cearense",230011,"Juazeiro do Norte",2304,"Juazeiro do Norte",23,"Ceará","CE",2,"Nordeste"
2311231,"Potiretama",23025,"Serra do Pereiro",2305,"Jaguaribe",230007,"Russas - Limoeiro do Norte",2302,"Quixadá",23,"Ceará","CE",2,"Nordeste"
2311264,"Quiterianópolis",23018,"Sertão de Cratéus",2304,"Sertões Cearenses",230013,"Crateús",2305,"Crateús",23,"Ceará","CE",2,"Nordeste"
2311306,"Quixadá",23019,"Sertão de Quixeramobim",2304,"Sertões Cearenses",230006,"Quixadá",2302,"Quixadá",23,"Ceará","CE",2,"Nordeste"
2311355,"Quixelô",23026,"Iguatu",2306,"Centro-Sul Cearense",230009,"Iguatu",2303,"Iguatu",23,"Ceará","CE",2,"Nordeste"
2311405,"Quixeramobim",23019,"Sertão de Quixeramobim",2304,"Sertões Cearenses",230006,"Quixadá",2302,"Quixadá",23,"Ceará","CE",2,"Nordeste"
2311504,"Quixeré",23023,"Baixo Jaguaribe",2305,"Jaguaribe",230007,"Russas - Limoeiro do Norte",2302,"Quixadá",23,"Ceará","CE",2,"Nordeste"
2311603,"Redenção",23013,"Baturité",2302,"Norte Cearense",230003,"Redenção-Acarape",2301,"Fortaleza",23,"Ceará","CE",2,"Nordeste"
2311702,"Reriutaba",23006,"Ipu",2301,"Noroeste Cearense",230015,"Sobral",2306,"Sobral",23,"Ceará","CE",2,"Nordeste"
2311801,"Russas",23023,"Baixo Jaguaribe",2305,"Jaguaribe",230007,"Russas - Limoeiro do Norte",2302,"Quixadá",23,"Ceará","CE",2,"Nordeste"
2311900,"Saboeiro",23020,"Sertão de Inhamuns",2304,"Sertões Cearenses",230009,"Iguatu",2303,"Iguatu",23,"Ceará","CE",2,"Nordeste"
2311959,"Salitre",23029,"Chapada do Araripe",2307,"Sul Cearense",230011,"Juazeiro do Norte",2304,"Juazeiro do Norte",23,"Ceará","CE",2,"Nordeste"
2312007,"Santana do Acaraú",23005,"Sobral",2301,"Noroeste Cearense",230015,"Sobral",2306,"Sobral",23,"Ceará","CE",2,"Nordeste"
2312106,"Santana do Cariri",23032,"Cariri",2307,"Sul Cearense",230011,"Juazeiro do Norte",2304,"Juazeiro do Norte",23,"Ceará","CE",2,"Nordeste"
2312205,"Santa Quitéria",23007,"Santa Quitéria",2301,"Noroeste Cearense",230015,"Sobral",2306,"Sobral",23,"Ceará","CE",2,"Nordeste"
2312304,"São Benedito",23002,"Ibiapaba",2301,"Noroeste Cearense",230016,"São Benedito - Ipu - Guaraciaba do Norte - Tianguá",2306,"Sobral",23,"Ceará","CE",2,"Nordeste"
2312403,"São Gonçalo do Amarante",23009,"Baixo Curu",2302,"Norte Cearense",230001,"Fortaleza",2301,"Fortaleza",23,"Ceará","CE",2,"Nordeste"
2312502,"São João do Jaguaribe",23023,"Baixo Jaguaribe",2305,"Jaguaribe",230007,"Russas - Limoeiro do Norte",2302,"Quixadá",23,"Ceará","CE",2,"Nordeste"
2312601,"São Luís do Curu",23011,"Médio Curu",2302,"Norte Cearense",230001,"Fortaleza",2301,"Fortaleza",23,"Ceará","CE",2,"Nordeste"
2312700,"Senador Pompeu",23021,"Sertão de Senador Pompeu",2304,"Sertões Cearenses",230006,"Quixadá",2302,"Quixadá",23,"Ceará","CE",2,"Nordeste"
2312809,"Senador Sá",23005,"Sobral",2301,"Noroeste Cearense",230015,"Sobral",2306,"Sobral",23,"Ceará","CE",2,"Nordeste"
2312908,"Sobral",23005,"Sobral",2301,"Noroeste Cearense",230015,"Sobral",2306,"Sobral",23,"Ceará","CE",2,"Nordeste"
2313005,"Solonópole",23021,"Sertão de Senador Pompeu",2304,"Sertões Cearenses",230006,"Quixadá",2302,"Quixadá",23,"Ceará","CE",2,"Nordeste"
2313104,"Tabuleiro do Norte",23023,"Baixo Jaguaribe",2305,"Jaguaribe",230007,"Russas - Limoeiro do Norte",2302,"Quixadá",23,"Ceará","CE",2,"Nordeste"
2313203,"Tamboril",23018,"Sertão de Cratéus",2304,"Sertões Cearenses",230013,"Crateús",2305,"Crateús",23,"Ceará","CE",2,"Nordeste"
2313252,"Tarrafas",23027,"Várzea Alegre",2306,"Centro-Sul Cearense",230011,"Juazeiro do Norte",2304,"Juazeiro do Norte",23,"Ceará","CE",2,"Nordeste"
2313302,"Tauá",23020,"Sertão de Inhamuns",2304,"Sertões Cearenses",230014,"Tauá",2305,"Crateús",23,"Ceará","CE",2,"Nordeste"
2313351,"Tejuçuoca",23011,"Médio Curu",2302,"Norte Cearense",230005,"Itapagé",2301,"Fortaleza",23,"Ceará","CE",2,"Nordeste"
2313401,"Tianguá",23002,"Ibiapaba",2301,"Noroeste Cearense",230016,"São Benedito - Ipu - Guaraciaba do Norte - Tianguá",2306,"Sobral",23,"Ceará","CE",2,"Nordeste"
2313500,"Trairi",23008,"Itapipoca",2302,"Norte Cearense",230002,"Itapipoca",2301,"Fortaleza",23,"Ceará","CE",2,"Nordeste"
2313559,"Tururu",23010,"Uruburetama",2302,"Norte Cearense",230002,"Itapipoca",2301,"Fortaleza",23,"Ceará","CE",2,"Nordeste"
2313609,"Ubajara",23002,"Ibiapaba",2301,"Noroeste Cearense",230016,"São Benedito - Ipu - Guaraciaba do Norte - Tianguá",2306,"Sobral",23,"Ceará","CE",2,"Nordeste"
2313708,"Umari",23028,"Lavras da Mangabeira",2306,"Centro-Sul Cearense",230010,"Icó",2303,"Iguatu",23,"Ceará","CE",2,"Nordeste"
2313757,"Umirim",23010,"Uruburetama",2302,"Norte Cearense",230002,"Itapipoca",2301,"Fortaleza",23,"Ceará","CE",2,"Nordeste"
2313807,"Uruburetama",23010,"Uruburetama",2302,"Norte Cearense",230002,"Itapipoca",2301,"Fortaleza",23,"Ceará","CE",2,"Nordeste"
2313906,"Uruoca",23003,"Coreaú",2301,"Noroeste Cearense",230015,"Sobral",2306,"Sobral",23,"Ceará","CE",2,"Nordeste"
2313955,"Varjota",23006,"Ipu",2301,"Noroeste Cearense",230015,"Sobral",2306,"Sobral",23,"Ceará","CE",2,"Nordeste"
2314003,"Várzea Alegre",23027,"Várzea Alegre",2306,"Centro-Sul Cearense",230011,"Juazeiro do Norte",2304,"Juazeiro do Norte",23,"Ceará","CE",2,"Nordeste"
2314102,"Viçosa do Ceará",23002,"Ibiapaba",2301,"Noroeste Cearense",230016,"São Benedito - Ipu - Guaraciaba do Norte - Tianguá",2306,"Sobral",23,"Ceará","CE",2,"Nordeste"
2400109,"Acari",24012,"Seridó Oriental",2402,"Central Potiguar",240008,"Currais Novos",2402,"Caicó",24,"Rio Grande do Norte","RN",2,"Nordeste"
2400208,"Assú",24004,"Vale do Açu",2401,"Oeste Potiguar",240011,"Açu",2403,"Mossoró",24,"Rio Grande do Norte","RN",2,"Nordeste"
2400307,"Afonso Bezerra",24009,"Angicos",2402,"Central Potiguar",240011,"Açu",2403,"Mossoró",24,"Rio Grande do Norte","RN",2,"Nordeste"
2400406,"Água Nova",24005,"Serra de São Miguel",2401,"Oeste Potiguar",240010,"Pau dos Ferros",2403,"Mossoró",24,"Rio Grande do Norte","RN",2,"Nordeste"
2400505,"Alexandria",24006,"Pau dos Ferros",2401,"Oeste Potiguar",240010,"Pau dos Ferros",2403,"Mossoró",24,"Rio Grande do Norte","RN",2,"Nordeste"
2400604,"Almino Afonso",24007,"Umarizal",2401,"Oeste Potiguar",240010,"Pau dos Ferros",2403,"Mossoró",24,"Rio Grande do Norte","RN",2,"Nordeste"
2400703,"Alto do Rodrigues",24004,"Vale do Açu",2401,"Oeste Potiguar",240011,"Açu",2403,"Mossoró",24,"Rio Grande do Norte","RN",2,"Nordeste"
2400802,"Angicos",24009,"Angicos",2402,"Central Potiguar",240011,"Açu",2403,"Mossoró",24,"Rio Grande do Norte","RN",2,"Nordeste"
2400901,"Antônio Martins",24007,"Umarizal",2401,"Oeste Potiguar",240010,"Pau dos Ferros",2403,"Mossoró",24,"Rio Grande do Norte","RN",2,"Nordeste"
2401008,"Apodi",24002,"Chapada do Apodi",2401,"Oeste Potiguar",240009,"Mossoró",2403,"Mossoró",24,"Rio Grande do Norte","RN",2,"Nordeste"
2401107,"Areia Branca",24001,"Mossoró",2401,"Oeste Potiguar",240009,"Mossoró",2403,"Mossoró",24,"Rio Grande do Norte","RN",2,"Nordeste"
2401206,"Arez",24019,"Litoral Sul",2404,"Leste Potiguar",240003,"Canguaretama",2401,"Natal",24,"Rio Grande do Norte","RN",2,"Nordeste"
2401305,"Campo Grande",24003,"Médio Oeste",2401,"Oeste Potiguar",240009,"Mossoró",2403,"Mossoró",24,"Rio Grande do Norte","RN",2,"Nordeste"
2401404,"Baía Formosa",24019,"Litoral Sul",2404,"Leste Potiguar",240003,"Canguaretama",2401,"Natal",24,"Rio Grande do Norte","RN",2,"Nordeste"
2401453,"Baraúna",24001,"Mossoró",2401,"Oeste Potiguar",240009,"Mossoró",2403,"Mossoró",24,"Rio Grande do Norte","RN",2,"Nordeste"
2401503,"Barcelona",24014,"Borborema Potiguar",2403,"Agreste Potiguar",240006,"São Paulo do Potengi",2401,"Natal",24,"Rio Grande do Norte","RN",2,"Nordeste"
2401602,"Bento Fernandes",24013,"Baixa Verde",2403,"Agreste Potiguar",240001,"Natal",2401,"Natal",24,"Rio Grande do Norte","RN",2,"Nordeste"
2401651,"Bodó",24010,"Serra de Santana",2402,"Central Potiguar",240008,"Currais Novos",2402,"Caicó",24,"Rio Grande do Norte","RN",2,"Nordeste"
2401701,"Bom Jesus",24015,"Agreste Potiguar",2403,"Agreste Potiguar",240001,"Natal",2401,"Natal",24,"Rio Grande do Norte","RN",2,"Nordeste"
2401800,"Brejinho",24015,"Agreste Potiguar",2403,"Agreste Potiguar",240001,"Natal",2401,"Natal",24,"Rio Grande do Norte","RN",2,"Nordeste"
2401859,"Caiçara do Norte",24008,"Macau",2402,"Central Potiguar",240005,"João Câmara",2401,"Natal",24,"Rio Grande do Norte","RN",2,"Nordeste"
2401909,"Caiçara do Rio do Vento",24009,"Angicos",2402,"Central Potiguar",240006,"São Paulo do Potengi",2401,"Natal",24,"Rio Grande do Norte","RN",2,"Nordeste"
2402006,"Caicó",24011,"Seridó Ocidental",2402,"Central Potiguar",240007,"Caicó",2402,"Caicó",24,"Rio Grande do Norte","RN",2,"Nordeste"
2402105,"Campo Redondo",24014,"Borborema Potiguar",2403,"Agreste Potiguar",240004,"Santa Cruz",2401,"Natal",24,"Rio Grande do Norte","RN",2,"Nordeste"
2402204,"Canguaretama",24019,"Litoral Sul",2404,"Leste Potiguar",240003,"Canguaretama",2401,"Natal",24,"Rio Grande do Norte","RN",2,"Nordeste"
2402303,"Caraúbas",24002,"Chapada do Apodi",2401,"Oeste Potiguar",240009,"Mossoró",2403,"Mossoró",24,"Rio Grande do Norte","RN",2,"Nordeste"
2402402,"Carnaúba dos Dantas",24012,"Seridó Oriental",2402,"Central Potiguar",240008,"Currais Novos",2402,"Caicó",24,"Rio Grande do Norte","RN",2,"Nordeste"
2402501,"Carnaubais",24004,"Vale do Açu",2401,"Oeste Potiguar",240011,"Açu",2403,"Mossoró",24,"Rio Grande do Norte","RN",2,"Nordeste"
2402600,"Ceará-Mirim",24017,"Macaíba",2404,"Leste Potiguar",240001,"Natal",2401,"Natal",24,"Rio Grande do Norte","RN",2,"Nordeste"
2402709,"Cerro Corá",24010,"Serra de Santana",2402,"Central Potiguar",240008,"Currais Novos",2402,"Caicó",24,"Rio Grande do Norte","RN",2,"Nordeste"
2402808,"Coronel Ezequiel",24014,"Borborema Potiguar",2403,"Agreste Potiguar",240004,"Santa Cruz",2401,"Natal",24,"Rio Grande do Norte","RN",2,"Nordeste"
2402907,"Coronel João Pessoa",24005,"Serra de São Miguel",2401,"Oeste Potiguar",240010,"Pau dos Ferros",2403,"Mossoró",24,"Rio Grande do Norte","RN",2,"Nordeste"
2403004,"Cruzeta",24012,"Seridó Oriental",2402,"Central Potiguar",240007,"Caicó",2402,"Caicó",24,"Rio Grande do Norte","RN",2,"Nordeste"
2403103,"Currais Novos",24012,"Seridó Oriental",2402,"Central Potiguar",240008,"Currais Novos",2402,"Caicó",24,"Rio Grande do Norte","RN",2,"Nordeste"
2403202,"Doutor Severiano",24005,"Serra de São Miguel",2401,"Oeste Potiguar",240010,"Pau dos Ferros",2403,"Mossoró",24,"Rio Grande do Norte","RN",2,"Nordeste"
2403251,"Parnamirim",24018,"Natal",2404,"Leste Potiguar",240001,"Natal",2401,"Natal",24,"Rio Grande do Norte","RN",2,"Nordeste"
2403301,"Encanto",24005,"Serra de São Miguel",2401,"Oeste Potiguar",240010,"Pau dos Ferros",2403,"Mossoró",24,"Rio Grande do Norte","RN",2,"Nordeste"
2403400,"Equador",24012,"Seridó Oriental",2402,"Central Potiguar",240007,"Caicó",2402,"Caicó",24,"Rio Grande do Norte","RN",2,"Nordeste"
2403509,"Espírito Santo",24019,"Litoral Sul",2404,"Leste Potiguar",240003,"Canguaretama",2401,"Natal",24,"Rio Grande do Norte","RN",2,"Nordeste"
2403608,"Extremoz",24018,"Natal",2404,"Leste Potiguar",240001,"Natal",2401,"Natal",24,"Rio Grande do Norte","RN",2,"Nordeste"
2403707,"Felipe Guerra",24002,"Chapada do Apodi",2401,"Oeste Potiguar",240009,"Mossoró",2403,"Mossoró",24,"Rio Grande do Norte","RN",2,"Nordeste"
2403756,"Fernando Pedroza",24009,"Angicos",2402,"Central Potiguar",240011,"Açu",2403,"Mossoró",24,"Rio Grande do Norte","RN",2,"Nordeste"
2403806,"Florânia",24010,"Serra de Santana",2402,"Central Potiguar",240008,"Currais Novos",2402,"Caicó",24,"Rio Grande do Norte","RN",2,"Nordeste"
2403905,"Francisco Dantas",24006,"Pau dos Ferros",2401,"Oeste Potiguar",240010,"Pau dos Ferros",2403,"Mossoró",24,"Rio Grande do Norte","RN",2,"Nordeste"
2404002,"Frutuoso Gomes",24007,"Umarizal",2401,"Oeste Potiguar",240010,"Pau dos Ferros",2403,"Mossoró",24,"Rio Grande do Norte","RN",2,"Nordeste"
2404101,"Galinhos",24008,"Macau",2402,"Central Potiguar",240005,"João Câmara",2401,"Natal",24,"Rio Grande do Norte","RN",2,"Nordeste"
2404200,"Goianinha",24019,"Litoral Sul",2404,"Leste Potiguar",240003,"Canguaretama",2401,"Natal",24,"Rio Grande do Norte","RN",2,"Nordeste"
2404309,"Governador Dix-Sept Rosado",24002,"Chapada do Apodi",2401,"Oeste Potiguar",240009,"Mossoró",2403,"Mossoró",24,"Rio Grande do Norte","RN",2,"Nordeste"
2404408,"Grossos",24001,"Mossoró",2401,"Oeste Potiguar",240009,"Mossoró",2403,"Mossoró",24,"Rio Grande do Norte","RN",2,"Nordeste"
2404507,"Guamaré",24008,"Macau",2402,"Central Potiguar",240011,"Açu",2403,"Mossoró",24,"Rio Grande do Norte","RN",2,"Nordeste"
2404606,"Ielmo Marinho",24015,"Agreste Potiguar",2403,"Agreste Potiguar",240001,"Natal",2401,"Natal",24,"Rio Grande do Norte","RN",2,"Nordeste"
2404705,"Ipanguaçu",24004,"Vale do Açu",2401,"Oeste Potiguar",240011,"Açu",2403,"Mossoró",24,"Rio Grande do Norte","RN",2,"Nordeste"
2404804,"Ipueira",24011,"Seridó Ocidental",2402,"Central Potiguar",240007,"Caicó",2402,"Caicó",24,"Rio Grande do Norte","RN",2,"Nordeste"
2404853,"Itajá",24004,"Vale do Açu",2401,"Oeste Potiguar",240011,"Açu",2403,"Mossoró",24,"Rio Grande do Norte","RN",2,"Nordeste"
2404903,"Itaú",24006,"Pau dos Ferros",2401,"Oeste Potiguar",240009,"Mossoró",2403,"Mossoró",24,"Rio Grande do Norte","RN",2,"Nordeste"
2405009,"Jaçanã",24014,"Borborema Potiguar",2403,"Agreste Potiguar",240004,"Santa Cruz",2401,"Natal",24,"Rio Grande do Norte","RN",2,"Nordeste"
2405108,"Jandaíra",24013,"Baixa Verde",2403,"Agreste Potiguar",240005,"João Câmara",2401,"Natal",24,"Rio Grande do Norte","RN",2,"Nordeste"
2405207,"Janduís",24003,"Médio Oeste",2401,"Oeste Potiguar",240009,"Mossoró",2403,"Mossoró",24,"Rio Grande do Norte","RN",2,"Nordeste"
2405306,"Januário Cicco",24015,"Agreste Potiguar",2403,"Agreste Potiguar",240002,"Santo Antônio - Passa e Fica - Nova Cruz",2401,"Natal",24,"Rio Grande do Norte","RN",2,"Nordeste"
2405405,"Japi",24014,"Borborema Potiguar",2403,"Agreste Potiguar",240004,"Santa Cruz",2401,"Natal",24,"Rio Grande do Norte","RN",2,"Nordeste"
2405504,"Jardim de Angicos",24009,"Angicos",2402,"Central Potiguar",240005,"João Câmara",2401,"Natal",24,"Rio Grande do Norte","RN",2,"Nordeste"
2405603,"Jardim de Piranhas",24011,"Seridó Ocidental",2402,"Central Potiguar",240007,"Caicó",2402,"Caicó",24,"Rio Grande do Norte","RN",2,"Nordeste"
2405702,"Jardim do Seridó",24012,"Seridó Oriental",2402,"Central Potiguar",240007,"Caicó",2402,"Caicó",24,"Rio Grande do Norte","RN",2,"Nordeste"
2405801,"João Câmara",24013,"Baixa Verde",2403,"Agreste Potiguar",240005,"João Câmara",2401,"Natal",24,"Rio Grande do Norte","RN",2,"Nordeste"
2405900,"João Dias",24007,"Umarizal",2401,"Oeste Potiguar",240010,"Pau dos Ferros",2403,"Mossoró",24,"Rio Grande do Norte","RN",2,"Nordeste"
2406007,"José da Penha",24006,"Pau dos Ferros",2401,"Oeste Potiguar",240010,"Pau dos Ferros",2403,"Mossoró",24,"Rio Grande do Norte","RN",2,"Nordeste"
2406106,"Jucurutu",24004,"Vale do Açu",2401,"Oeste Potiguar",240007,"Caicó",2402,"Caicó",24,"Rio Grande do Norte","RN",2,"Nordeste"
2406155,"Jundiá",24015,"Agreste Potiguar",2403,"Agreste Potiguar",240001,"Natal",2401,"Natal",24,"Rio Grande do Norte","RN",2,"Nordeste"
2406205,"Lagoa d'Anta",24015,"Agreste Potiguar",2403,"Agreste Potiguar",240002,"Santo Antônio - Passa e Fica - Nova Cruz",2401,"Natal",24,"Rio Grande do Norte","RN",2,"Nordeste"
2406304,"Lagoa de Pedras",24015,"Agreste Potiguar",2403,"Agreste Potiguar",240002,"Santo Antônio - Passa e Fica - Nova Cruz",2401,"Natal",24,"Rio Grande do Norte","RN",2,"Nordeste"
2406403,"Lagoa de Velhos",24014,"Borborema Potiguar",2403,"Agreste Potiguar",240006,"São Paulo do Potengi",2401,"Natal",24,"Rio Grande do Norte","RN",2,"Nordeste"
2406502,"Lagoa Nova",24010,"Serra de Santana",2402,"Central Potiguar",240008,"Currais Novos",2402,"Caicó",24,"Rio Grande do Norte","RN",2,"Nordeste"
2406601,"Lagoa Salgada",24015,"Agreste Potiguar",2403,"Agreste Potiguar",240001,"Natal",2401,"Natal",24,"Rio Grande do Norte","RN",2,"Nordeste"
2406700,"Lajes",24009,"Angicos",2402,"Central Potiguar",240011,"Açu",2403,"Mossoró",24,"Rio Grande do Norte","RN",2,"Nordeste"
2406809,"Lajes Pintadas",24014,"Borborema Potiguar",2403,"Agreste Potiguar",240004,"Santa Cruz",2401,"Natal",24,"Rio Grande do Norte","RN",2,"Nordeste"
2406908,"Lucrécia",24007,"Umarizal",2401,"Oeste Potiguar",240010,"Pau dos Ferros",2403,"Mossoró",24,"Rio Grande do Norte","RN",2,"Nordeste"
2407005,"Luís Gomes",24005,"Serra de São Miguel",2401,"Oeste Potiguar",240010,"Pau dos Ferros",2403,"Mossoró",24,"Rio Grande do Norte","RN",2,"Nordeste"
2407104,"Macaíba",24017,"Macaíba",2404,"Leste Potiguar",240001,"Natal",2401,"Natal",24,"Rio Grande do Norte","RN",2,"Nordeste"
2407203,"Macau",24008,"Macau",2402,"Central Potiguar",240011,"Açu",2403,"Mossoró",24,"Rio Grande do Norte","RN",2,"Nordeste"
2407252,"Major Sales",24005,"Serra de São Miguel",2401,"Oeste Potiguar",240010,"Pau dos Ferros",2403,"Mossoró",24,"Rio Grande do Norte","RN",2,"Nordeste"
2407302,"Marcelino Vieira",24006,"Pau dos Ferros",2401,"Oeste Potiguar",240010,"Pau dos Ferros",2403,"Mossoró",24,"Rio Grande do Norte","RN",2,"Nordeste"
2407401,"Martins",24007,"Umarizal",2401,"Oeste Potiguar",240010,"Pau dos Ferros",2403,"Mossoró",24,"Rio Grande do Norte","RN",2,"Nordeste"
2407500,"Maxaranguape",24016,"Litoral Nordeste",2404,"Leste Potiguar",240001,"Natal",2401,"Natal",24,"Rio Grande do Norte","RN",2,"Nordeste"
2407609,"Messias Targino",24003,"Médio Oeste",2401,"Oeste Potiguar",240009,"Mossoró",2403,"Mossoró",24,"Rio Grande do Norte","RN",2,"Nordeste"
2407708,"Montanhas",24019,"Litoral Sul",2404,"Leste Potiguar",240003,"Canguaretama",2401,"Natal",24,"Rio Grande do Norte","RN",2,"Nordeste"
2407807,"Monte Alegre",24015,"Agreste Potiguar",2403,"Agreste Potiguar",240001,"Natal",2401,"Natal",24,"Rio Grande do Norte","RN",2,"Nordeste"
2407906,"Monte das Gameleiras",24014,"Borborema Potiguar",2403,"Agreste Potiguar",240002,"Santo Antônio - Passa e Fica - Nova Cruz",2401,"Natal",24,"Rio Grande do Norte","RN",2,"Nordeste"
2408003,"Mossoró",24001,"Mossoró",2401,"Oeste Potiguar",240009,"Mossoró",2403,"Mossoró",24,"Rio Grande do Norte","RN",2,"Nordeste"
2408102,"Natal",24018,"Natal",2404,"Leste Potiguar",240001,"Natal",2401,"Natal",24,"Rio Grande do Norte","RN",2,"Nordeste"
2408201,"Nísia Floresta",24017,"Macaíba",2404,"Leste Potiguar",240001,"Natal",2401,"Natal",24,"Rio Grande do Norte","RN",2,"Nordeste"
2408300,"Nova Cruz",24015,"Agreste Potiguar",2403,"Agreste Potiguar",240002,"Santo Antônio - Passa e Fica - Nova Cruz",2401,"Natal",24,"Rio Grande do Norte","RN",2,"Nordeste"
2408409,"Olho d'Água do Borges",24007,"Umarizal",2401,"Oeste Potiguar",240010,"Pau dos Ferros",2403,"Mossoró",24,"Rio Grande do Norte","RN",2,"Nordeste"
2408508,"Ouro Branco",24012,"Seridó Oriental",2402,"Central Potiguar",240007,"Caicó",2402,"Caicó",24,"Rio Grande do Norte","RN",2,"Nordeste"
2408607,"Paraná",24006,"Pau dos Ferros",2401,"Oeste Potiguar",240010,"Pau dos Ferros",2403,"Mossoró",24,"Rio Grande do Norte","RN",2,"Nordeste"
2408706,"Paraú",24003,"Médio Oeste",2401,"Oeste Potiguar",240011,"Açu",2403,"Mossoró",24,"Rio Grande do Norte","RN",2,"Nordeste"
2408805,"Parazinho",24013,"Baixa Verde",2403,"Agreste Potiguar",240005,"João Câmara",2401,"Natal",24,"Rio Grande do Norte","RN",2,"Nordeste"
2408904,"Parelhas",24012,"Seridó Oriental",2402,"Central Potiguar",240007,"Caicó",2402,"Caicó",24,"Rio Grande do Norte","RN",2,"Nordeste"
2408953,"Rio do Fogo",24016,"Litoral Nordeste",2404,"Leste Potiguar",240001,"Natal",2401,"Natal",24,"Rio Grande do Norte","RN",2,"Nordeste"
2409100,"Passa e Fica",24015,"Agreste Potiguar",2403,"Agreste Potiguar",240002,"Santo Antônio - Passa e Fica - Nova Cruz",2401,"Natal",24,"Rio Grande do Norte","RN",2,"Nordeste"
2409209,"Passagem",24015,"Agreste Potiguar",2403,"Agreste Potiguar",240002,"Santo Antônio - Passa e Fica - Nova Cruz",2401,"Natal",24,"Rio Grande do Norte","RN",2,"Nordeste"
2409308,"Patu",24007,"Umarizal",2401,"Oeste Potiguar",240010,"Pau dos Ferros",2403,"Mossoró",24,"Rio Grande do Norte","RN",2,"Nordeste"
2409332,"Santa Maria",24015,"Agreste Potiguar",2403,"Agreste Potiguar",240006,"São Paulo do Potengi",2401,"Natal",24,"Rio Grande do Norte","RN",2,"Nordeste"
2409407,"Pau dos Ferros",24006,"Pau dos Ferros",2401,"Oeste Potiguar",240010,"Pau dos Ferros",2403,"Mossoró",24,"Rio Grande do Norte","RN",2,"Nordeste"
2409506,"Pedra Grande",24016,"Litoral Nordeste",2404,"Leste Potiguar",240005,"João Câmara",2401,"Natal",24,"Rio Grande do Norte","RN",2,"Nordeste"
2409605,"Pedra Preta",24009,"Angicos",2402,"Central Potiguar",240005,"João Câmara",2401,"Natal",24,"Rio Grande do Norte","RN",2,"Nordeste"
2409704,"Pedro Avelino",24009,"Angicos",2402,"Central Potiguar",240005,"João Câmara",2401,"Natal",24,"Rio Grande do Norte","RN",2,"Nordeste"
2409803,"Pedro Velho",24019,"Litoral Sul",2404,"Leste Potiguar",240003,"Canguaretama",2401,"Natal",24,"Rio Grande do Norte","RN",2,"Nordeste"
2409902,"Pendências",24004,"Vale do Açu",2401,"Oeste Potiguar",240011,"Açu",2403,"Mossoró",24,"Rio Grande do Norte","RN",2,"Nordeste"
2410009,"Pilões",24006,"Pau dos Ferros",2401,"Oeste Potiguar",240010,"Pau dos Ferros",2403,"Mossoró",24,"Rio Grande do Norte","RN",2,"Nordeste"
2410108,"Poço Branco",24013,"Baixa Verde",2403,"Agreste Potiguar",240001,"Natal",2401,"Natal",24,"Rio Grande do Norte","RN",2,"Nordeste"
2410207,"Portalegre",24006,"Pau dos Ferros",2401,"Oeste Potiguar",240010,"Pau dos Ferros",2403,"Mossoró",24,"Rio Grande do Norte","RN",2,"Nordeste"
2410256,"Porto do Mangue",24004,"Vale do Açu",2401,"Oeste Potiguar",240011,"Açu",2403,"Mossoró",24,"Rio Grande do Norte","RN",2,"Nordeste"
2410306,"Serra Caiada",24015,"Agreste Potiguar",2403,"Agreste Potiguar",240002,"Santo Antônio - Passa e Fica - Nova Cruz",2401,"Natal",24,"Rio Grande do Norte","RN",2,"Nordeste"
2410405,"Pureza",24016,"Litoral Nordeste",2404,"Leste Potiguar",240001,"Natal",2401,"Natal",24,"Rio Grande do Norte","RN",2,"Nordeste"
2410504,"Rafael Fernandes",24006,"Pau dos Ferros",2401,"Oeste Potiguar",240010,"Pau dos Ferros",2403,"Mossoró",24,"Rio Grande do Norte","RN",2,"Nordeste"
2410603,"Rafael Godeiro",24007,"Umarizal",2401,"Oeste Potiguar",240010,"Pau dos Ferros",2403,"Mossoró",24,"Rio Grande do Norte","RN",2,"Nordeste"
2410702,"Riacho da Cruz",24006,"Pau dos Ferros",2401,"Oeste Potiguar",240010,"Pau dos Ferros",2403,"Mossoró",24,"Rio Grande do Norte","RN",2,"Nordeste"
2410801,"Riacho de Santana",24005,"Serra de São Miguel",2401,"Oeste Potiguar",240010,"Pau dos Ferros",2403,"Mossoró",24,"Rio Grande do Norte","RN",2,"Nordeste"
2410900,"Riachuelo",24015,"Agreste Potiguar",2403,"Agreste Potiguar",240006,"São Paulo do Potengi",2401,"Natal",24,"Rio Grande do Norte","RN",2,"Nordeste"
2411007,"Rodolfo Fernandes",24006,"Pau dos Ferros",2401,"Oeste Potiguar",240009,"Mossoró",2403,"Mossoró",24,"Rio Grande do Norte","RN",2,"Nordeste"
2411056,"Tibau",24001,"Mossoró",2401,"Oeste Potiguar",240009,"Mossoró",2403,"Mossoró",24,"Rio Grande do Norte","RN",2,"Nordeste"
2411106,"Ruy Barbosa",24014,"Borborema Potiguar",2403,"Agreste Potiguar",240006,"São Paulo do Potengi",2401,"Natal",24,"Rio Grande do Norte","RN",2,"Nordeste"
2411205,"Santa Cruz",24014,"Borborema Potiguar",2403,"Agreste Potiguar",240004,"Santa Cruz",2401,"Natal",24,"Rio Grande do Norte","RN",2,"Nordeste"
2411403,"Santana do Matos",24010,"Serra de Santana",2402,"Central Potiguar",240011,"Açu",2403,"Mossoró",24,"Rio Grande do Norte","RN",2,"Nordeste"
2411429,"Santana do Seridó",24012,"Seridó Oriental",2402,"Central Potiguar",240007,"Caicó",2402,"Caicó",24,"Rio Grande do Norte","RN",2,"Nordeste"
2411502,"Santo Antônio",24015,"Agreste Potiguar",2403,"Agreste Potiguar",240002,"Santo Antônio - Passa e Fica - Nova Cruz",2401,"Natal",24,"Rio Grande do Norte","RN",2,"Nordeste"
2411601,"São Bento do Norte",24008,"Macau",2402,"Central Potiguar",240005,"João Câmara",2401,"Natal",24,"Rio Grande do Norte","RN",2,"Nordeste"
2411700,"São Bento do Trairí",24014,"Borborema Potiguar",2403,"Agreste Potiguar",240004,"Santa Cruz",2401,"Natal",24,"Rio Grande do Norte","RN",2,"Nordeste"
2411809,"São Fernando",24011,"Seridó Ocidental",2402,"Central Potiguar",240007,"Caicó",2402,"Caicó",24,"Rio Grande do Norte","RN",2,"Nordeste"
2411908,"São Francisco do Oeste",24006,"Pau dos Ferros",2401,"Oeste Potiguar",240010,"Pau dos Ferros",2403,"Mossoró",24,"Rio Grande do Norte","RN",2,"Nordeste"
2412005,"São Gonçalo do Amarante",24017,"Macaíba",2404,"Leste Potiguar",240001,"Natal",2401,"Natal",24,"Rio Grande do Norte","RN",2,"Nordeste"
2412104,"São João do Sabugi",24011,"Seridó Ocidental",2402,"Central Potiguar",240007,"Caicó",2402,"Caicó",24,"Rio Grande do Norte","RN",2,"Nordeste"
2412203,"São José de Mipibu",24017,"Macaíba",2404,"Leste Potiguar",240001,"Natal",2401,"Natal",24,"Rio Grande do Norte","RN",2,"Nordeste"
2412302,"São José do Campestre",24014,"Borborema Potiguar",2403,"Agreste Potiguar",240002,"Santo Antônio - Passa e Fica - Nova Cruz",2401,"Natal",24,"Rio Grande do Norte","RN",2,"Nordeste"
2412401,"São José do Seridó",24012,"Seridó Oriental",2402,"Central Potiguar",240007,"Caicó",2402,"Caicó",24,"Rio Grande do Norte","RN",2,"Nordeste"
2412500,"São Miguel",24005,"Serra de São Miguel",2401,"Oeste Potiguar",240010,"Pau dos Ferros",2403,"Mossoró",24,"Rio Grande do Norte","RN",2,"Nordeste"
2412559,"São Miguel do Gostoso",24016,"Litoral Nordeste",2404,"Leste Potiguar",240001,"Natal",2401,"Natal",24,"Rio Grande do Norte","RN",2,"Nordeste"
2412609,"São Paulo do Potengi",24015,"Agreste Potiguar",2403,"Agreste Potiguar",240006,"São Paulo do Potengi",2401,"Natal",24,"Rio Grande do Norte","RN",2,"Nordeste"
2412708,"São Pedro",24015,"Agreste Potiguar",2403,"Agreste Potiguar",240006,"São Paulo do Potengi",2401,"Natal",24,"Rio Grande do Norte","RN",2,"Nordeste"
2412807,"São Rafael",24004,"Vale do Açu",2401,"Oeste Potiguar",240011,"Açu",2403,"Mossoró",24,"Rio Grande do Norte","RN",2,"Nordeste"
2412906,"São Tomé",24014,"Borborema Potiguar",2403,"Agreste Potiguar",240006,"São Paulo do Potengi",2401,"Natal",24,"Rio Grande do Norte","RN",2,"Nordeste"
2413003,"São Vicente",24010,"Serra de Santana",2402,"Central Potiguar",240008,"Currais Novos",2402,"Caicó",24,"Rio Grande do Norte","RN",2,"Nordeste"
2413102,"Senador Elói de Souza",24015,"Agreste Potiguar",2403,"Agreste Potiguar",240006,"São Paulo do Potengi",2401,"Natal",24,"Rio Grande do Norte","RN",2,"Nordeste"
2413201,"Senador Georgino Avelino",24019,"Litoral Sul",2404,"Leste Potiguar",240001,"Natal",2401,"Natal",24,"Rio Grande do Norte","RN",2,"Nordeste"
2413300,"Serra de São Bento",24014,"Borborema Potiguar",2403,"Agreste Potiguar",240002,"Santo Antônio - Passa e Fica - Nova Cruz",2401,"Natal",24,"Rio Grande do Norte","RN",2,"Nordeste"
2413359,"Serra do Mel",24001,"Mossoró",2401,"Oeste Potiguar",240009,"Mossoró",2403,"Mossoró",24,"Rio Grande do Norte","RN",2,"Nordeste"
2413409,"Serra Negra do Norte",24011,"Seridó Ocidental",2402,"Central Potiguar",240007,"Caicó",2402,"Caicó",24,"Rio Grande do Norte","RN",2,"Nordeste"
2413508,"Serrinha",24015,"Agreste Potiguar",2403,"Agreste Potiguar",240002,"Santo Antônio - Passa e Fica - Nova Cruz",2401,"Natal",24,"Rio Grande do Norte","RN",2,"Nordeste"
2413557,"Serrinha dos Pintos",24007,"Umarizal",2401,"Oeste Potiguar",240010,"Pau dos Ferros",2403,"Mossoró",24,"Rio Grande do Norte","RN",2,"Nordeste"
2413607,"Severiano Melo",24006,"Pau dos Ferros",2401,"Oeste Potiguar",240009,"Mossoró",2403,"Mossoró",24,"Rio Grande do Norte","RN",2,"Nordeste"
2413706,"Sítio Novo",24014,"Borborema Potiguar",2403,"Agreste Potiguar",240004,"Santa Cruz",2401,"Natal",24,"Rio Grande do Norte","RN",2,"Nordeste"
2413805,"Taboleiro Grande",24006,"Pau dos Ferros",2401,"Oeste Potiguar",240010,"Pau dos Ferros",2403,"Mossoró",24,"Rio Grande do Norte","RN",2,"Nordeste"
2413904,"Taipu",24016,"Litoral Nordeste",2404,"Leste Potiguar",240001,"Natal",2401,"Natal",24,"Rio Grande do Norte","RN",2,"Nordeste"
2414001,"Tangará",24014,"Borborema Potiguar",2403,"Agreste Potiguar",240004,"Santa Cruz",2401,"Natal",24,"Rio Grande do Norte","RN",2,"Nordeste"
2414100,"Tenente Ananias",24006,"Pau dos Ferros",2401,"Oeste Potiguar",240010,"Pau dos Ferros",2403,"Mossoró",24,"Rio Grande do Norte","RN",2,"Nordeste"
2414159,"Tenente Laurentino Cruz",24010,"Serra de Santana",2402,"Central Potiguar",240008,"Currais Novos",2402,"Caicó",24,"Rio Grande do Norte","RN",2,"Nordeste"
2414209,"Tibau do Sul",24019,"Litoral Sul",2404,"Leste Potiguar",240003,"Canguaretama",2401,"Natal",24,"Rio Grande do Norte","RN",2,"Nordeste"
2414308,"Timbaúba dos Batistas",24011,"Seridó Ocidental",2402,"Central Potiguar",240007,"Caicó",2402,"Caicó",24,"Rio Grande do Norte","RN",2,"Nordeste"
2414407,"Touros",24016,"Litoral Nordeste",2404,"Leste Potiguar",240001,"Natal",2401,"Natal",24,"Rio Grande do Norte","RN",2,"Nordeste"
2414456,"Triunfo Potiguar",24003,"Médio Oeste",2401,"Oeste Potiguar",240011,"Açu",2403,"Mossoró",24,"Rio Grande do Norte","RN",2,"Nordeste"
2414506,"Umarizal",24007,"Umarizal",2401,"Oeste Potiguar",240010,"Pau dos Ferros",2403,"Mossoró",24,"Rio Grande do Norte","RN",2,"Nordeste"
2414605,"Upanema",24003,"Médio Oeste",2401,"Oeste Potiguar",240009,"Mossoró",2403,"Mossoró",24,"Rio Grande do Norte","RN",2,"Nordeste"
2414704,"Várzea",24015,"Agreste Potiguar",2403,"Agreste Potiguar",240002,"Santo Antônio - Passa e Fica - Nova Cruz",2401,"Natal",24,"Rio Grande do Norte","RN",2,"Nordeste"
2414753,"Venha-Ver",24005,"Serra de São Miguel",2401,"Oeste Potiguar",240010,"Pau dos Ferros",2403,"Mossoró",24,"Rio Grande do Norte","RN",2,"Nordeste"
2414803,"Vera Cruz",24015,"Agreste Potiguar",2403,"Agreste Potiguar",240001,"Natal",2401,"Natal",24,"Rio Grande do Norte","RN",2,"Nordeste"
2414902,"Viçosa",24006,"Pau dos Ferros",2401,"Oeste Potiguar",240010,"Pau dos Ferros",2403,"Mossoró",24,"Rio Grande do Norte","RN",2,"Nordeste"
2415008,"Vila Flor",24019,"Litoral Sul",2404,"Leste Potiguar",240003,"Canguaretama",2401,"Natal",24,"Rio Grande do Norte","RN",2,"Nordeste"
2500106,"Água Branca",25007,"Serra do Teixeira",2501,"Sertão Paraibano",250009,"Patos",2503,"Patos",25,"Paraíba","PB",2,"Nordeste"
2500205,"Aguiar",25005,"Piancó",2501,"Sertão Paraibano",250010,"Itaporanga",2503,"Patos",25,"Paraíba","PB",2,"Nordeste"
2500304,"Alagoa Grande",25015,"Brejo Paraibano",2503,"Agreste Paraibano",250005,"Campina Grande",2502,"Campina Grande",25,"Paraíba","PB",2,"Nordeste"
2500403,"Alagoa Nova",25015,"Brejo Paraibano",2503,"Agreste Paraibano",250005,"Campina Grande",2502,"Campina Grande",25,"Paraíba","PB",2,"Nordeste"
2500502,"Alagoinha",25016,"Guarabira",2503,"Agreste Paraibano",250002,"Guarabira",2501,"João Pessoa",25,"Paraíba","PB",2,"Nordeste"
2500536,"Alcantil",25011,"Cariri Oriental",2502,"Borborema",250005,"Campina Grande",2502,"Campina Grande",25,"Paraíba","PB",2,"Nordeste"
2500577,"Algodão de Jandaíra",25012,"Curimataú Ocidental",2503,"Agreste Paraibano",250005,"Campina Grande",2502,"Campina Grande",25,"Paraíba","PB",2,"Nordeste"
2500601,"Alhandra",25023,"Litoral Sul",2504,"Mata Paraibana",250001,"João Pessoa",2501,"João Pessoa",25,"Paraíba","PB",2,"Nordeste"
2500700,"São João do Rio do Peixe",25002,"Cajazeiras",2501,"Sertão Paraibano",250015,"Cajazeiras",2504,"Sousa - Cajazeiras",25,"Paraíba","PB",2,"Nordeste"
2500734,"Amparo",25010,"Cariri Ocidental",2502,"Borborema",250008,"Sumé",2502,"Campina Grande",25,"Paraíba","PB",2,"Nordeste"
2500775,"Aparecida",25003,"Sousa",2501,"Sertão Paraibano",250014,"Sousa",2504,"Sousa - Cajazeiras",25,"Paraíba","PB",2,"Nordeste"
2500809,"Araçagi",25016,"Guarabira",2503,"Agreste Paraibano",250002,"Guarabira",2501,"João Pessoa",25,"Paraíba","PB",2,"Nordeste"
2500908,"Arara",25012,"Curimataú Ocidental",2503,"Agreste Paraibano",250002,"Guarabira",2501,"João Pessoa",25,"Paraíba","PB",2,"Nordeste"
2501005,"Araruna",25013,"Curimataú Oriental",2503,"Agreste Paraibano",250002,"Guarabira",2501,"João Pessoa",25,"Paraíba","PB",2,"Nordeste"
2501104,"Areia",25015,"Brejo Paraibano",2503,"Agreste Paraibano",250005,"Campina Grande",2502,"Campina Grande",25,"Paraíba","PB",2,"Nordeste"
2501153,"Areia de Baraúnas",25004,"Patos",2501,"Sertão Paraibano",250009,"Patos",2503,"Patos",25,"Paraíba","PB",2,"Nordeste"
2501203,"Areial",25014,"Esperança",2503,"Agreste Paraibano",250005,"Campina Grande",2502,"Campina Grande",25,"Paraíba","PB",2,"Nordeste"
2501302,"Aroeiras",25019,"Umbuzeiro",2503,"Agreste Paraibano",250005,"Campina Grande",2502,"Campina Grande",25,"Paraíba","PB",2,"Nordeste"
2501351,"Assunção",25010,"Cariri Ocidental",2502,"Borborema",250005,"Campina Grande",2502,"Campina Grande",25,"Paraíba","PB",2,"Nordeste"
2501401,"Baía da Traição",25020,"Litoral Norte",2504,"Mata Paraibana",250003,"Mamanguape - Rio Tinto",2501,"João Pessoa",25,"Paraíba","PB",2,"Nordeste"
2501500,"Bananeiras",25015,"Brejo Paraibano",2503,"Agreste Paraibano",250002,"Guarabira",2501,"João Pessoa",25,"Paraíba","PB",2,"Nordeste"
2501534,"Baraúna",25009,"Seridó Oriental Paraibano",2502,"Borborema",250006,"Cuité - Nova Floresta",2502,"Campina Grande",25,"Paraíba","PB",2,"Nordeste"
2501575,"Barra de Santana",25011,"Cariri Oriental",2502,"Borborema",250005,"Campina Grande",2502,"Campina Grande",25,"Paraíba","PB",2,"Nordeste"
2501609,"Barra de Santa Rosa",25012,"Curimataú Ocidental",2503,"Agreste Paraibano",250006,"Cuité - Nova Floresta",2502,"Campina Grande",25,"Paraíba","PB",2,"Nordeste"
2501708,"Barra de São Miguel",25011,"Cariri Oriental",2502,"Borborema",250005,"Campina Grande",2502,"Campina Grande",25,"Paraíba","PB",2,"Nordeste"
2501807,"Bayeux",25022,"João Pessoa",2504,"Mata Paraibana",250001,"João Pessoa",2501,"João Pessoa",25,"Paraíba","PB",2,"Nordeste"
2501906,"Belém",25016,"Guarabira",2503,"Agreste Paraibano",250002,"Guarabira",2501,"João Pessoa",25,"Paraíba","PB",2,"Nordeste"
2502003,"Belém do Brejo do Cruz",25001,"Catolé do Rocha",2501,"Sertão Paraibano",250011,"Catolé do Rocha - São Bento",2503,"Patos",25,"Paraíba","PB",2,"Nordeste"
2502052,"Bernardino Batista",25002,"Cajazeiras",2501,"Sertão Paraibano",250014,"Sousa",2504,"Sousa - Cajazeiras",25,"Paraíba","PB",2,"Nordeste"
2502102,"Boa Ventura",25006,"Itaporanga",2501,"Sertão Paraibano",250010,"Itaporanga",2503,"Patos",25,"Paraíba","PB",2,"Nordeste"
2502151,"Boa Vista",25017,"Campina Grande",2503,"Agreste Paraibano",250005,"Campina Grande",2502,"Campina Grande",25,"Paraíba","PB",2,"Nordeste"
2502201,"Bom Jesus",25002,"Cajazeiras",2501,"Sertão Paraibano",250015,"Cajazeiras",2504,"Sousa - Cajazeiras",25,"Paraíba","PB",2,"Nordeste"
2502300,"Bom Sucesso",25001,"Catolé do Rocha",2501,"Sertão Paraibano",250011,"Catolé do Rocha - São Bento",2503,"Patos",25,"Paraíba","PB",2,"Nordeste"
2502409,"Bonito de Santa Fé",25002,"Cajazeiras",2501,"Sertão Paraibano",250015,"Cajazeiras",2504,"Sousa - Cajazeiras",25,"Paraíba","PB",2,"Nordeste"
2502508,"Boqueirão",25011,"Cariri Oriental",2502,"Borborema",250005,"Campina Grande",2502,"Campina Grande",25,"Paraíba","PB",2,"Nordeste"
2502607,"Igaracy",25005,"Piancó",2501,"Sertão Paraibano",250010,"Itaporanga",2503,"Patos",25,"Paraíba","PB",2,"Nordeste"
2502706,"Borborema",25015,"Brejo Paraibano",2503,"Agreste Paraibano",250002,"Guarabira",2501,"João Pessoa",25,"Paraíba","PB",2,"Nordeste"
2502805,"Brejo do Cruz",25001,"Catolé do Rocha",2501,"Sertão Paraibano",250011,"Catolé do Rocha - São Bento",2503,"Patos",25,"Paraíba","PB",2,"Nordeste"
2502904,"Brejo dos Santos",25001,"Catolé do Rocha",2501,"Sertão Paraibano",250011,"Catolé do Rocha - São Bento",2503,"Patos",25,"Paraíba","PB",2,"Nordeste"
2503001,"Caaporã",25023,"Litoral Sul",2504,"Mata Paraibana",250001,"João Pessoa",2501,"João Pessoa",25,"Paraíba","PB",2,"Nordeste"
2503100,"Cabaceiras",25011,"Cariri Oriental",2502,"Borborema",250005,"Campina Grande",2502,"Campina Grande",25,"Paraíba","PB",2,"Nordeste"
2503209,"Cabedelo",25022,"João Pessoa",2504,"Mata Paraibana",250001,"João Pessoa",2501,"João Pessoa",25,"Paraíba","PB",2,"Nordeste"
2503308,"Cachoeira dos Índios",25002,"Cajazeiras",2501,"Sertão Paraibano",250015,"Cajazeiras",2504,"Sousa - Cajazeiras",25,"Paraíba","PB",2,"Nordeste"
2503407,"Cacimba de Areia",25004,"Patos",2501,"Sertão Paraibano",250009,"Patos",2503,"Patos",25,"Paraíba","PB",2,"Nordeste"
2503506,"Cacimba de Dentro",25013,"Curimataú Oriental",2503,"Agreste Paraibano",250002,"Guarabira",2501,"João Pessoa",25,"Paraíba","PB",2,"Nordeste"
2503555,"Cacimbas",25007,"Serra do Teixeira",2501,"Sertão Paraibano",250009,"Patos",2503,"Patos",25,"Paraíba","PB",2,"Nordeste"
2503605,"Caiçara",25016,"Guarabira",2503,"Agreste Paraibano",250002,"Guarabira",2501,"João Pessoa",25,"Paraíba","PB",2,"Nordeste"
2503704,"Cajazeiras",25002,"Cajazeiras",2501,"Sertão Paraibano",250015,"Cajazeiras",2504,"Sousa - Cajazeiras",25,"Paraíba","PB",2,"Nordeste"
2503753,"Cajazeirinhas",25003,"Sousa",2501,"Sertão Paraibano",250012,"Pombal",2503,"Patos",25,"Paraíba","PB",2,"Nordeste"
2503803,"Caldas Brandão",25018,"Itabaiana",2503,"Agreste Paraibano",250001,"João Pessoa",2501,"João Pessoa",25,"Paraíba","PB",2,"Nordeste"
2503902,"Camalaú",25010,"Cariri Ocidental",2502,"Borborema",250007,"Monteiro",2502,"Campina Grande",25,"Paraíba","PB",2,"Nordeste"
2504009,"Campina Grande",25017,"Campina Grande",2503,"Agreste Paraibano",250005,"Campina Grande",2502,"Campina Grande",25,"Paraíba","PB",2,"Nordeste"
2504033,"Capim",25020,"Litoral Norte",2504,"Mata Paraibana",250003,"Mamanguape - Rio Tinto",2501,"João Pessoa",25,"Paraíba","PB",2,"Nordeste"
2504074,"Caraúbas",25011,"Cariri Oriental",2502,"Borborema",250005,"Campina Grande",2502,"Campina Grande",25,"Paraíba","PB",2,"Nordeste"
2504108,"Carrapateira",25002,"Cajazeiras",2501,"Sertão Paraibano",250015,"Cajazeiras",2504,"Sousa - Cajazeiras",25,"Paraíba","PB",2,"Nordeste"
2504157,"Casserengue",25013,"Curimataú Oriental",2503,"Agreste Paraibano",250002,"Guarabira",2501,"João Pessoa",25,"Paraíba","PB",2,"Nordeste"
2504207,"Catingueira",25005,"Piancó",2501,"Sertão Paraibano",250009,"Patos",2503,"Patos",25,"Paraíba","PB",2,"Nordeste"
2504306,"Catolé do Rocha",25001,"Catolé do Rocha",2501,"Sertão Paraibano",250011,"Catolé do Rocha - São Bento",2503,"Patos",25,"Paraíba","PB",2,"Nordeste"
2504355,"Caturité",25011,"Cariri Oriental",2502,"Borborema",250005,"Campina Grande",2502,"Campina Grande",25,"Paraíba","PB",2,"Nordeste"
2504405,"Conceição",25006,"Itaporanga",2501,"Sertão Paraibano",250010,"Itaporanga",2503,"Patos",25,"Paraíba","PB",2,"Nordeste"
2504504,"Condado",25003,"Sousa",2501,"Sertão Paraibano",250012,"Pombal",2503,"Patos",25,"Paraíba","PB",2,"Nordeste"
2504603,"Conde",25022,"João Pessoa",2504,"Mata Paraibana",250001,"João Pessoa",2501,"João Pessoa",25,"Paraíba","PB",2,"Nordeste"
2504702,"Congo",25010,"Cariri Ocidental",2502,"Borborema",250008,"Sumé",2502,"Campina Grande",25,"Paraíba","PB",2,"Nordeste"
2504801,"Coremas",25005,"Piancó",2501,"Sertão Paraibano",250009,"Patos",2503,"Patos",25,"Paraíba","PB",2,"Nordeste"
2504850,"Coxixola",25010,"Cariri Ocidental",2502,"Borborema",250008,"Sumé",2502,"Campina Grande",25,"Paraíba","PB",2,"Nordeste"
2504900,"Cruz do Espírito Santo",25021,"Sapé",2504,"Mata Paraibana",250001,"João Pessoa",2501,"João Pessoa",25,"Paraíba","PB",2,"Nordeste"
2505006,"Cubati",25009,"Seridó Oriental Paraibano",2502,"Borborema",250005,"Campina Grande",2502,"Campina Grande",25,"Paraíba","PB",2,"Nordeste"
2505105,"Cuité",25012,"Curimataú Ocidental",2503,"Agreste Paraibano",250006,"Cuité - Nova Floresta",2502,"Campina Grande",25,"Paraíba","PB",2,"Nordeste"
2505204,"Cuitegi",25016,"Guarabira",2503,"Agreste Paraibano",250002,"Guarabira",2501,"João Pessoa",25,"Paraíba","PB",2,"Nordeste"
2505238,"Cuité de Mamanguape",25020,"Litoral Norte",2504,"Mata Paraibana",250001,"João Pessoa",2501,"João Pessoa",25,"Paraíba","PB",2,"Nordeste"
2505279,"Curral de Cima",25020,"Litoral Norte",2504,"Mata Paraibana",250003,"Mamanguape - Rio Tinto",2501,"João Pessoa",25,"Paraíba","PB",2,"Nordeste"
2505303,"Curral Velho",25006,"Itaporanga",2501,"Sertão Paraibano",250010,"Itaporanga",2503,"Patos",25,"Paraíba","PB",2,"Nordeste"
2505352,"Damião",25012,"Curimataú Ocidental",2503,"Agreste Paraibano",250006,"Cuité - Nova Floresta",2502,"Campina Grande",25,"Paraíba","PB",2,"Nordeste"
2505402,"Desterro",25007,"Serra do Teixeira",2501,"Sertão Paraibano",250009,"Patos",2503,"Patos",25,"Paraíba","PB",2,"Nordeste"
2505501,"Vista Serrana",25003,"Sousa",2501,"Sertão Paraibano",250009,"Patos",2503,"Patos",25,"Paraíba","PB",2,"Nordeste"
2505600,"Diamante",25006,"Itaporanga",2501,"Sertão Paraibano",250010,"Itaporanga",2503,"Patos",25,"Paraíba","PB",2,"Nordeste"
2505709,"Dona Inês",25013,"Curimataú Oriental",2503,"Agreste Paraibano",250002,"Guarabira",2501,"João Pessoa",25,"Paraíba","PB",2,"Nordeste"
2505808,"Duas Estradas",25016,"Guarabira",2503,"Agreste Paraibano",250002,"Guarabira",2501,"João Pessoa",25,"Paraíba","PB",2,"Nordeste"
2505907,"Emas",25005,"Piancó",2501,"Sertão Paraibano",250009,"Patos",2503,"Patos",25,"Paraíba","PB",2,"Nordeste"
2506004,"Esperança",25014,"Esperança",2503,"Agreste Paraibano",250005,"Campina Grande",2502,"Campina Grande",25,"Paraíba","PB",2,"Nordeste"
2506103,"Fagundes",25017,"Campina Grande",2503,"Agreste Paraibano",250005,"Campina Grande",2502,"Campina Grande",25,"Paraíba","PB",2,"Nordeste"
2506202,"Frei Martinho",25009,"Seridó Oriental Paraibano",2502,"Borborema",250006,"Cuité - Nova Floresta",2502,"Campina Grande",25,"Paraíba","PB",2,"Nordeste"
2506251,"Gado Bravo",25019,"Umbuzeiro",2503,"Agreste Paraibano",250005,"Campina Grande",2502,"Campina Grande",25,"Paraíba","PB",2,"Nordeste"
2506301,"Guarabira",25016,"Guarabira",2503,"Agreste Paraibano",250002,"Guarabira",2501,"João Pessoa",25,"Paraíba","PB",2,"Nordeste"
2506400,"Gurinhém",25018,"Itabaiana",2503,"Agreste Paraibano",250001,"João Pessoa",2501,"João Pessoa",25,"Paraíba","PB",2,"Nordeste"
2506509,"Gurjão",25011,"Cariri Oriental",2502,"Borborema",250005,"Campina Grande",2502,"Campina Grande",25,"Paraíba","PB",2,"Nordeste"
2506608,"Ibiara",25006,"Itaporanga",2501,"Sertão Paraibano",250010,"Itaporanga",2503,"Patos",25,"Paraíba","PB",2,"Nordeste"
2506707,"Imaculada",25007,"Serra do Teixeira",2501,"Sertão Paraibano",250009,"Patos",2503,"Patos",25,"Paraíba","PB",2,"Nordeste"
2506806,"Ingá",25018,"Itabaiana",2503,"Agreste Paraibano",250005,"Campina Grande",2502,"Campina Grande",25,"Paraíba","PB",2,"Nordeste"
2506905,"Itabaiana",25018,"Itabaiana",2503,"Agreste Paraibano",250004,"Itabaiana",2501,"João Pessoa",25,"Paraíba","PB",2,"Nordeste"
2507002,"Itaporanga",25006,"Itaporanga",2501,"Sertão Paraibano",250010,"Itaporanga",2503,"Patos",25,"Paraíba","PB",2,"Nordeste"
2507101,"Itapororoca",25020,"Litoral Norte",2504,"Mata Paraibana",250003,"Mamanguape - Rio Tinto",2501,"João Pessoa",25,"Paraíba","PB",2,"Nordeste"
2507200,"Itatuba",25018,"Itabaiana",2503,"Agreste Paraibano",250005,"Campina Grande",2502,"Campina Grande",25,"Paraíba","PB",2,"Nordeste"
2507309,"Jacaraú",25020,"Litoral Norte",2504,"Mata Paraibana",250003,"Mamanguape - Rio Tinto",2501,"João Pessoa",25,"Paraíba","PB",2,"Nordeste"
2507408,"Jericó",25001,"Catolé do Rocha",2501,"Sertão Paraibano",250011,"Catolé do Rocha - São Bento",2503,"Patos",25,"Paraíba","PB",2,"Nordeste"
2507507,"João Pessoa",25022,"João Pessoa",2504,"Mata Paraibana",250001,"João Pessoa",2501,"João Pessoa",25,"Paraíba","PB",2,"Nordeste"
2507606,"Juarez Távora",25018,"Itabaiana",2503,"Agreste Paraibano",250001,"João Pessoa",2501,"João Pessoa",25,"Paraíba","PB",2,"Nordeste"
2507705,"Juazeirinho",25009,"Seridó Oriental Paraibano",2502,"Borborema",250005,"Campina Grande",2502,"Campina Grande",25,"Paraíba","PB",2,"Nordeste"
2507804,"Junco do Seridó",25008,"Seridó Ocidental Paraibano",2502,"Borborema",250005,"Campina Grande",2502,"Campina Grande",25,"Paraíba","PB",2,"Nordeste"
2507903,"Juripiranga",25021,"Sapé",2504,"Mata Paraibana",250001,"João Pessoa",2501,"João Pessoa",25,"Paraíba","PB",2,"Nordeste"
2508000,"Juru",25007,"Serra do Teixeira",2501,"Sertão Paraibano",250013,"Princesa Isabel",2503,"Patos",25,"Paraíba","PB",2,"Nordeste"
2508109,"Lagoa",25001,"Catolé do Rocha",2501,"Sertão Paraibano",250012,"Pombal",2503,"Patos",25,"Paraíba","PB",2,"Nordeste"
2508208,"Lagoa de Dentro",25016,"Guarabira",2503,"Agreste Paraibano",250002,"Guarabira",2501,"João Pessoa",25,"Paraíba","PB",2,"Nordeste"
2508307,"Lagoa Seca",25017,"Campina Grande",2503,"Agreste Paraibano",250005,"Campina Grande",2502,"Campina Grande",25,"Paraíba","PB",2,"Nordeste"
2508406,"Lastro",25003,"Sousa",2501,"Sertão Paraibano",250014,"Sousa",2504,"Sousa - Cajazeiras",25,"Paraíba","PB",2,"Nordeste"
2508505,"Livramento",25010,"Cariri Ocidental",2502,"Borborema",250008,"Sumé",2502,"Campina Grande",25,"Paraíba","PB",2,"Nordeste"
2508554,"Logradouro",25016,"Guarabira",2503,"Agreste Paraibano",250002,"Guarabira",2501,"João Pessoa",25,"Paraíba","PB",2,"Nordeste"
2508604,"Lucena",25022,"João Pessoa",2504,"Mata Paraibana",250001,"João Pessoa",2501,"João Pessoa",25,"Paraíba","PB",2,"Nordeste"
2508703,"Mãe d'Água",25004,"Patos",2501,"Sertão Paraibano",250009,"Patos",2503,"Patos",25,"Paraíba","PB",2,"Nordeste"
2508802,"Malta",25003,"Sousa",2501,"Sertão Paraibano",250009,"Patos",2503,"Patos",25,"Paraíba","PB",2,"Nordeste"
2508901,"Mamanguape",25020,"Litoral Norte",2504,"Mata Paraibana",250003,"Mamanguape - Rio Tinto",2501,"João Pessoa",25,"Paraíba","PB",2,"Nordeste"
2509008,"Manaíra",25007,"Serra do Teixeira",2501,"Sertão Paraibano",250013,"Princesa Isabel",2503,"Patos",25,"Paraíba","PB",2,"Nordeste"
2509057,"Marcação",25020,"Litoral Norte",2504,"Mata Paraibana",250003,"Mamanguape - Rio Tinto",2501,"João Pessoa",25,"Paraíba","PB",2,"Nordeste"
2509107,"Mari",25021,"Sapé",2504,"Mata Paraibana",250001,"João Pessoa",2501,"João Pessoa",25,"Paraíba","PB",2,"Nordeste"
2509156,"Marizópolis",25003,"Sousa",2501,"Sertão Paraibano",250014,"Sousa",2504,"Sousa - Cajazeiras",25,"Paraíba","PB",2,"Nordeste"
2509206,"Massaranduba",25017,"Campina Grande",2503,"Agreste Paraibano",250005,"Campina Grande",2502,"Campina Grande",25,"Paraíba","PB",2,"Nordeste"
2509305,"Mataraca",25020,"Litoral Norte",2504,"Mata Paraibana",250003,"Mamanguape - Rio Tinto",2501,"João Pessoa",25,"Paraíba","PB",2,"Nordeste"
2509339,"Matinhas",25015,"Brejo Paraibano",2503,"Agreste Paraibano",250005,"Campina Grande",2502,"Campina Grande",25,"Paraíba","PB",2,"Nordeste"
2509370,"Mato Grosso",25001,"Catolé do Rocha",2501,"Sertão Paraibano",250011,"Catolé do Rocha - São Bento",2503,"Patos",25,"Paraíba","PB",2,"Nordeste"
2509396,"Maturéia",25007,"Serra do Teixeira",2501,"Sertão Paraibano",250009,"Patos",2503,"Patos",25,"Paraíba","PB",2,"Nordeste"
2509404,"Mogeiro",25018,"Itabaiana",2503,"Agreste Paraibano",250004,"Itabaiana",2501,"João Pessoa",25,"Paraíba","PB",2,"Nordeste"
2509503,"Montadas",25014,"Esperança",2503,"Agreste Paraibano",250005,"Campina Grande",2502,"Campina Grande",25,"Paraíba","PB",2,"Nordeste"
2509602,"Monte Horebe",25002,"Cajazeiras",2501,"Sertão Paraibano",250015,"Cajazeiras",2504,"Sousa - Cajazeiras",25,"Paraíba","PB",2,"Nordeste"
2509701,"Monteiro",25010,"Cariri Ocidental",2502,"Borborema",250007,"Monteiro",2502,"Campina Grande",25,"Paraíba","PB",2,"Nordeste"
2509800,"Mulungu",25016,"Guarabira",2503,"Agreste Paraibano",250002,"Guarabira",2501,"João Pessoa",25,"Paraíba","PB",2,"Nordeste"
2509909,"Natuba",25019,"Umbuzeiro",2503,"Agreste Paraibano",250004,"Itabaiana",2501,"João Pessoa",25,"Paraíba","PB",2,"Nordeste"
2510006,"Nazarezinho",25003,"Sousa",2501,"Sertão Paraibano",250014,"Sousa",2504,"Sousa - Cajazeiras",25,"Paraíba","PB",2,"Nordeste"
2510105,"Nova Floresta",25012,"Curimataú Ocidental",2503,"Agreste Paraibano",250006,"Cuité - Nova Floresta",2502,"Campina Grande",25,"Paraíba","PB",2,"Nordeste"
2510204,"Nova Olinda",25005,"Piancó",2501,"Sertão Paraibano",250010,"Itaporanga",2503,"Patos",25,"Paraíba","PB",2,"Nordeste"
2510303,"Nova Palmeira",25009,"Seridó Oriental Paraibano",2502,"Borborema",250006,"Cuité - Nova Floresta",2502,"Campina Grande",25,"Paraíba","PB",2,"Nordeste"
2510402,"Olho d'Água",25005,"Piancó",2501,"Sertão Paraibano",250009,"Patos",2503,"Patos",25,"Paraíba","PB",2,"Nordeste"
2510501,"Olivedos",25012,"Curimataú Ocidental",2503,"Agreste Paraibano",250005,"Campina Grande",2502,"Campina Grande",25,"Paraíba","PB",2,"Nordeste"
2510600,"Ouro Velho",25010,"Cariri Ocidental",2502,"Borborema",250007,"Monteiro",2502,"Campina Grande",25,"Paraíba","PB",2,"Nordeste"
2510659,"Parari",25010,"Cariri Ocidental",2502,"Borborema",250008,"Sumé",2502,"Campina Grande",25,"Paraíba","PB",2,"Nordeste"
2510709,"Passagem",25004,"Patos",2501,"Sertão Paraibano",250009,"Patos",2503,"Patos",25,"Paraíba","PB",2,"Nordeste"
2510808,"Patos",25004,"Patos",2501,"Sertão Paraibano",250009,"Patos",2503,"Patos",25,"Paraíba","PB",2,"Nordeste"
2510907,"Paulista",25003,"Sousa",2501,"Sertão Paraibano",250012,"Pombal",2503,"Patos",25,"Paraíba","PB",2,"Nordeste"
2511004,"Pedra Branca",25006,"Itaporanga",2501,"Sertão Paraibano",250010,"Itaporanga",2503,"Patos",25,"Paraíba","PB",2,"Nordeste"
2511103,"Pedra Lavrada",25009,"Seridó Oriental Paraibano",2502,"Borborema",250006,"Cuité - Nova Floresta",2502,"Campina Grande",25,"Paraíba","PB",2,"Nordeste"
2511202,"Pedras de Fogo",25023,"Litoral Sul",2504,"Mata Paraibana",250001,"João Pessoa",2501,"João Pessoa",25,"Paraíba","PB",2,"Nordeste"
2511301,"Piancó",25005,"Piancó",2501,"Sertão Paraibano",250010,"Itaporanga",2503,"Patos",25,"Paraíba","PB",2,"Nordeste"
2511400,"Picuí",25009,"Seridó Oriental Paraibano",2502,"Borborema",250006,"Cuité - Nova Floresta",2502,"Campina Grande",25,"Paraíba","PB",2,"Nordeste"
2511509,"Pilar",25021,"Sapé",2504,"Mata Paraibana",250001,"João Pessoa",2501,"João Pessoa",25,"Paraíba","PB",2,"Nordeste"
2511608,"Pilões",25015,"Brejo Paraibano",2503,"Agreste Paraibano",250002,"Guarabira",2501,"João Pessoa",25,"Paraíba","PB",2,"Nordeste"
2511707,"Pilõezinhos",25016,"Guarabira",2503,"Agreste Paraibano",250002,"Guarabira",2501,"João Pessoa",25,"Paraíba","PB",2,"Nordeste"
2511806,"Pirpirituba",25016,"Guarabira",2503,"Agreste Paraibano",250002,"Guarabira",2501,"João Pessoa",25,"Paraíba","PB",2,"Nordeste"
2511905,"Pitimbu",25023,"Litoral Sul",2504,"Mata Paraibana",250001,"João Pessoa",2501,"João Pessoa",25,"Paraíba","PB",2,"Nordeste"
2512002,"Pocinhos",25012,"Curimataú Ocidental",2503,"Agreste Paraibano",250005,"Campina Grande",2502,"Campina Grande",25,"Paraíba","PB",2,"Nordeste"
2512036,"Poço Dantas",25002,"Cajazeiras",2501,"Sertão Paraibano",250014,"Sousa",2504,"Sousa - Cajazeiras",25,"Paraíba","PB",2,"Nordeste"
2512077,"Poço de José de Moura",25002,"Cajazeiras",2501,"Sertão Paraibano",250015,"Cajazeiras",2504,"Sousa - Cajazeiras",25,"Paraíba","PB",2,"Nordeste"
2512101,"Pombal",25003,"Sousa",2501,"Sertão Paraibano",250012,"Pombal",2503,"Patos",25,"Paraíba","PB",2,"Nordeste"
2512200,"Prata",25010,"Cariri Ocidental",2502,"Borborema",250007,"Monteiro",2502,"Campina Grande",25,"Paraíba","PB",2,"Nordeste"
2512309,"Princesa Isabel",25007,"Serra do Teixeira",2501,"Sertão Paraibano",250013,"Princesa Isabel",2503,"Patos",25,"Paraíba","PB",2,"Nordeste"
2512408,"Puxinanã",25017,"Campina Grande",2503,"Agreste Paraibano",250005,"Campina Grande",2502,"Campina Grande",25,"Paraíba","PB",2,"Nordeste"
2512507,"Queimadas",25017,"Campina Grande",2503,"Agreste Paraibano",250005,"Campina Grande",2502,"Campina Grande",25,"Paraíba","PB",2,"Nordeste"
2512606,"Quixaba",25004,"Patos",2501,"Sertão Paraibano",250009,"Patos",2503,"Patos",25,"Paraíba","PB",2,"Nordeste"
2512705,"Remígio",25012,"Curimataú Ocidental",2503,"Agreste Paraibano",250005,"Campina Grande",2502,"Campina Grande",25,"Paraíba","PB",2,"Nordeste"
2512721,"Pedro Régis",25020,"Litoral Norte",2504,"Mata Paraibana",250003,"Mamanguape - Rio Tinto",2501,"João Pessoa",25,"Paraíba","PB",2,"Nordeste"
2512747,"Riachão",25013,"Curimataú Oriental",2503,"Agreste Paraibano",250002,"Guarabira",2501,"João Pessoa",25,"Paraíba","PB",2,"Nordeste"
2512754,"Riachão do Bacamarte",25018,"Itabaiana",2503,"Agreste Paraibano",250005,"Campina Grande",2502,"Campina Grande",25,"Paraíba","PB",2,"Nordeste"
2512762,"Riachão do Poço",25021,"Sapé",2504,"Mata Paraibana",250001,"João Pessoa",2501,"João Pessoa",25,"Paraíba","PB",2,"Nordeste"
2512788,"Riacho de Santo Antônio",25011,"Cariri Oriental",2502,"Borborema",250005,"Campina Grande",2502,"Campina Grande",25,"Paraíba","PB",2,"Nordeste"
2512804,"Riacho dos Cavalos",25001,"Catolé do Rocha",2501,"Sertão Paraibano",250011,"Catolé do Rocha - São Bento",2503,"Patos",25,"Paraíba","PB",2,"Nordeste"
2512903,"Rio Tinto",25020,"Litoral Norte",2504,"Mata Paraibana",250003,"Mamanguape - Rio Tinto",2501,"João Pessoa",25,"Paraíba","PB",2,"Nordeste"
2513000,"Salgadinho",25008,"Seridó Ocidental Paraibano",2502,"Borborema",250009,"Patos",2503,"Patos",25,"Paraíba","PB",2,"Nordeste"
2513109,"Salgado de São Félix",25018,"Itabaiana",2503,"Agreste Paraibano",250004,"Itabaiana",2501,"João Pessoa",25,"Paraíba","PB",2,"Nordeste"
2513158,"Santa Cecília",25019,"Umbuzeiro",2503,"Agreste Paraibano",250005,"Campina Grande",2502,"Campina Grande",25,"Paraíba","PB",2,"Nordeste"
2513208,"Santa Cruz",25003,"Sousa",2501,"Sertão Paraibano",250014,"Sousa",2504,"Sousa - Cajazeiras",25,"Paraíba","PB",2,"Nordeste"
2513307,"Santa Helena",25002,"Cajazeiras",2501,"Sertão Paraibano",250015,"Cajazeiras",2504,"Sousa - Cajazeiras",25,"Paraíba","PB",2,"Nordeste"
2513356,"Santa Inês",25006,"Itaporanga",2501,"Sertão Paraibano",250010,"Itaporanga",2503,"Patos",25,"Paraíba","PB",2,"Nordeste"
2513406,"Santa Luzia",25008,"Seridó Ocidental Paraibano",2502,"Borborema",250009,"Patos",2503,"Patos",25,"Paraíba","PB",2,"Nordeste"
2513505,"Santana de Mangueira",25006,"Itaporanga",2501,"Sertão Paraibano",250010,"Itaporanga",2503,"Patos",25,"Paraíba","PB",2,"Nordeste"
2513604,"Santana dos Garrotes",25005,"Piancó",2501,"Sertão Paraibano",250010,"Itaporanga",2503,"Patos",25,"Paraíba","PB",2,"Nordeste"
2513653,"Joca Claudino",25002,"Cajazeiras",2501,"Sertão Paraibano",250014,"Sousa",2504,"Sousa - Cajazeiras",25,"Paraíba","PB",2,"Nordeste"
2513703,"Santa Rita",25022,"João Pessoa",2504,"Mata Paraibana",250001,"João Pessoa",2501,"João Pessoa",25,"Paraíba","PB",2,"Nordeste"
2513802,"Santa Teresinha",25004,"Patos",2501,"Sertão Paraibano",250009,"Patos",2503,"Patos",25,"Paraíba","PB",2,"Nordeste"
2513851,"Santo André",25011,"Cariri Oriental",2502,"Borborema",250005,"Campina Grande",2502,"Campina Grande",25,"Paraíba","PB",2,"Nordeste"
2513901,"São Bento",25001,"Catolé do Rocha",2501,"Sertão Paraibano",250011,"Catolé do Rocha - São Bento",2503,"Patos",25,"Paraíba","PB",2,"Nordeste"
2513927,"São Bentinho",25003,"Sousa",2501,"Sertão Paraibano",250012,"Pombal",2503,"Patos",25,"Paraíba","PB",2,"Nordeste"
2513943,"São Domingos do Cariri",25011,"Cariri Oriental",2502,"Borborema",250005,"Campina Grande",2502,"Campina Grande",25,"Paraíba","PB",2,"Nordeste"
2513968,"São Domingos",25003,"Sousa",2501,"Sertão Paraibano",250012,"Pombal",2503,"Patos",25,"Paraíba","PB",2,"Nordeste"
2513984,"São Francisco",25003,"Sousa",2501,"Sertão Paraibano",250014,"Sousa",2504,"Sousa - Cajazeiras",25,"Paraíba","PB",2,"Nordeste"
2514008,"São João do Cariri",25011,"Cariri Oriental",2502,"Borborema",250005,"Campina Grande",2502,"Campina Grande",25,"Paraíba","PB",2,"Nordeste"
2514107,"São João do Tigre",25010,"Cariri Ocidental",2502,"Borborema",250007,"Monteiro",2502,"Campina Grande",25,"Paraíba","PB",2,"Nordeste"
2514206,"São José da Lagoa Tapada",25003,"Sousa",2501,"Sertão Paraibano",250014,"Sousa",2504,"Sousa - Cajazeiras",25,"Paraíba","PB",2,"Nordeste"
2514305,"São José de Caiana",25006,"Itaporanga",2501,"Sertão Paraibano",250010,"Itaporanga",2503,"Patos",25,"Paraíba","PB",2,"Nordeste"
2514404,"São José de Espinharas",25004,"Patos",2501,"Sertão Paraibano",250009,"Patos",2503,"Patos",25,"Paraíba","PB",2,"Nordeste"
2514453,"São José dos Ramos",25021,"Sapé",2504,"Mata Paraibana",250004,"Itabaiana",2501,"João Pessoa",25,"Paraíba","PB",2,"Nordeste"
2514503,"São José de Piranhas",25002,"Cajazeiras",2501,"Sertão Paraibano",250015,"Cajazeiras",2504,"Sousa - Cajazeiras",25,"Paraíba","PB",2,"Nordeste"
2514552,"São José de Princesa",25007,"Serra do Teixeira",2501,"Sertão Paraibano",250013,"Princesa Isabel",2503,"Patos",25,"Paraíba","PB",2,"Nordeste"
2514602,"São José do Bonfim",25004,"Patos",2501,"Sertão Paraibano",250009,"Patos",2503,"Patos",25,"Paraíba","PB",2,"Nordeste"
2514651,"São José do Brejo do Cruz",25001,"Catolé do Rocha",2501,"Sertão Paraibano",250011,"Catolé do Rocha - São Bento",2503,"Patos",25,"Paraíba","PB",2,"Nordeste"
2514701,"São José do Sabugi",25008,"Seridó Ocidental Paraibano",2502,"Borborema",250009,"Patos",2503,"Patos",25,"Paraíba","PB",2,"Nordeste"
2514800,"São José dos Cordeiros",25010,"Cariri Ocidental",2502,"Borborema",250008,"Sumé",2502,"Campina Grande",25,"Paraíba","PB",2,"Nordeste"
2514909,"São Mamede",25008,"Seridó Ocidental Paraibano",2502,"Borborema",250009,"Patos",2503,"Patos",25,"Paraíba","PB",2,"Nordeste"
2515005,"São Miguel de Taipu",25021,"Sapé",2504,"Mata Paraibana",250001,"João Pessoa",2501,"João Pessoa",25,"Paraíba","PB",2,"Nordeste"
2515104,"São Sebastião de Lagoa de Roça",25014,"Esperança",2503,"Agreste Paraibano",250005,"Campina Grande",2502,"Campina Grande",25,"Paraíba","PB",2,"Nordeste"
2515203,"São Sebastião do Umbuzeiro",25010,"Cariri Ocidental",2502,"Borborema",250007,"Monteiro",2502,"Campina Grande",25,"Paraíba","PB",2,"Nordeste"
2515302,"Sapé",25021,"Sapé",2504,"Mata Paraibana",250001,"João Pessoa",2501,"João Pessoa",25,"Paraíba","PB",2,"Nordeste"
2515401,"São Vicente do Seridó",25009,"Seridó Oriental Paraibano",2502,"Borborema",250005,"Campina Grande",2502,"Campina Grande",25,"Paraíba","PB",2,"Nordeste"
2515500,"Serra Branca",25010,"Cariri Ocidental",2502,"Borborema",250008,"Sumé",2502,"Campina Grande",25,"Paraíba","PB",2,"Nordeste"
2515609,"Serra da Raiz",25016,"Guarabira",2503,"Agreste Paraibano",250002,"Guarabira",2501,"João Pessoa",25,"Paraíba","PB",2,"Nordeste"
2515708,"Serra Grande",25006,"Itaporanga",2501,"Sertão Paraibano",250015,"Cajazeiras",2504,"Sousa - Cajazeiras",25,"Paraíba","PB",2,"Nordeste"
2515807,"Serra Redonda",25017,"Campina Grande",2503,"Agreste Paraibano",250005,"Campina Grande",2502,"Campina Grande",25,"Paraíba","PB",2,"Nordeste"
2515906,"Serraria",25015,"Brejo Paraibano",2503,"Agreste Paraibano",250002,"Guarabira",2501,"João Pessoa",25,"Paraíba","PB",2,"Nordeste"
2515930,"Sertãozinho",25016,"Guarabira",2503,"Agreste Paraibano",250002,"Guarabira",2501,"João Pessoa",25,"Paraíba","PB",2,"Nordeste"
2515971,"Sobrado",25021,"Sapé",2504,"Mata Paraibana",250001,"João Pessoa",2501,"João Pessoa",25,"Paraíba","PB",2,"Nordeste"
2516003,"Solânea",25013,"Curimataú Oriental",2503,"Agreste Paraibano",250002,"Guarabira",2501,"João Pessoa",25,"Paraíba","PB",2,"Nordeste"
2516102,"Soledade",25012,"Curimataú Ocidental",2503,"Agreste Paraibano",250005,"Campina Grande",2502,"Campina Grande",25,"Paraíba","PB",2,"Nordeste"
2516151,"Sossêgo",25012,"Curimataú Ocidental",2503,"Agreste Paraibano",250006,"Cuité - Nova Floresta",2502,"Campina Grande",25,"Paraíba","PB",2,"Nordeste"
2516201,"Sousa",25003,"Sousa",2501,"Sertão Paraibano",250014,"Sousa",2504,"Sousa - Cajazeiras",25,"Paraíba","PB",2,"Nordeste"
2516300,"Sumé",25010,"Cariri Ocidental",2502,"Borborema",250008,"Sumé",2502,"Campina Grande",25,"Paraíba","PB",2,"Nordeste"
2516409,"Tacima",25013,"Curimataú Oriental",2503,"Agreste Paraibano",250002,"Guarabira",2501,"João Pessoa",25,"Paraíba","PB",2,"Nordeste"
2516508,"Taperoá",25010,"Cariri Ocidental",2502,"Borborema",250005,"Campina Grande",2502,"Campina Grande",25,"Paraíba","PB",2,"Nordeste"
2516607,"Tavares",25007,"Serra do Teixeira",2501,"Sertão Paraibano",250013,"Princesa Isabel",2503,"Patos",25,"Paraíba","PB",2,"Nordeste"
2516706,"Teixeira",25007,"Serra do Teixeira",2501,"Sertão Paraibano",250009,"Patos",2503,"Patos",25,"Paraíba","PB",2,"Nordeste"
2516755,"Tenório",25009,"Seridó Oriental Paraibano",2502,"Borborema",250005,"Campina Grande",2502,"Campina Grande",25,"Paraíba","PB",2,"Nordeste"
2516805,"Triunfo",25002,"Cajazeiras",2501,"Sertão Paraibano",250015,"Cajazeiras",2504,"Sousa - Cajazeiras",25,"Paraíba","PB",2,"Nordeste"
2516904,"Uiraúna",25002,"Cajazeiras",2501,"Sertão Paraibano",250014,"Sousa",2504,"Sousa - Cajazeiras",25,"Paraíba","PB",2,"Nordeste"
2517001,"Umbuzeiro",25019,"Umbuzeiro",2503,"Agreste Paraibano",250005,"Campina Grande",2502,"Campina Grande",25,"Paraíba","PB",2,"Nordeste"
2517100,"Várzea",25008,"Seridó Ocidental Paraibano",2502,"Borborema",250009,"Patos",2503,"Patos",25,"Paraíba","PB",2,"Nordeste"
2517209,"Vieirópolis",25003,"Sousa",2501,"Sertão Paraibano",250014,"Sousa",2504,"Sousa - Cajazeiras",25,"Paraíba","PB",2,"Nordeste"
2517407,"Zabelê",25010,"Cariri Ocidental",2502,"Borborema",250007,"Monteiro",2502,"Campina Grande",25,"Paraíba","PB",2,"Nordeste"
2600054,"Abreu e Lima",26017,"Recife",2605,"Metropolitana de Recife",260001,"Recife",2601,"Recife",26,"Pernambuco","PE",2,"Nordeste"
2600104,"Afogados da Ingazeira",26003,"Pajeú",2601,"Sertão Pernambucano",260014,"Afogados da Ingazeira",2603,"Serra Talhada",26,"Pernambuco","PE",2,"Nordeste"
2600203,"Afrânio",26005,"Petrolina",2602,"São Francisco Pernambucano",260015,"Petrolina",2604,"Petrolina",26,"Pernambuco","PE",2,"Nordeste"
2600302,"Agrestina",26012,"Brejo Pernambucano",2603,"Agreste Pernambucano",260009,"Caruaru",2602,"Caruaru",26,"Pernambuco","PE",2,"Nordeste"
2600401,"Água Preta",26015,"Mata Meridional Pernambucana",2604,"Mata Pernambucana",260003,"Palmares",2601,"Recife",26,"Pernambuco","PE",2,"Nordeste"
2600500,"Águas Belas",26007,"Vale do Ipanema",2603,"Agreste Pernambucano",260010,"Garanhuns",2602,"Caruaru",26,"Pernambuco","PE",2,"Nordeste"
2600609,"Alagoinha",26008,"Vale do Ipojuca",2603,"Agreste Pernambucano",260012,"Belo Jardim ¿ Pesqueira",2602,"Caruaru",26,"Pernambuco","PE",2,"Nordeste"
2600708,"Aliança",26013,"Mata Setentrional Pernambucana",2604,"Mata Pernambucana",260002,"Goiana ¿ Timbaúba",2601,"Recife",26,"Pernambuco","PE",2,"Nordeste"
2600807,"Altinho",26012,"Brejo Pernambucano",2603,"Agreste Pernambucano",260009,"Caruaru",2602,"Caruaru",26,"Pernambuco","PE",2,"Nordeste"
2600906,"Amaraji",26015,"Mata Meridional Pernambucana",2604,"Mata Pernambucana",260018,"Escada - Ribeirão",2601,"Recife",26,"Pernambuco","PE",2,"Nordeste"
2601003,"Angelim",26011,"Garanhuns",2603,"Agreste Pernambucano",260010,"Garanhuns",2602,"Caruaru",26,"Pernambuco","PE",2,"Nordeste"
2601052,"Araçoiaba",26016,"Itamaracá",2605,"Metropolitana de Recife",260001,"Recife",2601,"Recife",26,"Pernambuco","PE",2,"Nordeste"
2601102,"Araripina",26001,"Araripina",2601,"Sertão Pernambucano",260016,"Araripina",2604,"Petrolina",26,"Pernambuco","PE",2,"Nordeste"
2601201,"Arcoverde",26004,"Sertão do Moxotó",2601,"Sertão Pernambucano",260011,"Arcoverde",2602,"Caruaru",26,"Pernambuco","PE",2,"Nordeste"
2601300,"Barra de Guabiraba",26012,"Brejo Pernambucano",2603,"Agreste Pernambucano",260009,"Caruaru",2602,"Caruaru",26,"Pernambuco","PE",2,"Nordeste"
2601409,"Barreiros",26015,"Mata Meridional Pernambucana",2604,"Mata Pernambucana",260007,"Barreiros - Sirinhaém",2601,"Recife",26,"Pernambuco","PE",2,"Nordeste"
2601508,"Belém de Maria",26015,"Mata Meridional Pernambucana",2604,"Mata Pernambucana",260003,"Palmares",2601,"Recife",26,"Pernambuco","PE",2,"Nordeste"
2601607,"Belém do São Francisco",26006,"Itaparica",2602,"São Francisco Pernambucano",260017,"Salgueiro",2604,"Petrolina",26,"Pernambuco","PE",2,"Nordeste"
2601706,"Belo Jardim",26008,"Vale do Ipojuca",2603,"Agreste Pernambucano",260012,"Belo Jardim ¿ Pesqueira",2602,"Caruaru",26,"Pernambuco","PE",2,"Nordeste"
2601805,"Betânia",26004,"Sertão do Moxotó",2601,"Sertão Pernambucano",260013,"Serra Talhada",2603,"Serra Talhada",26,"Pernambuco","PE",2,"Nordeste"
2601904,"Bezerros",26008,"Vale do Ipojuca",2603,"Agreste Pernambucano",260009,"Caruaru",2602,"Caruaru",26,"Pernambuco","PE",2,"Nordeste"
2602001,"Bodocó",26001,"Araripina",2601,"Sertão Pernambucano",260016,"Araripina",2604,"Petrolina",26,"Pernambuco","PE",2,"Nordeste"
2602100,"Bom Conselho",26011,"Garanhuns",2603,"Agreste Pernambucano",260010,"Garanhuns",2602,"Caruaru",26,"Pernambuco","PE",2,"Nordeste"
2602209,"Bom Jardim",26010,"Médio Capibaribe",2603,"Agreste Pernambucano",260004,"Limoeiro",2601,"Recife",26,"Pernambuco","PE",2,"Nordeste"
2602308,"Bonito",26012,"Brejo Pernambucano",2603,"Agreste Pernambucano",260009,"Caruaru",2602,"Caruaru",26,"Pernambuco","PE",2,"Nordeste"
2602407,"Brejão",26011,"Garanhuns",2603,"Agreste Pernambucano",260010,"Garanhuns",2602,"Caruaru",26,"Pernambuco","PE",2,"Nordeste"
2602506,"Brejinho",26003,"Pajeú",2601,"Sertão Pernambucano",260014,"Afogados da Ingazeira",2603,"Serra Talhada",26,"Pernambuco","PE",2,"Nordeste"
2602605,"Brejo da Madre de Deus",26008,"Vale do Ipojuca",2603,"Agreste Pernambucano",260009,"Caruaru",2602,"Caruaru",26,"Pernambuco","PE",2,"Nordeste"
2602704,"Buenos Aires",26013,"Mata Setentrional Pernambucana",2604,"Mata Pernambucana",260006,"Carpina",2601,"Recife",26,"Pernambuco","PE",2,"Nordeste"
2602803,"Buíque",26007,"Vale do Ipanema",2603,"Agreste Pernambucano",260011,"Arcoverde",2602,"Caruaru",26,"Pernambuco","PE",2,"Nordeste"
2602902,"Cabo de Santo Agostinho",26018,"Suape",2605,"Metropolitana de Recife",260001,"Recife",2601,"Recife",26,"Pernambuco","PE",2,"Nordeste"
2603009,"Cabrobó",26005,"Petrolina",2602,"São Francisco Pernambucano",260017,"Salgueiro",2604,"Petrolina",26,"Pernambuco","PE",2,"Nordeste"
2603108,"Cachoeirinha",26008,"Vale do Ipojuca",2603,"Agreste Pernambucano",260009,"Caruaru",2602,"Caruaru",26,"Pernambuco","PE",2,"Nordeste"
2603207,"Caetés",26011,"Garanhuns",2603,"Agreste Pernambucano",260010,"Garanhuns",2602,"Caruaru",26,"Pernambuco","PE",2,"Nordeste"
2603306,"Calçado",26011,"Garanhuns",2603,"Agreste Pernambucano",260010,"Garanhuns",2602,"Caruaru",26,"Pernambuco","PE",2,"Nordeste"
2603405,"Calumbi",26003,"Pajeú",2601,"Sertão Pernambucano",260013,"Serra Talhada",2603,"Serra Talhada",26,"Pernambuco","PE",2,"Nordeste"
2603454,"Camaragibe",26017,"Recife",2605,"Metropolitana de Recife",260001,"Recife",2601,"Recife",26,"Pernambuco","PE",2,"Nordeste"
2603504,"Camocim de São Félix",26012,"Brejo Pernambucano",2603,"Agreste Pernambucano",260009,"Caruaru",2602,"Caruaru",26,"Pernambuco","PE",2,"Nordeste"
2603603,"Camutanga",26013,"Mata Setentrional Pernambucana",2604,"Mata Pernambucana",260002,"Goiana ¿ Timbaúba",2601,"Recife",26,"Pernambuco","PE",2,"Nordeste"
2603702,"Canhotinho",26011,"Garanhuns",2603,"Agreste Pernambucano",260010,"Garanhuns",2602,"Caruaru",26,"Pernambuco","PE",2,"Nordeste"
2603801,"Capoeiras",26008,"Vale do Ipojuca",2603,"Agreste Pernambucano",260010,"Garanhuns",2602,"Caruaru",26,"Pernambuco","PE",2,"Nordeste"
2603900,"Carnaíba",26003,"Pajeú",2601,"Sertão Pernambucano",260014,"Afogados da Ingazeira",2603,"Serra Talhada",26,"Pernambuco","PE",2,"Nordeste"
2603926,"Carnaubeira da Penha",26006,"Itaparica",2602,"São Francisco Pernambucano",260013,"Serra Talhada",2603,"Serra Talhada",26,"Pernambuco","PE",2,"Nordeste"
2604007,"Carpina",26013,"Mata Setentrional Pernambucana",2604,"Mata Pernambucana",260006,"Carpina",2601,"Recife",26,"Pernambuco","PE",2,"Nordeste"
2604106,"Caruaru",26008,"Vale do Ipojuca",2603,"Agreste Pernambucano",260009,"Caruaru",2602,"Caruaru",26,"Pernambuco","PE",2,"Nordeste"
2604155,"Casinhas",26009,"Alto Capibaribe",2603,"Agreste Pernambucano",260008,"Surubim",2601,"Recife",26,"Pernambuco","PE",2,"Nordeste"
2604205,"Catende",26015,"Mata Meridional Pernambucana",2604,"Mata Pernambucana",260003,"Palmares",2601,"Recife",26,"Pernambuco","PE",2,"Nordeste"
2604304,"Cedro",26002,"Salgueiro",2601,"Sertão Pernambucano",260017,"Salgueiro",2604,"Petrolina",26,"Pernambuco","PE",2,"Nordeste"
2604403,"Chã de Alegria",26014,"Vitória de Santo Antão",2604,"Mata Pernambucana",260005,"Vitória de Santo Antão",2601,"Recife",26,"Pernambuco","PE",2,"Nordeste"
2604502,"Chã Grande",26014,"Vitória de Santo Antão",2604,"Mata Pernambucana",260009,"Caruaru",2602,"Caruaru",26,"Pernambuco","PE",2,"Nordeste"
2604601,"Condado",26013,"Mata Setentrional Pernambucana",2604,"Mata Pernambucana",260002,"Goiana ¿ Timbaúba",2601,"Recife",26,"Pernambuco","PE",2,"Nordeste"
2604700,"Correntes",26011,"Garanhuns",2603,"Agreste Pernambucano",260010,"Garanhuns",2602,"Caruaru",26,"Pernambuco","PE",2,"Nordeste"
2604809,"Cortês",26015,"Mata Meridional Pernambucana",2604,"Mata Pernambucana",260018,"Escada - Ribeirão",2601,"Recife",26,"Pernambuco","PE",2,"Nordeste"
2604908,"Cumaru",26010,"Médio Capibaribe",2603,"Agreste Pernambucano",260009,"Caruaru",2602,"Caruaru",26,"Pernambuco","PE",2,"Nordeste"
2605004,"Cupira",26012,"Brejo Pernambucano",2603,"Agreste Pernambucano",260009,"Caruaru",2602,"Caruaru",26,"Pernambuco","PE",2,"Nordeste"
2605103,"Custódia",26004,"Sertão do Moxotó",2601,"Sertão Pernambucano",260011,"Arcoverde",2602,"Caruaru",26,"Pernambuco","PE",2,"Nordeste"
2605152,"Dormentes",26005,"Petrolina",2602,"São Francisco Pernambucano",260015,"Petrolina",2604,"Petrolina",26,"Pernambuco","PE",2,"Nordeste"
2605202,"Escada",26015,"Mata Meridional Pernambucana",2604,"Mata Pernambucana",260018,"Escada - Ribeirão",2601,"Recife",26,"Pernambuco","PE",2,"Nordeste"
2605301,"Exu",26001,"Araripina",2601,"Sertão Pernambucano",260016,"Araripina",2604,"Petrolina",26,"Pernambuco","PE",2,"Nordeste"
2605400,"Feira Nova",26010,"Médio Capibaribe",2603,"Agreste Pernambucano",260004,"Limoeiro",2601,"Recife",26,"Pernambuco","PE",2,"Nordeste"
2605459,"Fernando de Noronha",26019,"Fernando de Noronha",2605,"Metropolitana de Recife",260001,"Recife",2601,"Recife",26,"Pernambuco","PE",2,"Nordeste"
2605509,"Ferreiros",26013,"Mata Setentrional Pernambucana",2604,"Mata Pernambucana",260002,"Goiana ¿ Timbaúba",2601,"Recife",26,"Pernambuco","PE",2,"Nordeste"
2605608,"Flores",26003,"Pajeú",2601,"Sertão Pernambucano",260013,"Serra Talhada",2603,"Serra Talhada",26,"Pernambuco","PE",2,"Nordeste"
2605707,"Floresta",26006,"Itaparica",2602,"São Francisco Pernambucano",260013,"Serra Talhada",2603,"Serra Talhada",26,"Pernambuco","PE",2,"Nordeste"
2605806,"Frei Miguelinho",26009,"Alto Capibaribe",2603,"Agreste Pernambucano",260008,"Surubim",2601,"Recife",26,"Pernambuco","PE",2,"Nordeste"
2605905,"Gameleira",26015,"Mata Meridional Pernambucana",2604,"Mata Pernambucana",260003,"Palmares",2601,"Recife",26,"Pernambuco","PE",2,"Nordeste"
2606002,"Garanhuns",26011,"Garanhuns",2603,"Agreste Pernambucano",260010,"Garanhuns",2602,"Caruaru",26,"Pernambuco","PE",2,"Nordeste"
2606101,"Glória do Goitá",26014,"Vitória de Santo Antão",2604,"Mata Pernambucana",260005,"Vitória de Santo Antão",2601,"Recife",26,"Pernambuco","PE",2,"Nordeste"
2606200,"Goiana",26013,"Mata Setentrional Pernambucana",2604,"Mata Pernambucana",260002,"Goiana ¿ Timbaúba",2601,"Recife",26,"Pernambuco","PE",2,"Nordeste"
2606309,"Granito",26001,"Araripina",2601,"Sertão Pernambucano",260016,"Araripina",2604,"Petrolina",26,"Pernambuco","PE",2,"Nordeste"
2606408,"Gravatá",26008,"Vale do Ipojuca",2603,"Agreste Pernambucano",260009,"Caruaru",2602,"Caruaru",26,"Pernambuco","PE",2,"Nordeste"
2606507,"Iati",26011,"Garanhuns",2603,"Agreste Pernambucano",260010,"Garanhuns",2602,"Caruaru",26,"Pernambuco","PE",2,"Nordeste"
2606606,"Ibimirim",26004,"Sertão do Moxotó",2601,"Sertão Pernambucano",260011,"Arcoverde",2602,"Caruaru",26,"Pernambuco","PE",2,"Nordeste"
2606705,"Ibirajuba",26012,"Brejo Pernambucano",2603,"Agreste Pernambucano",260009,"Caruaru",2602,"Caruaru",26,"Pernambuco","PE",2,"Nordeste"
2606804,"Igarassu",26016,"Itamaracá",2605,"Metropolitana de Recife",260001,"Recife",2601,"Recife",26,"Pernambuco","PE",2,"Nordeste"
2606903,"Iguaracy",26003,"Pajeú",2601,"Sertão Pernambucano",260014,"Afogados da Ingazeira",2603,"Serra Talhada",26,"Pernambuco","PE",2,"Nordeste"
2607000,"Inajá",26004,"Sertão do Moxotó",2601,"Sertão Pernambucano",260011,"Arcoverde",2602,"Caruaru",26,"Pernambuco","PE",2,"Nordeste"
2607109,"Ingazeira",26003,"Pajeú",2601,"Sertão Pernambucano",260014,"Afogados da Ingazeira",2603,"Serra Talhada",26,"Pernambuco","PE",2,"Nordeste"
2607208,"Ipojuca",26018,"Suape",2605,"Metropolitana de Recife",260001,"Recife",2601,"Recife",26,"Pernambuco","PE",2,"Nordeste"
2607307,"Ipubi",26001,"Araripina",2601,"Sertão Pernambucano",260016,"Araripina",2604,"Petrolina",26,"Pernambuco","PE",2,"Nordeste"
2607406,"Itacuruba",26006,"Itaparica",2602,"São Francisco Pernambucano",260017,"Salgueiro",2604,"Petrolina",26,"Pernambuco","PE",2,"Nordeste"
2607505,"Itaíba",26007,"Vale do Ipanema",2603,"Agreste Pernambucano",260011,"Arcoverde",2602,"Caruaru",26,"Pernambuco","PE",2,"Nordeste"
2607604,"Ilha de Itamaracá",26016,"Itamaracá",2605,"Metropolitana de Recife",260001,"Recife",2601,"Recife",26,"Pernambuco","PE",2,"Nordeste"
2607653,"Itambé",26013,"Mata Setentrional Pernambucana",2604,"Mata Pernambucana",260002,"Goiana ¿ Timbaúba",2601,"Recife",26,"Pernambuco","PE",2,"Nordeste"
2607703,"Itapetim",26003,"Pajeú",2601,"Sertão Pernambucano",260014,"Afogados da Ingazeira",2603,"Serra Talhada",26,"Pernambuco","PE",2,"Nordeste"
2607752,"Itapissuma",26016,"Itamaracá",2605,"Metropolitana de Recife",260001,"Recife",2601,"Recife",26,"Pernambuco","PE",2,"Nordeste"
2607802,"Itaquitinga",26013,"Mata Setentrional Pernambucana",2604,"Mata Pernambucana",260002,"Goiana ¿ Timbaúba",2601,"Recife",26,"Pernambuco","PE",2,"Nordeste"
2607901,"Jaboatão dos Guararapes",26017,"Recife",2605,"Metropolitana de Recife",260001,"Recife",2601,"Recife",26,"Pernambuco","PE",2,"Nordeste"
2607950,"Jaqueira",26015,"Mata Meridional Pernambucana",2604,"Mata Pernambucana",260003,"Palmares",2601,"Recife",26,"Pernambuco","PE",2,"Nordeste"
2608008,"Jataúba",26008,"Vale do Ipojuca",2603,"Agreste Pernambucano",260009,"Caruaru",2602,"Caruaru",26,"Pernambuco","PE",2,"Nordeste"
2608057,"Jatobá",26006,"Itaparica",2602,"São Francisco Pernambucano",260013,"Serra Talhada",2603,"Serra Talhada",26,"Pernambuco","PE",2,"Nordeste"
2608107,"João Alfredo",26010,"Médio Capibaribe",2603,"Agreste Pernambucano",260004,"Limoeiro",2601,"Recife",26,"Pernambuco","PE",2,"Nordeste"
2608206,"Joaquim Nabuco",26015,"Mata Meridional Pernambucana",2604,"Mata Pernambucana",260003,"Palmares",2601,"Recife",26,"Pernambuco","PE",2,"Nordeste"
2608255,"Jucati",26011,"Garanhuns",2603,"Agreste Pernambucano",260010,"Garanhuns",2602,"Caruaru",26,"Pernambuco","PE",2,"Nordeste"
2608305,"Jupi",26011,"Garanhuns",2603,"Agreste Pernambucano",260010,"Garanhuns",2602,"Caruaru",26,"Pernambuco","PE",2,"Nordeste"
2608404,"Jurema",26011,"Garanhuns",2603,"Agreste Pernambucano",260010,"Garanhuns",2602,"Caruaru",26,"Pernambuco","PE",2,"Nordeste"
2608453,"Lagoa do Carro",26013,"Mata Setentrional Pernambucana",2604,"Mata Pernambucana",260006,"Carpina",2601,"Recife",26,"Pernambuco","PE",2,"Nordeste"
2608503,"Lagoa de Itaenga",26013,"Mata Setentrional Pernambucana",2604,"Mata Pernambucana",260006,"Carpina",2601,"Recife",26,"Pernambuco","PE",2,"Nordeste"
2608602,"Lagoa do Ouro",26011,"Garanhuns",2603,"Agreste Pernambucano",260010,"Garanhuns",2602,"Caruaru",26,"Pernambuco","PE",2,"Nordeste"
2608701,"Lagoa dos Gatos",26012,"Brejo Pernambucano",2603,"Agreste Pernambucano",260009,"Caruaru",2602,"Caruaru",26,"Pernambuco","PE",2,"Nordeste"
2608750,"Lagoa Grande",26005,"Petrolina",2602,"São Francisco Pernambucano",260015,"Petrolina",2604,"Petrolina",26,"Pernambuco","PE",2,"Nordeste"
2608800,"Lajedo",26011,"Garanhuns",2603,"Agreste Pernambucano",260010,"Garanhuns",2602,"Caruaru",26,"Pernambuco","PE",2,"Nordeste"
2608909,"Limoeiro",26010,"Médio Capibaribe",2603,"Agreste Pernambucano",260004,"Limoeiro",2601,"Recife",26,"Pernambuco","PE",2,"Nordeste"
2609006,"Macaparana",26013,"Mata Setentrional Pernambucana",2604,"Mata Pernambucana",260002,"Goiana ¿ Timbaúba",2601,"Recife",26,"Pernambuco","PE",2,"Nordeste"
2609105,"Machados",26010,"Médio Capibaribe",2603,"Agreste Pernambucano",260004,"Limoeiro",2601,"Recife",26,"Pernambuco","PE",2,"Nordeste"
2609154,"Manari",26004,"Sertão do Moxotó",2601,"Sertão Pernambucano",260011,"Arcoverde",2602,"Caruaru",26,"Pernambuco","PE",2,"Nordeste"
2609204,"Maraial",26015,"Mata Meridional Pernambucana",2604,"Mata Pernambucana",260003,"Palmares",2601,"Recife",26,"Pernambuco","PE",2,"Nordeste"
2609303,"Mirandiba",26002,"Salgueiro",2601,"Sertão Pernambucano",260013,"Serra Talhada",2603,"Serra Talhada",26,"Pernambuco","PE",2,"Nordeste"
2609402,"Moreno",26017,"Recife",2605,"Metropolitana de Recife",260001,"Recife",2601,"Recife",26,"Pernambuco","PE",2,"Nordeste"
2609501,"Nazaré da Mata",26013,"Mata Setentrional Pernambucana",2604,"Mata Pernambucana",260006,"Carpina",2601,"Recife",26,"Pernambuco","PE",2,"Nordeste"
2609600,"Olinda",26017,"Recife",2605,"Metropolitana de Recife",260001,"Recife",2601,"Recife",26,"Pernambuco","PE",2,"Nordeste"
2609709,"Orobó",26010,"Médio Capibaribe",2603,"Agreste Pernambucano",260004,"Limoeiro",2601,"Recife",26,"Pernambuco","PE",2,"Nordeste"
2609808,"Orocó",26005,"Petrolina",2602,"São Francisco Pernambucano",260015,"Petrolina",2604,"Petrolina",26,"Pernambuco","PE",2,"Nordeste"
2609907,"Ouricuri",26001,"Araripina",2601,"Sertão Pernambucano",260016,"Araripina",2604,"Petrolina",26,"Pernambuco","PE",2,"Nordeste"
2610004,"Palmares",26015,"Mata Meridional Pernambucana",2604,"Mata Pernambucana",260003,"Palmares",2601,"Recife",26,"Pernambuco","PE",2,"Nordeste"
2610103,"Palmeirina",26011,"Garanhuns",2603,"Agreste Pernambucano",260010,"Garanhuns",2602,"Caruaru",26,"Pernambuco","PE",2,"Nordeste"
2610202,"Panelas",26012,"Brejo Pernambucano",2603,"Agreste Pernambucano",260009,"Caruaru",2602,"Caruaru",26,"Pernambuco","PE",2,"Nordeste"
2610301,"Paranatama",26011,"Garanhuns",2603,"Agreste Pernambucano",260010,"Garanhuns",2602,"Caruaru",26,"Pernambuco","PE",2,"Nordeste"
2610400,"Parnamirim",26002,"Salgueiro",2601,"Sertão Pernambucano",260017,"Salgueiro",2604,"Petrolina",26,"Pernambuco","PE",2,"Nordeste"
2610509,"Passira",26010,"Médio Capibaribe",2603,"Agreste Pernambucano",260004,"Limoeiro",2601,"Recife",26,"Pernambuco","PE",2,"Nordeste"
2610608,"Paudalho",26013,"Mata Setentrional Pernambucana",2604,"Mata Pernambucana",260001,"Recife",2601,"Recife",26,"Pernambuco","PE",2,"Nordeste"
2610707,"Paulista",26017,"Recife",2605,"Metropolitana de Recife",260001,"Recife",2601,"Recife",26,"Pernambuco","PE",2,"Nordeste"
2610806,"Pedra",26007,"Vale do Ipanema",2603,"Agreste Pernambucano",260011,"Arcoverde",2602,"Caruaru",26,"Pernambuco","PE",2,"Nordeste"
2610905,"Pesqueira",26008,"Vale do Ipojuca",2603,"Agreste Pernambucano",260012,"Belo Jardim ¿ Pesqueira",2602,"Caruaru",26,"Pernambuco","PE",2,"Nordeste"
2611002,"Petrolândia",26006,"Itaparica",2602,"São Francisco Pernambucano",260013,"Serra Talhada",2603,"Serra Talhada",26,"Pernambuco","PE",2,"Nordeste"
2611101,"Petrolina",26005,"Petrolina",2602,"São Francisco Pernambucano",260015,"Petrolina",2604,"Petrolina",26,"Pernambuco","PE",2,"Nordeste"
2611200,"Poção",26008,"Vale do Ipojuca",2603,"Agreste Pernambucano",260012,"Belo Jardim ¿ Pesqueira",2602,"Caruaru",26,"Pernambuco","PE",2,"Nordeste"
2611309,"Pombos",26014,"Vitória de Santo Antão",2604,"Mata Pernambucana",260005,"Vitória de Santo Antão",2601,"Recife",26,"Pernambuco","PE",2,"Nordeste"
2611408,"Primavera",26015,"Mata Meridional Pernambucana",2604,"Mata Pernambucana",260018,"Escada - Ribeirão",2601,"Recife",26,"Pernambuco","PE",2,"Nordeste"
2611507,"Quipapá",26015,"Mata Meridional Pernambucana",2604,"Mata Pernambucana",260010,"Garanhuns",2602,"Caruaru",26,"Pernambuco","PE",2,"Nordeste"
2611533,"Quixaba",26003,"Pajeú",2601,"Sertão Pernambucano",260014,"Afogados da Ingazeira",2603,"Serra Talhada",26,"Pernambuco","PE",2,"Nordeste"
2611606,"Recife",26017,"Recife",2605,"Metropolitana de Recife",260001,"Recife",2601,"Recife",26,"Pernambuco","PE",2,"Nordeste"
2611705,"Riacho das Almas",26008,"Vale do Ipojuca",2603,"Agreste Pernambucano",260009,"Caruaru",2602,"Caruaru",26,"Pernambuco","PE",2,"Nordeste"
2611804,"Ribeirão",26015,"Mata Meridional Pernambucana",2604,"Mata Pernambucana",260018,"Escada - Ribeirão",2601,"Recife",26,"Pernambuco","PE",2,"Nordeste"
2611903,"Rio Formoso",26015,"Mata Meridional Pernambucana",2604,"Mata Pernambucana",260007,"Barreiros - Sirinhaém",2601,"Recife",26,"Pernambuco","PE",2,"Nordeste"
2612000,"Sairé",26012,"Brejo Pernambucano",2603,"Agreste Pernambucano",260009,"Caruaru",2602,"Caruaru",26,"Pernambuco","PE",2,"Nordeste"
2612109,"Salgadinho",26010,"Médio Capibaribe",2603,"Agreste Pernambucano",260004,"Limoeiro",2601,"Recife",26,"Pernambuco","PE",2,"Nordeste"
2612208,"Salgueiro",26002,"Salgueiro",2601,"Sertão Pernambucano",260017,"Salgueiro",2604,"Petrolina",26,"Pernambuco","PE",2,"Nordeste"
2612307,"Saloá",26011,"Garanhuns",2603,"Agreste Pernambucano",260010,"Garanhuns",2602,"Caruaru",26,"Pernambuco","PE",2,"Nordeste"
2612406,"Sanharó",26008,"Vale do Ipojuca",2603,"Agreste Pernambucano",260012,"Belo Jardim ¿ Pesqueira",2602,"Caruaru",26,"Pernambuco","PE",2,"Nordeste"
2612455,"Santa Cruz",26001,"Araripina",2601,"Sertão Pernambucano",260016,"Araripina",2604,"Petrolina",26,"Pernambuco","PE",2,"Nordeste"
2612471,"Santa Cruz da Baixa Verde",26003,"Pajeú",2601,"Sertão Pernambucano",260013,"Serra Talhada",2603,"Serra Talhada",26,"Pernambuco","PE",2,"Nordeste"
2612505,"Santa Cruz do Capibaribe",26009,"Alto Capibaribe",2603,"Agreste Pernambucano",260009,"Caruaru",2602,"Caruaru",26,"Pernambuco","PE",2,"Nordeste"
2612554,"Santa Filomena",26001,"Araripina",2601,"Sertão Pernambucano",260016,"Araripina",2604,"Petrolina",26,"Pernambuco","PE",2,"Nordeste"
2612604,"Santa Maria da Boa Vista",26005,"Petrolina",2602,"São Francisco Pernambucano",260015,"Petrolina",2604,"Petrolina",26,"Pernambuco","PE",2,"Nordeste"
2612703,"Santa Maria do Cambucá",26009,"Alto Capibaribe",2603,"Agreste Pernambucano",260008,"Surubim",2601,"Recife",26,"Pernambuco","PE",2,"Nordeste"
2612802,"Santa Terezinha",26003,"Pajeú",2601,"Sertão Pernambucano",260014,"Afogados da Ingazeira",2603,"Serra Talhada",26,"Pernambuco","PE",2,"Nordeste"
2612901,"São Benedito do Sul",26015,"Mata Meridional Pernambucana",2604,"Mata Pernambucana",260003,"Palmares",2601,"Recife",26,"Pernambuco","PE",2,"Nordeste"
2613008,"São Bento do Una",26008,"Vale do Ipojuca",2603,"Agreste Pernambucano",260012,"Belo Jardim ¿ Pesqueira",2602,"Caruaru",26,"Pernambuco","PE",2,"Nordeste"
2613107,"São Caitano",26008,"Vale do Ipojuca",2603,"Agreste Pernambucano",260009,"Caruaru",2602,"Caruaru",26,"Pernambuco","PE",2,"Nordeste"
2613206,"São João",26011,"Garanhuns",2603,"Agreste Pernambucano",260010,"Garanhuns",2602,"Caruaru",26,"Pernambuco","PE",2,"Nordeste"
2613305,"São Joaquim do Monte",26012,"Brejo Pernambucano",2603,"Agreste Pernambucano",260009,"Caruaru",2602,"Caruaru",26,"Pernambuco","PE",2,"Nordeste"
2613404,"São José da Coroa Grande",26015,"Mata Meridional Pernambucana",2604,"Mata Pernambucana",260007,"Barreiros - Sirinhaém",2601,"Recife",26,"Pernambuco","PE",2,"Nordeste"
2613503,"São José do Belmonte",26002,"Salgueiro",2601,"Sertão Pernambucano",260013,"Serra Talhada",2603,"Serra Talhada",26,"Pernambuco","PE",2,"Nordeste"
2613602,"São José do Egito",26003,"Pajeú",2601,"Sertão Pernambucano",260014,"Afogados da Ingazeira",2603,"Serra Talhada",26,"Pernambuco","PE",2,"Nordeste"
2613701,"São Lourenço da Mata",26017,"Recife",2605,"Metropolitana de Recife",260001,"Recife",2601,"Recife",26,"Pernambuco","PE",2,"Nordeste"
2613800,"São Vicente Férrer",26010,"Médio Capibaribe",2603,"Agreste Pernambucano",260002,"Goiana ¿ Timbaúba",2601,"Recife",26,"Pernambuco","PE",2,"Nordeste"
2613909,"Serra Talhada",26003,"Pajeú",2601,"Sertão Pernambucano",260013,"Serra Talhada",2603,"Serra Talhada",26,"Pernambuco","PE",2,"Nordeste"
2614006,"Serrita",26002,"Salgueiro",2601,"Sertão Pernambucano",260017,"Salgueiro",2604,"Petrolina",26,"Pernambuco","PE",2,"Nordeste"
2614105,"Sertânia",26004,"Sertão do Moxotó",2601,"Sertão Pernambucano",260011,"Arcoverde",2602,"Caruaru",26,"Pernambuco","PE",2,"Nordeste"
2614204,"Sirinhaém",26015,"Mata Meridional Pernambucana",2604,"Mata Pernambucana",260007,"Barreiros - Sirinhaém",2601,"Recife",26,"Pernambuco","PE",2,"Nordeste"
2614303,"Moreilândia",26001,"Araripina",2601,"Sertão Pernambucano",260016,"Araripina",2604,"Petrolina",26,"Pernambuco","PE",2,"Nordeste"
2614402,"Solidão",26003,"Pajeú",2601,"Sertão Pernambucano",260014,"Afogados da Ingazeira",2603,"Serra Talhada",26,"Pernambuco","PE",2,"Nordeste"
2614501,"Surubim",26009,"Alto Capibaribe",2603,"Agreste Pernambucano",260008,"Surubim",2601,"Recife",26,"Pernambuco","PE",2,"Nordeste"
2614600,"Tabira",26003,"Pajeú",2601,"Sertão Pernambucano",260014,"Afogados da Ingazeira",2603,"Serra Talhada",26,"Pernambuco","PE",2,"Nordeste"
2614709,"Tacaimbó",26008,"Vale do Ipojuca",2603,"Agreste Pernambucano",260012,"Belo Jardim ¿ Pesqueira",2602,"Caruaru",26,"Pernambuco","PE",2,"Nordeste"
2614808,"Tacaratu",26006,"Itaparica",2602,"São Francisco Pernambucano",260013,"Serra Talhada",2603,"Serra Talhada",26,"Pernambuco","PE",2,"Nordeste"
2614857,"Tamandaré",26015,"Mata Meridional Pernambucana",2604,"Mata Pernambucana",260007,"Barreiros - Sirinhaém",2601,"Recife",26,"Pernambuco","PE",2,"Nordeste"
2615003,"Taquaritinga do Norte",26009,"Alto Capibaribe",2603,"Agreste Pernambucano",260009,"Caruaru",2602,"Caruaru",26,"Pernambuco","PE",2,"Nordeste"
2615102,"Terezinha",26011,"Garanhuns",2603,"Agreste Pernambucano",260010,"Garanhuns",2602,"Caruaru",26,"Pernambuco","PE",2,"Nordeste"
2615201,"Terra Nova",26005,"Petrolina",2602,"São Francisco Pernambucano",260017,"Salgueiro",2604,"Petrolina",26,"Pernambuco","PE",2,"Nordeste"
2615300,"Timbaúba",26013,"Mata Setentrional Pernambucana",2604,"Mata Pernambucana",260002,"Goiana ¿ Timbaúba",2601,"Recife",26,"Pernambuco","PE",2,"Nordeste"
2615409,"Toritama",26009,"Alto Capibaribe",2603,"Agreste Pernambucano",260009,"Caruaru",2602,"Caruaru",26,"Pernambuco","PE",2,"Nordeste"
2615508,"Tracunhaém",26013,"Mata Setentrional Pernambucana",2604,"Mata Pernambucana",260006,"Carpina",2601,"Recife",26,"Pernambuco","PE",2,"Nordeste"
2615607,"Trindade",26001,"Araripina",2601,"Sertão Pernambucano",260016,"Araripina",2604,"Petrolina",26,"Pernambuco","PE",2,"Nordeste"
2615706,"Triunfo",26003,"Pajeú",2601,"Sertão Pernambucano",260013,"Serra Talhada",2603,"Serra Talhada",26,"Pernambuco","PE",2,"Nordeste"
2615805,"Tupanatinga",26007,"Vale do Ipanema",2603,"Agreste Pernambucano",260011,"Arcoverde",2602,"Caruaru",26,"Pernambuco","PE",2,"Nordeste"
2615904,"Tuparetama",26003,"Pajeú",2601,"Sertão Pernambucano",260014,"Afogados da Ingazeira",2603,"Serra Talhada",26,"Pernambuco","PE",2,"Nordeste"
2616001,"Venturosa",26007,"Vale do Ipanema",2603,"Agreste Pernambucano",260011,"Arcoverde",2602,"Caruaru",26,"Pernambuco","PE",2,"Nordeste"
2616100,"Verdejante",26002,"Salgueiro",2601,"Sertão Pernambucano",260017,"Salgueiro",2604,"Petrolina",26,"Pernambuco","PE",2,"Nordeste"
2616183,"Vertente do Lério",26009,"Alto Capibaribe",2603,"Agreste Pernambucano",260008,"Surubim",2601,"Recife",26,"Pernambuco","PE",2,"Nordeste"
2616209,"Vertentes",26009,"Alto Capibaribe",2603,"Agreste Pernambucano",260008,"Surubim",2601,"Recife",26,"Pernambuco","PE",2,"Nordeste"
2616308,"Vicência",26013,"Mata Setentrional Pernambucana",2604,"Mata Pernambucana",260002,"Goiana ¿ Timbaúba",2601,"Recife",26,"Pernambuco","PE",2,"Nordeste"
2616407,"Vitória de Santo Antão",26014,"Vitória de Santo Antão",2604,"Mata Pernambucana",260005,"Vitória de Santo Antão",2601,"Recife",26,"Pernambuco","PE",2,"Nordeste"
2616506,"Xexéu",26015,"Mata Meridional Pernambucana",2604,"Mata Pernambucana",260003,"Palmares",2601,"Recife",26,"Pernambuco","PE",2,"Nordeste"
2700102,"Água Branca",27001,"Serrana do Sertão Alagoano",2701,"Sertão Alagoano",270009,"Delmiro Gouveia",2702,"Arapiraca",27,"Alagoas","AL",2,"Nordeste"
2700201,"Anadia",27012,"São Miguel dos Campos",2703,"Leste Alagoano",270004,"São Miguel dos Campos",2701,"Maceió",27,"Alagoas","AL",2,"Nordeste"
2700300,"Arapiraca",27006,"Arapiraca",2702,"Agreste Alagoano",270007,"Arapiraca",2702,"Arapiraca",27,"Alagoas","AL",2,"Nordeste"
2700409,"Atalaia",27009,"Mata Alagoana",2703,"Leste Alagoano",270006,"Atalaia",2701,"Maceió",27,"Alagoas","AL",2,"Nordeste"
2700508,"Barra de Santo Antônio",27011,"Maceió",2703,"Leste Alagoano",270001,"Maceió",2701,"Maceió",27,"Alagoas","AL",2,"Nordeste"
2700607,"Barra de São Miguel",27011,"Maceió",2703,"Leste Alagoano",270001,"Maceió",2701,"Maceió",27,"Alagoas","AL",2,"Nordeste"
2700706,"Batalha",27004,"Batalha",2701,"Sertão Alagoano",270011,"Pão de Açúcar - Olho d'Água das Flores ¿ Batalha",2702,"Arapiraca",27,"Alagoas","AL",2,"Nordeste"
2700805,"Belém",27005,"Palmeira dos Índios",2702,"Agreste Alagoano",270008,"Palmeira dos Índios",2702,"Arapiraca",27,"Alagoas","AL",2,"Nordeste"
2700904,"Belo Monte",27004,"Batalha",2701,"Sertão Alagoano",270011,"Pão de Açúcar - Olho d'Água das Flores ¿ Batalha",2702,"Arapiraca",27,"Alagoas","AL",2,"Nordeste"
2701001,"Boca da Mata",27012,"São Miguel dos Campos",2703,"Leste Alagoano",270004,"São Miguel dos Campos",2701,"Maceió",27,"Alagoas","AL",2,"Nordeste"
2701100,"Branquinha",27009,"Mata Alagoana",2703,"Leste Alagoano",270005,"União dos Palmares",2701,"Maceió",27,"Alagoas","AL",2,"Nordeste"
2701209,"Cacimbinhas",27005,"Palmeira dos Índios",2702,"Agreste Alagoano",270008,"Palmeira dos Índios",2702,"Arapiraca",27,"Alagoas","AL",2,"Nordeste"
2701308,"Cajueiro",27009,"Mata Alagoana",2703,"Leste Alagoano",270006,"Atalaia",2701,"Maceió",27,"Alagoas","AL",2,"Nordeste"
2701357,"Campestre",27009,"Mata Alagoana",2703,"Leste Alagoano",270002,"Porto Calvo - São Luís do Quitunde",2701,"Maceió",27,"Alagoas","AL",2,"Nordeste"
2701407,"Campo Alegre",27012,"São Miguel dos Campos",2703,"Leste Alagoano",270004,"São Miguel dos Campos",2701,"Maceió",27,"Alagoas","AL",2,"Nordeste"
2701506,"Campo Grande",27006,"Arapiraca",2702,"Agreste Alagoano",270007,"Arapiraca",2702,"Arapiraca",27,"Alagoas","AL",2,"Nordeste"
2701605,"Canapi",27001,"Serrana do Sertão Alagoano",2701,"Sertão Alagoano",270010,"Santana do Ipanema",2702,"Arapiraca",27,"Alagoas","AL",2,"Nordeste"
2701704,"Capela",27009,"Mata Alagoana",2703,"Leste Alagoano",270006,"Atalaia",2701,"Maceió",27,"Alagoas","AL",2,"Nordeste"
2701803,"Carneiros",27003,"Santana do Ipanema",2701,"Sertão Alagoano",270010,"Santana do Ipanema",2702,"Arapiraca",27,"Alagoas","AL",2,"Nordeste"
2701902,"Chã Preta",27008,"Serrana dos Quilombos",2703,"Leste Alagoano",270006,"Atalaia",2701,"Maceió",27,"Alagoas","AL",2,"Nordeste"
2702009,"Coité do Nóia",27006,"Arapiraca",2702,"Agreste Alagoano",270007,"Arapiraca",2702,"Arapiraca",27,"Alagoas","AL",2,"Nordeste"
2702108,"Colônia Leopoldina",27009,"Mata Alagoana",2703,"Leste Alagoano",270002,"Porto Calvo - São Luís do Quitunde",2701,"Maceió",27,"Alagoas","AL",2,"Nordeste"
2702207,"Coqueiro Seco",27011,"Maceió",2703,"Leste Alagoano",270001,"Maceió",2701,"Maceió",27,"Alagoas","AL",2,"Nordeste"
2702306,"Coruripe",27012,"São Miguel dos Campos",2703,"Leste Alagoano",270003,"Penedo",2701,"Maceió",27,"Alagoas","AL",2,"Nordeste"
2702355,"Craíbas",27006,"Arapiraca",2702,"Agreste Alagoano",270007,"Arapiraca",2702,"Arapiraca",27,"Alagoas","AL",2,"Nordeste"
2702405,"Delmiro Gouveia",27002,"Alagoana do Sertão do São Francisco",2701,"Sertão Alagoano",270009,"Delmiro Gouveia",2702,"Arapiraca",27,"Alagoas","AL",2,"Nordeste"
2702504,"Dois Riachos",27003,"Santana do Ipanema",2701,"Sertão Alagoano",270010,"Santana do Ipanema",2702,"Arapiraca",27,"Alagoas","AL",2,"Nordeste"
2702553,"Estrela de Alagoas",27005,"Palmeira dos Índios",2702,"Agreste Alagoano",270008,"Palmeira dos Índios",2702,"Arapiraca",27,"Alagoas","AL",2,"Nordeste"
2702603,"Feira Grande",27006,"Arapiraca",2702,"Agreste Alagoano",270007,"Arapiraca",2702,"Arapiraca",27,"Alagoas","AL",2,"Nordeste"
2702702,"Feliz Deserto",27013,"Penedo",2703,"Leste Alagoano",270003,"Penedo",2701,"Maceió",27,"Alagoas","AL",2,"Nordeste"
2702801,"Flexeiras",27009,"Mata Alagoana",2703,"Leste Alagoano",270001,"Maceió",2701,"Maceió",27,"Alagoas","AL",2,"Nordeste"
2702900,"Girau do Ponciano",27006,"Arapiraca",2702,"Agreste Alagoano",270007,"Arapiraca",2702,"Arapiraca",27,"Alagoas","AL",2,"Nordeste"
2703007,"Ibateguara",27008,"Serrana dos Quilombos",2703,"Leste Alagoano",270005,"União dos Palmares",2701,"Maceió",27,"Alagoas","AL",2,"Nordeste"
2703106,"Igaci",27005,"Palmeira dos Índios",2702,"Agreste Alagoano",270008,"Palmeira dos Índios",2702,"Arapiraca",27,"Alagoas","AL",2,"Nordeste"
2703205,"Igreja Nova",27013,"Penedo",2703,"Leste Alagoano",270003,"Penedo",2701,"Maceió",27,"Alagoas","AL",2,"Nordeste"
2703304,"Inhapi",27001,"Serrana do Sertão Alagoano",2701,"Sertão Alagoano",270009,"Delmiro Gouveia",2702,"Arapiraca",27,"Alagoas","AL",2,"Nordeste"
2703403,"Jacaré dos Homens",27004,"Batalha",2701,"Sertão Alagoano",270011,"Pão de Açúcar - Olho d'Água das Flores ¿ Batalha",2702,"Arapiraca",27,"Alagoas","AL",2,"Nordeste"
2703502,"Jacuípe",27009,"Mata Alagoana",2703,"Leste Alagoano",270002,"Porto Calvo - São Luís do Quitunde",2701,"Maceió",27,"Alagoas","AL",2,"Nordeste"
2703601,"Japaratinga",27010,"Litoral Norte Alagoano",2703,"Leste Alagoano",270002,"Porto Calvo - São Luís do Quitunde",2701,"Maceió",27,"Alagoas","AL",2,"Nordeste"
2703700,"Jaramataia",27004,"Batalha",2701,"Sertão Alagoano",270007,"Arapiraca",2702,"Arapiraca",27,"Alagoas","AL",2,"Nordeste"
2703759,"Jequiá da Praia",27012,"São Miguel dos Campos",2703,"Leste Alagoano",270004,"São Miguel dos Campos",2701,"Maceió",27,"Alagoas","AL",2,"Nordeste"
2703809,"Joaquim Gomes",27009,"Mata Alagoana",2703,"Leste Alagoano",270001,"Maceió",2701,"Maceió",27,"Alagoas","AL",2,"Nordeste"
2703908,"Jundiá",27009,"Mata Alagoana",2703,"Leste Alagoano",270002,"Porto Calvo - São Luís do Quitunde",2701,"Maceió",27,"Alagoas","AL",2,"Nordeste"
2704005,"Junqueiro",27012,"São Miguel dos Campos",2703,"Leste Alagoano",270007,"Arapiraca",2702,"Arapiraca",27,"Alagoas","AL",2,"Nordeste"
2704104,"Lagoa da Canoa",27006,"Arapiraca",2702,"Agreste Alagoano",270007,"Arapiraca",2702,"Arapiraca",27,"Alagoas","AL",2,"Nordeste"
2704203,"Limoeiro de Anadia",27006,"Arapiraca",2702,"Agreste Alagoano",270007,"Arapiraca",2702,"Arapiraca",27,"Alagoas","AL",2,"Nordeste"
2704302,"Maceió",27011,"Maceió",2703,"Leste Alagoano",270001,"Maceió",2701,"Maceió",27,"Alagoas","AL",2,"Nordeste"
2704401,"Major Isidoro",27004,"Batalha",2701,"Sertão Alagoano",270008,"Palmeira dos Índios",2702,"Arapiraca",27,"Alagoas","AL",2,"Nordeste"
2704500,"Maragogi",27010,"Litoral Norte Alagoano",2703,"Leste Alagoano",270002,"Porto Calvo - São Luís do Quitunde",2701,"Maceió",27,"Alagoas","AL",2,"Nordeste"
2704609,"Maravilha",27003,"Santana do Ipanema",2701,"Sertão Alagoano",270010,"Santana do Ipanema",2702,"Arapiraca",27,"Alagoas","AL",2,"Nordeste"
2704708,"Marechal Deodoro",27011,"Maceió",2703,"Leste Alagoano",270001,"Maceió",2701,"Maceió",27,"Alagoas","AL",2,"Nordeste"
2704807,"Maribondo",27005,"Palmeira dos Índios",2702,"Agreste Alagoano",270007,"Arapiraca",2702,"Arapiraca",27,"Alagoas","AL",2,"Nordeste"
2704906,"Mar Vermelho",27005,"Palmeira dos Índios",2702,"Agreste Alagoano",270006,"Atalaia",2701,"Maceió",27,"Alagoas","AL",2,"Nordeste"
2705002,"Mata Grande",27001,"Serrana do Sertão Alagoano",2701,"Sertão Alagoano",270009,"Delmiro Gouveia",2702,"Arapiraca",27,"Alagoas","AL",2,"Nordeste"
2705101,"Matriz de Camaragibe",27009,"Mata Alagoana",2703,"Leste Alagoano",270002,"Porto Calvo - São Luís do Quitunde",2701,"Maceió",27,"Alagoas","AL",2,"Nordeste"
2705200,"Messias",27009,"Mata Alagoana",2703,"Leste Alagoano",270001,"Maceió",2701,"Maceió",27,"Alagoas","AL",2,"Nordeste"
2705309,"Minador do Negrão",27005,"Palmeira dos Índios",2702,"Agreste Alagoano",270008,"Palmeira dos Índios",2702,"Arapiraca",27,"Alagoas","AL",2,"Nordeste"
2705408,"Monteirópolis",27004,"Batalha",2701,"Sertão Alagoano",270011,"Pão de Açúcar - Olho d'Água das Flores ¿ Batalha",2702,"Arapiraca",27,"Alagoas","AL",2,"Nordeste"
2705507,"Murici",27009,"Mata Alagoana",2703,"Leste Alagoano",270005,"União dos Palmares",2701,"Maceió",27,"Alagoas","AL",2,"Nordeste"
2705606,"Novo Lino",27009,"Mata Alagoana",2703,"Leste Alagoano",270002,"Porto Calvo - São Luís do Quitunde",2701,"Maceió",27,"Alagoas","AL",2,"Nordeste"
2705705,"Olho d'Água das Flores",27004,"Batalha",2701,"Sertão Alagoano",270011,"Pão de Açúcar - Olho d'Água das Flores ¿ Batalha",2702,"Arapiraca",27,"Alagoas","AL",2,"Nordeste"
2705804,"Olho d'Água do Casado",27002,"Alagoana do Sertão do São Francisco",2701,"Sertão Alagoano",270009,"Delmiro Gouveia",2702,"Arapiraca",27,"Alagoas","AL",2,"Nordeste"
2705903,"Olho d'Água Grande",27007,"Traipu",2702,"Agreste Alagoano",270007,"Arapiraca",2702,"Arapiraca",27,"Alagoas","AL",2,"Nordeste"
2706000,"Olivença",27004,"Batalha",2701,"Sertão Alagoano",270010,"Santana do Ipanema",2702,"Arapiraca",27,"Alagoas","AL",2,"Nordeste"
2706109,"Ouro Branco",27003,"Santana do Ipanema",2701,"Sertão Alagoano",270010,"Santana do Ipanema",2702,"Arapiraca",27,"Alagoas","AL",2,"Nordeste"
2706208,"Palestina",27003,"Santana do Ipanema",2701,"Sertão Alagoano",270011,"Pão de Açúcar - Olho d'Água das Flores ¿ Batalha",2702,"Arapiraca",27,"Alagoas","AL",2,"Nordeste"
2706307,"Palmeira dos Índios",27005,"Palmeira dos Índios",2702,"Agreste Alagoano",270008,"Palmeira dos Índios",2702,"Arapiraca",27,"Alagoas","AL",2,"Nordeste"
2706406,"Pão de Açúcar",27003,"Santana do Ipanema",2701,"Sertão Alagoano",270011,"Pão de Açúcar - Olho d'Água das Flores ¿ Batalha",2702,"Arapiraca",27,"Alagoas","AL",2,"Nordeste"
2706422,"Pariconha",27001,"Serrana do Sertão Alagoano",2701,"Sertão Alagoano",270009,"Delmiro Gouveia",2702,"Arapiraca",27,"Alagoas","AL",2,"Nordeste"
2706448,"Paripueira",27011,"Maceió",2703,"Leste Alagoano",270001,"Maceió",2701,"Maceió",27,"Alagoas","AL",2,"Nordeste"
2706505,"Passo de Camaragibe",27010,"Litoral Norte Alagoano",2703,"Leste Alagoano",270002,"Porto Calvo - São Luís do Quitunde",2701,"Maceió",27,"Alagoas","AL",2,"Nordeste"
2706604,"Paulo Jacinto",27005,"Palmeira dos Índios",2702,"Agreste Alagoano",270008,"Palmeira dos Índios",2702,"Arapiraca",27,"Alagoas","AL",2,"Nordeste"
2706703,"Penedo",27013,"Penedo",2703,"Leste Alagoano",270003,"Penedo",2701,"Maceió",27,"Alagoas","AL",2,"Nordeste"
2706802,"Piaçabuçu",27013,"Penedo",2703,"Leste Alagoano",270003,"Penedo",2701,"Maceió",27,"Alagoas","AL",2,"Nordeste"
2706901,"Pilar",27011,"Maceió",2703,"Leste Alagoano",270001,"Maceió",2701,"Maceió",27,"Alagoas","AL",2,"Nordeste"
2707008,"Pindoba",27008,"Serrana dos Quilombos",2703,"Leste Alagoano",270006,"Atalaia",2701,"Maceió",27,"Alagoas","AL",2,"Nordeste"
2707107,"Piranhas",27002,"Alagoana do Sertão do São Francisco",2701,"Sertão Alagoano",270009,"Delmiro Gouveia",2702,"Arapiraca",27,"Alagoas","AL",2,"Nordeste"
2707206,"Poço das Trincheiras",27003,"Santana do Ipanema",2701,"Sertão Alagoano",270010,"Santana do Ipanema",2702,"Arapiraca",27,"Alagoas","AL",2,"Nordeste"
2707305,"Porto Calvo",27009,"Mata Alagoana",2703,"Leste Alagoano",270002,"Porto Calvo - São Luís do Quitunde",2701,"Maceió",27,"Alagoas","AL",2,"Nordeste"
2707404,"Porto de Pedras",27010,"Litoral Norte Alagoano",2703,"Leste Alagoano",270002,"Porto Calvo - São Luís do Quitunde",2701,"Maceió",27,"Alagoas","AL",2,"Nordeste"
2707503,"Porto Real do Colégio",27013,"Penedo",2703,"Leste Alagoano",270003,"Penedo",2701,"Maceió",27,"Alagoas","AL",2,"Nordeste"
2707602,"Quebrangulo",27005,"Palmeira dos Índios",2702,"Agreste Alagoano",270008,"Palmeira dos Índios",2702,"Arapiraca",27,"Alagoas","AL",2,"Nordeste"
2707701,"Rio Largo",27011,"Maceió",2703,"Leste Alagoano",270001,"Maceió",2701,"Maceió",27,"Alagoas","AL",2,"Nordeste"
2707800,"Roteiro",27012,"São Miguel dos Campos",2703,"Leste Alagoano",270004,"São Miguel dos Campos",2701,"Maceió",27,"Alagoas","AL",2,"Nordeste"
2707909,"Santa Luzia do Norte",27011,"Maceió",2703,"Leste Alagoano",270001,"Maceió",2701,"Maceió",27,"Alagoas","AL",2,"Nordeste"
2708006,"Santana do Ipanema",27003,"Santana do Ipanema",2701,"Sertão Alagoano",270010,"Santana do Ipanema",2702,"Arapiraca",27,"Alagoas","AL",2,"Nordeste"
2708105,"Santana do Mundaú",27008,"Serrana dos Quilombos",2703,"Leste Alagoano",270005,"União dos Palmares",2701,"Maceió",27,"Alagoas","AL",2,"Nordeste"
2708204,"São Brás",27007,"Traipu",2702,"Agreste Alagoano",270003,"Penedo",2701,"Maceió",27,"Alagoas","AL",2,"Nordeste"
2708303,"São José da Laje",27008,"Serrana dos Quilombos",2703,"Leste Alagoano",270005,"União dos Palmares",2701,"Maceió",27,"Alagoas","AL",2,"Nordeste"
2708402,"São José da Tapera",27003,"Santana do Ipanema",2701,"Sertão Alagoano",270011,"Pão de Açúcar - Olho d'Água das Flores ¿ Batalha",2702,"Arapiraca",27,"Alagoas","AL",2,"Nordeste"
2708501,"São Luís do Quitunde",27009,"Mata Alagoana",2703,"Leste Alagoano",270002,"Porto Calvo - São Luís do Quitunde",2701,"Maceió",27,"Alagoas","AL",2,"Nordeste"
2708600,"São Miguel dos Campos",27012,"São Miguel dos Campos",2703,"Leste Alagoano",270004,"São Miguel dos Campos",2701,"Maceió",27,"Alagoas","AL",2,"Nordeste"
2708709,"São Miguel dos Milagres",27010,"Litoral Norte Alagoano",2703,"Leste Alagoano",270002,"Porto Calvo - São Luís do Quitunde",2701,"Maceió",27,"Alagoas","AL",2,"Nordeste"
2708808,"São Sebastião",27006,"Arapiraca",2702,"Agreste Alagoano",270007,"Arapiraca",2702,"Arapiraca",27,"Alagoas","AL",2,"Nordeste"
2708907,"Satuba",27011,"Maceió",2703,"Leste Alagoano",270001,"Maceió",2701,"Maceió",27,"Alagoas","AL",2,"Nordeste"
2708956,"Senador Rui Palmeira",27003,"Santana do Ipanema",2701,"Sertão Alagoano",270010,"Santana do Ipanema",2702,"Arapiraca",27,"Alagoas","AL",2,"Nordeste"
2709004,"Tanque d'Arca",27005,"Palmeira dos Índios",2702,"Agreste Alagoano",270007,"Arapiraca",2702,"Arapiraca",27,"Alagoas","AL",2,"Nordeste"
2709103,"Taquarana",27006,"Arapiraca",2702,"Agreste Alagoano",270007,"Arapiraca",2702,"Arapiraca",27,"Alagoas","AL",2,"Nordeste"
2709152,"Teotônio Vilela",27012,"São Miguel dos Campos",2703,"Leste Alagoano",270007,"Arapiraca",2702,"Arapiraca",27,"Alagoas","AL",2,"Nordeste"
2709202,"Traipu",27007,"Traipu",2702,"Agreste Alagoano",270007,"Arapiraca",2702,"Arapiraca",27,"Alagoas","AL",2,"Nordeste"
2709301,"União dos Palmares",27008,"Serrana dos Quilombos",2703,"Leste Alagoano",270005,"União dos Palmares",2701,"Maceió",27,"Alagoas","AL",2,"Nordeste"
2709400,"Viçosa",27008,"Serrana dos Quilombos",2703,"Leste Alagoano",270006,"Atalaia",2701,"Maceió",27,"Alagoas","AL",2,"Nordeste"
2800100,"Amparo do São Francisco",28007,"Propriá",2803,"Leste Sergipano",280003,"Propriá",2801,"Aracaju",28,"Sergipe","SE",2,"Nordeste"
2800209,"Aquidabã",28003,"Nossa Senhora das Dores",2802,"Agreste Sergipano",280003,"Propriá",2801,"Aracaju",28,"Sergipe","SE",2,"Nordeste"
2800308,"Aracaju",28011,"Aracaju",2803,"Leste Sergipano",280001,"Aracaju",2801,"Aracaju",28,"Sergipe","SE",2,"Nordeste"
2800407,"Arauá",28012,"Boquim",2803,"Leste Sergipano",280002,"Estância",2801,"Aracaju",28,"Sergipe","SE",2,"Nordeste"
2800506,"Areia Branca",28004,"Agreste de Itabaiana",2802,"Agreste Sergipano",280004,"Itabaiana",2802,"Itabaiana",28,"Sergipe","SE",2,"Nordeste"
2800605,"Barra dos Coqueiros",28011,"Aracaju",2803,"Leste Sergipano",280001,"Aracaju",2801,"Aracaju",28,"Sergipe","SE",2,"Nordeste"
2800670,"Boquim",28012,"Boquim",2803,"Leste Sergipano",280002,"Estância",2801,"Aracaju",28,"Sergipe","SE",2,"Nordeste"
2800704,"Brejo Grande",28007,"Propriá",2803,"Leste Sergipano",280003,"Propriá",2801,"Aracaju",28,"Sergipe","SE",2,"Nordeste"
2801009,"Campo do Brito",28004,"Agreste de Itabaiana",2802,"Agreste Sergipano",280004,"Itabaiana",2802,"Itabaiana",28,"Sergipe","SE",2,"Nordeste"
2801108,"Canhoba",28007,"Propriá",2803,"Leste Sergipano",280003,"Propriá",2801,"Aracaju",28,"Sergipe","SE",2,"Nordeste"
2801207,"Canindé de São Francisco",28001,"Sergipana do Sertão do São Francisco",2801,"Sertão Sergipano",280006,"Nossa Senhora da Glória",2802,"Itabaiana",28,"Sergipe","SE",2,"Nordeste"
2801306,"Capela",28008,"Cotinguiba",2803,"Leste Sergipano",280001,"Aracaju",2801,"Aracaju",28,"Sergipe","SE",2,"Nordeste"
2801405,"Carira",28002,"Carira",2801,"Sertão Sergipano",280004,"Itabaiana",2802,"Itabaiana",28,"Sergipe","SE",2,"Nordeste"
2801504,"Carmópolis",28010,"Baixo Cotinguiba",2803,"Leste Sergipano",280001,"Aracaju",2801,"Aracaju",28,"Sergipe","SE",2,"Nordeste"
2801603,"Cedro de São João",28007,"Propriá",2803,"Leste Sergipano",280003,"Propriá",2801,"Aracaju",28,"Sergipe","SE",2,"Nordeste"
2801702,"Cristinápolis",28012,"Boquim",2803,"Leste Sergipano",280002,"Estância",2801,"Aracaju",28,"Sergipe","SE",2,"Nordeste"
2801900,"Cumbe",28003,"Nossa Senhora das Dores",2802,"Agreste Sergipano",280001,"Aracaju",2801,"Aracaju",28,"Sergipe","SE",2,"Nordeste"
2802007,"Divina Pastora",28008,"Cotinguiba",2803,"Leste Sergipano",280001,"Aracaju",2801,"Aracaju",28,"Sergipe","SE",2,"Nordeste"
2802106,"Estância",28013,"Estância",2803,"Leste Sergipano",280002,"Estância",2801,"Aracaju",28,"Sergipe","SE",2,"Nordeste"
2802205,"Feira Nova",28001,"Sergipana do Sertão do São Francisco",2801,"Sertão Sergipano",280006,"Nossa Senhora da Glória",2802,"Itabaiana",28,"Sergipe","SE",2,"Nordeste"
2802304,"Frei Paulo",28002,"Carira",2801,"Sertão Sergipano",280004,"Itabaiana",2802,"Itabaiana",28,"Sergipe","SE",2,"Nordeste"
2802403,"Gararu",28001,"Sergipana do Sertão do São Francisco",2801,"Sertão Sergipano",280006,"Nossa Senhora da Glória",2802,"Itabaiana",28,"Sergipe","SE",2,"Nordeste"
2802502,"General Maynard",28010,"Baixo Cotinguiba",2803,"Leste Sergipano",280001,"Aracaju",2801,"Aracaju",28,"Sergipe","SE",2,"Nordeste"
2802601,"Graccho Cardoso",28001,"Sergipana do Sertão do São Francisco",2801,"Sertão Sergipano",280006,"Nossa Senhora da Glória",2802,"Itabaiana",28,"Sergipe","SE",2,"Nordeste"
2802700,"Ilha das Flores",28007,"Propriá",2803,"Leste Sergipano",280003,"Propriá",2801,"Aracaju",28,"Sergipe","SE",2,"Nordeste"
2802809,"Indiaroba",28013,"Estância",2803,"Leste Sergipano",280002,"Estância",2801,"Aracaju",28,"Sergipe","SE",2,"Nordeste"
2802908,"Itabaiana",28004,"Agreste de Itabaiana",2802,"Agreste Sergipano",280004,"Itabaiana",2802,"Itabaiana",28,"Sergipe","SE",2,"Nordeste"
2803005,"Itabaianinha",28012,"Boquim",2803,"Leste Sergipano",280002,"Estância",2801,"Aracaju",28,"Sergipe","SE",2,"Nordeste"
2803104,"Itabi",28001,"Sergipana do Sertão do São Francisco",2801,"Sertão Sergipano",280006,"Nossa Senhora da Glória",2802,"Itabaiana",28,"Sergipe","SE",2,"Nordeste"
2803203,"Itaporanga d'Ajuda",28013,"Estância",2803,"Leste Sergipano",280001,"Aracaju",2801,"Aracaju",28,"Sergipe","SE",2,"Nordeste"
2803302,"Japaratuba",28009,"Japaratuba",2803,"Leste Sergipano",280001,"Aracaju",2801,"Aracaju",28,"Sergipe","SE",2,"Nordeste"
2803401,"Japoatã",28009,"Japaratuba",2803,"Leste Sergipano",280003,"Propriá",2801,"Aracaju",28,"Sergipe","SE",2,"Nordeste"
2803500,"Lagarto",28006,"Agreste de Lagarto",2802,"Agreste Sergipano",280005,"Lagarto",2802,"Itabaiana",28,"Sergipe","SE",2,"Nordeste"
2803609,"Laranjeiras",28010,"Baixo Cotinguiba",2803,"Leste Sergipano",280001,"Aracaju",2801,"Aracaju",28,"Sergipe","SE",2,"Nordeste"
2803708,"Macambira",28004,"Agreste de Itabaiana",2802,"Agreste Sergipano",280004,"Itabaiana",2802,"Itabaiana",28,"Sergipe","SE",2,"Nordeste"
2803807,"Malhada dos Bois",28003,"Nossa Senhora das Dores",2802,"Agreste Sergipano",280003,"Propriá",2801,"Aracaju",28,"Sergipe","SE",2,"Nordeste"
2803906,"Malhador",28004,"Agreste de Itabaiana",2802,"Agreste Sergipano",280004,"Itabaiana",2802,"Itabaiana",28,"Sergipe","SE",2,"Nordeste"
2804003,"Maruim",28010,"Baixo Cotinguiba",2803,"Leste Sergipano",280001,"Aracaju",2801,"Aracaju",28,"Sergipe","SE",2,"Nordeste"
2804102,"Moita Bonita",28004,"Agreste de Itabaiana",2802,"Agreste Sergipano",280004,"Itabaiana",2802,"Itabaiana",28,"Sergipe","SE",2,"Nordeste"
2804201,"Monte Alegre de Sergipe",28001,"Sergipana do Sertão do São Francisco",2801,"Sertão Sergipano",280006,"Nossa Senhora da Glória",2802,"Itabaiana",28,"Sergipe","SE",2,"Nordeste"
2804300,"Muribeca",28003,"Nossa Senhora das Dores",2802,"Agreste Sergipano",280003,"Propriá",2801,"Aracaju",28,"Sergipe","SE",2,"Nordeste"
2804409,"Neópolis",28007,"Propriá",2803,"Leste Sergipano",280003,"Propriá",2801,"Aracaju",28,"Sergipe","SE",2,"Nordeste"
2804458,"Nossa Senhora Aparecida",28002,"Carira",2801,"Sertão Sergipano",280004,"Itabaiana",2802,"Itabaiana",28,"Sergipe","SE",2,"Nordeste"
2804508,"Nossa Senhora da Glória",28001,"Sergipana do Sertão do São Francisco",2801,"Sertão Sergipano",280006,"Nossa Senhora da Glória",2802,"Itabaiana",28,"Sergipe","SE",2,"Nordeste"
2804607,"Nossa Senhora das Dores",28003,"Nossa Senhora das Dores",2802,"Agreste Sergipano",280001,"Aracaju",2801,"Aracaju",28,"Sergipe","SE",2,"Nordeste"
2804706,"Nossa Senhora de Lourdes",28007,"Propriá",2803,"Leste Sergipano",280003,"Propriá",2801,"Aracaju",28,"Sergipe","SE",2,"Nordeste"
2804805,"Nossa Senhora do Socorro",28011,"Aracaju",2803,"Leste Sergipano",280001,"Aracaju",2801,"Aracaju",28,"Sergipe","SE",2,"Nordeste"
2804904,"Pacatuba",28009,"Japaratuba",2803,"Leste Sergipano",280003,"Propriá",2801,"Aracaju",28,"Sergipe","SE",2,"Nordeste"
2805000,"Pedra Mole",28002,"Carira",2801,"Sertão Sergipano",280004,"Itabaiana",2802,"Itabaiana",28,"Sergipe","SE",2,"Nordeste"
2805109,"Pedrinhas",28012,"Boquim",2803,"Leste Sergipano",280002,"Estância",2801,"Aracaju",28,"Sergipe","SE",2,"Nordeste"
2805208,"Pinhão",28002,"Carira",2801,"Sertão Sergipano",280004,"Itabaiana",2802,"Itabaiana",28,"Sergipe","SE",2,"Nordeste"
2805307,"Pirambu",28009,"Japaratuba",2803,"Leste Sergipano",280001,"Aracaju",2801,"Aracaju",28,"Sergipe","SE",2,"Nordeste"
2805406,"Poço Redondo",28001,"Sergipana do Sertão do São Francisco",2801,"Sertão Sergipano",280006,"Nossa Senhora da Glória",2802,"Itabaiana",28,"Sergipe","SE",2,"Nordeste"
2805505,"Poço Verde",28005,"Tobias Barreto",2802,"Agreste Sergipano",280005,"Lagarto",2802,"Itabaiana",28,"Sergipe","SE",2,"Nordeste"
2805604,"Porto da Folha",28001,"Sergipana do Sertão do São Francisco",2801,"Sertão Sergipano",280006,"Nossa Senhora da Glória",2802,"Itabaiana",28,"Sergipe","SE",2,"Nordeste"
2805703,"Propriá",28007,"Propriá",2803,"Leste Sergipano",280003,"Propriá",2801,"Aracaju",28,"Sergipe","SE",2,"Nordeste"
2805802,"Riachão do Dantas",28006,"Agreste de Lagarto",2802,"Agreste Sergipano",280005,"Lagarto",2802,"Itabaiana",28,"Sergipe","SE",2,"Nordeste"
2805901,"Riachuelo",28010,"Baixo Cotinguiba",2803,"Leste Sergipano",280001,"Aracaju",2801,"Aracaju",28,"Sergipe","SE",2,"Nordeste"
2806008,"Ribeirópolis",28002,"Carira",2801,"Sertão Sergipano",280004,"Itabaiana",2802,"Itabaiana",28,"Sergipe","SE",2,"Nordeste"
2806107,"Rosário do Catete",28010,"Baixo Cotinguiba",2803,"Leste Sergipano",280001,"Aracaju",2801,"Aracaju",28,"Sergipe","SE",2,"Nordeste"
2806206,"Salgado",28012,"Boquim",2803,"Leste Sergipano",280005,"Lagarto",2802,"Itabaiana",28,"Sergipe","SE",2,"Nordeste"
2806305,"Santa Luzia do Itanhy",28013,"Estância",2803,"Leste Sergipano",280002,"Estância",2801,"Aracaju",28,"Sergipe","SE",2,"Nordeste"
2806404,"Santana do São Francisco",28007,"Propriá",2803,"Leste Sergipano",280003,"Propriá",2801,"Aracaju",28,"Sergipe","SE",2,"Nordeste"
2806503,"Santa Rosa de Lima",28008,"Cotinguiba",2803,"Leste Sergipano",280001,"Aracaju",2801,"Aracaju",28,"Sergipe","SE",2,"Nordeste"
2806602,"Santo Amaro das Brotas",28010,"Baixo Cotinguiba",2803,"Leste Sergipano",280001,"Aracaju",2801,"Aracaju",28,"Sergipe","SE",2,"Nordeste"
2806701,"São Cristóvão",28011,"Aracaju",2803,"Leste Sergipano",280001,"Aracaju",2801,"Aracaju",28,"Sergipe","SE",2,"Nordeste"
2806800,"São Domingos",28004,"Agreste de Itabaiana",2802,"Agreste Sergipano",280004,"Itabaiana",2802,"Itabaiana",28,"Sergipe","SE",2,"Nordeste"
2806909,"São Francisco",28009,"Japaratuba",2803,"Leste Sergipano",280003,"Propriá",2801,"Aracaju",28,"Sergipe","SE",2,"Nordeste"
2807006,"São Miguel do Aleixo",28003,"Nossa Senhora das Dores",2802,"Agreste Sergipano",280004,"Itabaiana",2802,"Itabaiana",28,"Sergipe","SE",2,"Nordeste"
2807105,"Simão Dias",28005,"Tobias Barreto",2802,"Agreste Sergipano",280005,"Lagarto",2802,"Itabaiana",28,"Sergipe","SE",2,"Nordeste"
2807204,"Siriri",28008,"Cotinguiba",2803,"Leste Sergipano",280001,"Aracaju",2801,"Aracaju",28,"Sergipe","SE",2,"Nordeste"
2807303,"Telha",28007,"Propriá",2803,"Leste Sergipano",280003,"Propriá",2801,"Aracaju",28,"Sergipe","SE",2,"Nordeste"
2807402,"Tobias Barreto",28005,"Tobias Barreto",2802,"Agreste Sergipano",280005,"Lagarto",2802,"Itabaiana",28,"Sergipe","SE",2,"Nordeste"
2807501,"Tomar do Geru",28012,"Boquim",2803,"Leste Sergipano",280002,"Estância",2801,"Aracaju",28,"Sergipe","SE",2,"Nordeste"
2807600,"Umbaúba",28012,"Boquim",2803,"Leste Sergipano",280002,"Estância",2801,"Aracaju",28,"Sergipe","SE",2,"Nordeste"
2900108,"Abaíra",29023,"Seabra",2906,"Centro Sul Baiano",290013,"Brumado",2904,"Vitória da Conquista",29,"Bahia","BA",2,"Nordeste"
2900207,"Abaré",29005,"Paulo Afonso",2902,"Vale São-Franciscano da Bahia",290024,"Paulo Afonso",2909,"Paulo Afonso",29,"Bahia","BA",2,"Nordeste"
2900306,"Acajutiba",29017,"Alagoinhas",2904,"Nordeste Baiano",290002,"Alagoinhas",2901,"Salvador",29,"Bahia","BA",2,"Nordeste"
2900355,"Adustina",29015,"Ribeira do Pombal",2904,"Nordeste Baiano",290027,"Cícero Dantas",2909,"Paulo Afonso",29,"Bahia","BA",2,"Nordeste"
2900405,"Água Fria",29012,"Feira de Santana",2903,"Centro Norte Baiano",290029,"Feira de Santana",2910,"Feira de Santana",29,"Bahia","BA",2,"Nordeste"
2900504,"Érico Cardoso",29025,"Livramento do Brumado",2906,"Centro Sul Baiano",290013,"Brumado",2904,"Vitória da Conquista",29,"Bahia","BA",2,"Nordeste"
2900603,"Aiquara",29024,"Jequié",2906,"Centro Sul Baiano",290012,"Jequié",2904,"Vitória da Conquista",29,"Bahia","BA",2,"Nordeste"
2900702,"Alagoinhas",29017,"Alagoinhas",2904,"Nordeste Baiano",290002,"Alagoinhas",2901,"Salvador",29,"Bahia","BA",2,"Nordeste"
2900801,"Alcobaça",29032,"Porto Seguro",2907,"Sul Baiano",290008,"Teixeira de Freitas",2903,"Ilhéus ¿ Itabuna",29,"Bahia","BA",2,"Nordeste"
2900900,"Almadina",29031,"Ilhéus-Itabuna",2907,"Sul Baiano",290007,"Ilhéus ¿ Itabuna",2903,"Ilhéus ¿ Itabuna",29,"Bahia","BA",2,"Nordeste"
2901007,"Amargosa",29024,"Jequié",2906,"Centro Sul Baiano",290003,"Santo Antônio de Jesus",2902,"Santo Antônio de Jesus",29,"Bahia","BA",2,"Nordeste"
2901106,"Amélia Rodrigues",29019,"Catu",2905,"Metropolitana de Salvador",290029,"Feira de Santana",2910,"Feira de Santana",29,"Bahia","BA",2,"Nordeste"
2901155,"América Dourada",29009,"Irecê",2903,"Centro Norte Baiano",290020,"Irecê",2907,"Irecê",29,"Bahia","BA",2,"Nordeste"
2901205,"Anagé",29028,"Vitória da Conquista",2906,"Centro Sul Baiano",290011,"Vitória da Conquista",2904,"Vitória da Conquista",29,"Bahia","BA",2,"Nordeste"
2901304,"Andaraí",29023,"Seabra",2906,"Centro Sul Baiano",290031,"Itaberaba",2910,"Feira de Santana",29,"Bahia","BA",2,"Nordeste"
2901353,"Andorinha",29008,"Senhor do Bonfim",2903,"Centro Norte Baiano",290023,"Senhor do Bonfim",2908,"Juazeiro",29,"Bahia","BA",2,"Nordeste"
2901403,"Angical",29002,"Cotegipe",2901,"Extremo Oeste Baiano",290018,"Barreiras",2906,"Barreiras",29,"Bahia","BA",2,"Nordeste"
2901502,"Anguera",29012,"Feira de Santana",2903,"Centro Norte Baiano",290029,"Feira de Santana",2910,"Feira de Santana",29,"Bahia","BA",2,"Nordeste"
2901601,"Antas",29015,"Ribeira do Pombal",2904,"Nordeste Baiano",290027,"Cícero Dantas",2909,"Paulo Afonso",29,"Bahia","BA",2,"Nordeste"
2901700,"Antônio Cardoso",29012,"Feira de Santana",2903,"Centro Norte Baiano",290029,"Feira de Santana",2910,"Feira de Santana",29,"Bahia","BA",2,"Nordeste"
2901809,"Antônio Gonçalves",29008,"Senhor do Bonfim",2903,"Centro Norte Baiano",290023,"Senhor do Bonfim",2908,"Juazeiro",29,"Bahia","BA",2,"Nordeste"
2901908,"Aporá",29017,"Alagoinhas",2904,"Nordeste Baiano",290002,"Alagoinhas",2901,"Salvador",29,"Bahia","BA",2,"Nordeste"
2901957,"Apuarema",29024,"Jequié",2906,"Centro Sul Baiano",290012,"Jequié",2904,"Vitória da Conquista",29,"Bahia","BA",2,"Nordeste"
2902005,"Aracatu",29027,"Brumado",2906,"Centro Sul Baiano",290013,"Brumado",2904,"Vitória da Conquista",29,"Bahia","BA",2,"Nordeste"
2902054,"Araçás",29017,"Alagoinhas",2904,"Nordeste Baiano",290002,"Alagoinhas",2901,"Salvador",29,"Bahia","BA",2,"Nordeste"
2902104,"Araci",29016,"Serrinha",2904,"Nordeste Baiano",290033,"Serrinha",2910,"Feira de Santana",29,"Bahia","BA",2,"Nordeste"
2902203,"Aramari",29017,"Alagoinhas",2904,"Nordeste Baiano",290002,"Alagoinhas",2901,"Salvador",29,"Bahia","BA",2,"Nordeste"
2902252,"Arataca",29031,"Ilhéus-Itabuna",2907,"Sul Baiano",290010,"Camacan",2903,"Ilhéus ¿ Itabuna",29,"Bahia","BA",2,"Nordeste"
2902302,"Aratuípe",29020,"Santo Antônio de Jesus",2905,"Metropolitana de Salvador",290006,"Nazaré ¿ Maragogipe",2902,"Santo Antônio de Jesus",29,"Bahia","BA",2,"Nordeste"
2902401,"Aurelino Leal",29031,"Ilhéus-Itabuna",2907,"Sul Baiano",290007,"Ilhéus ¿ Itabuna",2903,"Ilhéus ¿ Itabuna",29,"Bahia","BA",2,"Nordeste"
2902500,"Baianópolis",29001,"Barreiras",2901,"Extremo Oeste Baiano",290018,"Barreiras",2906,"Barreiras",29,"Bahia","BA",2,"Nordeste"
2902609,"Baixa Grande",29011,"Itaberaba",2903,"Centro Norte Baiano",290029,"Feira de Santana",2910,"Feira de Santana",29,"Bahia","BA",2,"Nordeste"
2902658,"Banzaê",29015,"Ribeira do Pombal",2904,"Nordeste Baiano",290025,"Ribeira do Pombal",2909,"Paulo Afonso",29,"Bahia","BA",2,"Nordeste"
2902708,"Barra",29006,"Barra",2902,"Vale São-Franciscano da Bahia",290021,"Xique-Xique ¿ Barra",2907,"Irecê",29,"Bahia","BA",2,"Nordeste"
2902807,"Barra da Estiva",29023,"Seabra",2906,"Centro Sul Baiano",290011,"Vitória da Conquista",2904,"Vitória da Conquista",29,"Bahia","BA",2,"Nordeste"
2902906,"Barra do Choça",29028,"Vitória da Conquista",2906,"Centro Sul Baiano",290011,"Vitória da Conquista",2904,"Vitória da Conquista",29,"Bahia","BA",2,"Nordeste"
2903003,"Barra do Mendes",29009,"Irecê",2903,"Centro Norte Baiano",290020,"Irecê",2907,"Irecê",29,"Bahia","BA",2,"Nordeste"
2903102,"Barra do Rocha",29031,"Ilhéus-Itabuna",2907,"Sul Baiano",290014,"Ipiaú",2904,"Vitória da Conquista",29,"Bahia","BA",2,"Nordeste"
2903201,"Barreiras",29001,"Barreiras",2901,"Extremo Oeste Baiano",290018,"Barreiras",2906,"Barreiras",29,"Bahia","BA",2,"Nordeste"
2903235,"Barro Alto",29009,"Irecê",2903,"Centro Norte Baiano",290020,"Irecê",2907,"Irecê",29,"Bahia","BA",2,"Nordeste"
2903276,"Barrocas",29016,"Serrinha",2904,"Nordeste Baiano",290033,"Serrinha",2910,"Feira de Santana",29,"Bahia","BA",2,"Nordeste"
2903300,"Barro Preto",29031,"Ilhéus-Itabuna",2907,"Sul Baiano",290007,"Ilhéus ¿ Itabuna",2903,"Ilhéus ¿ Itabuna",29,"Bahia","BA",2,"Nordeste"
2903409,"Belmonte",29031,"Ilhéus-Itabuna",2907,"Sul Baiano",290009,"Eunápolis - Porto Seguro",2903,"Ilhéus ¿ Itabuna",29,"Bahia","BA",2,"Nordeste"
2903508,"Belo Campo",29028,"Vitória da Conquista",2906,"Centro Sul Baiano",290011,"Vitória da Conquista",2904,"Vitória da Conquista",29,"Bahia","BA",2,"Nordeste"
2903607,"Biritinga",29016,"Serrinha",2904,"Nordeste Baiano",290033,"Serrinha",2910,"Feira de Santana",29,"Bahia","BA",2,"Nordeste"
2903706,"Boa Nova",29028,"Vitória da Conquista",2906,"Centro Sul Baiano",290011,"Vitória da Conquista",2904,"Vitória da Conquista",29,"Bahia","BA",2,"Nordeste"
2903805,"Boa Vista do Tupim",29011,"Itaberaba",2903,"Centro Norte Baiano",290031,"Itaberaba",2910,"Feira de Santana",29,"Bahia","BA",2,"Nordeste"
2903904,"Bom Jesus da Lapa",29007,"Bom Jesus da Lapa",2902,"Vale São-Franciscano da Bahia",290017,"Bom Jesus da Lapa",2905,"Guanambi",29,"Bahia","BA",2,"Nordeste"
2903953,"Bom Jesus da Serra",29028,"Vitória da Conquista",2906,"Centro Sul Baiano",290011,"Vitória da Conquista",2904,"Vitória da Conquista",29,"Bahia","BA",2,"Nordeste"
2904001,"Boninal",29023,"Seabra",2906,"Centro Sul Baiano",290034,"Seabra",2910,"Feira de Santana",29,"Bahia","BA",2,"Nordeste"
2904050,"Bonito",29023,"Seabra",2906,"Centro Sul Baiano",290020,"Irecê",2907,"Irecê",29,"Bahia","BA",2,"Nordeste"
2904100,"Boquira",29022,"Boquira",2906,"Centro Sul Baiano",290017,"Bom Jesus da Lapa",2905,"Guanambi",29,"Bahia","BA",2,"Nordeste"
2904209,"Botuporã",29022,"Boquira",2906,"Centro Sul Baiano",290016,"Guanambi",2905,"Guanambi",29,"Bahia","BA",2,"Nordeste"
2904308,"Brejões",29024,"Jequié",2906,"Centro Sul Baiano",290003,"Santo Antônio de Jesus",2902,"Santo Antônio de Jesus",29,"Bahia","BA",2,"Nordeste"
2904407,"Brejolândia",29002,"Cotegipe",2901,"Extremo Oeste Baiano",290018,"Barreiras",2906,"Barreiras",29,"Bahia","BA",2,"Nordeste"
2904506,"Brotas de Macaúbas",29022,"Boquira",2906,"Centro Sul Baiano",290021,"Xique-Xique ¿ Barra",2907,"Irecê",29,"Bahia","BA",2,"Nordeste"
2904605,"Brumado",29027,"Brumado",2906,"Centro Sul Baiano",290013,"Brumado",2904,"Vitória da Conquista",29,"Bahia","BA",2,"Nordeste"
2904704,"Buerarema",29031,"Ilhéus-Itabuna",2907,"Sul Baiano",290007,"Ilhéus ¿ Itabuna",2903,"Ilhéus ¿ Itabuna",29,"Bahia","BA",2,"Nordeste"
2904753,"Buritirama",29006,"Barra",2902,"Vale São-Franciscano da Bahia",290021,"Xique-Xique ¿ Barra",2907,"Irecê",29,"Bahia","BA",2,"Nordeste"
2904803,"Caatiba",29028,"Vitória da Conquista",2906,"Centro Sul Baiano",290011,"Vitória da Conquista",2904,"Vitória da Conquista",29,"Bahia","BA",2,"Nordeste"
2904852,"Cabaceiras do Paraguaçu",29020,"Santo Antônio de Jesus",2905,"Metropolitana de Salvador",290004,"Cruz das Almas",2902,"Santo Antônio de Jesus",29,"Bahia","BA",2,"Nordeste"
2904902,"Cachoeira",29020,"Santo Antônio de Jesus",2905,"Metropolitana de Salvador",290004,"Cruz das Almas",2902,"Santo Antônio de Jesus",29,"Bahia","BA",2,"Nordeste"
2905008,"Caculé",29026,"Guanambi",2906,"Centro Sul Baiano",290016,"Guanambi",2905,"Guanambi",29,"Bahia","BA",2,"Nordeste"
2905107,"Caém",29010,"Jacobina",2903,"Centro Norte Baiano",290030,"Jacobina",2910,"Feira de Santana",29,"Bahia","BA",2,"Nordeste"
2905156,"Caetanos",29028,"Vitória da Conquista",2906,"Centro Sul Baiano",290011,"Vitória da Conquista",2904,"Vitória da Conquista",29,"Bahia","BA",2,"Nordeste"
2905206,"Caetité",29026,"Guanambi",2906,"Centro Sul Baiano",290016,"Guanambi",2905,"Guanambi",29,"Bahia","BA",2,"Nordeste"
2905305,"Cafarnaum",29009,"Irecê",2903,"Centro Norte Baiano",290020,"Irecê",2907,"Irecê",29,"Bahia","BA",2,"Nordeste"
2905404,"Cairu",29030,"Valença",2907,"Sul Baiano",290005,"Valença",2902,"Santo Antônio de Jesus",29,"Bahia","BA",2,"Nordeste"
2905503,"Caldeirão Grande",29010,"Jacobina",2903,"Centro Norte Baiano",290030,"Jacobina",2910,"Feira de Santana",29,"Bahia","BA",2,"Nordeste"
2905602,"Camacan",29031,"Ilhéus-Itabuna",2907,"Sul Baiano",290010,"Camacan",2903,"Ilhéus ¿ Itabuna",29,"Bahia","BA",2,"Nordeste"
2905701,"Camaçari",29021,"Salvador",2905,"Metropolitana de Salvador",290001,"Salvador",2901,"Salvador",29,"Bahia","BA",2,"Nordeste"
2905800,"Camamu",29030,"Valença",2907,"Sul Baiano",290005,"Valença",2902,"Santo Antônio de Jesus",29,"Bahia","BA",2,"Nordeste"
2905909,"Campo Alegre de Lourdes",29004,"Juazeiro",2902,"Vale São-Franciscano da Bahia",290022,"Juazeiro",2908,"Juazeiro",29,"Bahia","BA",2,"Nordeste"
2906006,"Campo Formoso",29008,"Senhor do Bonfim",2903,"Centro Norte Baiano",290023,"Senhor do Bonfim",2908,"Juazeiro",29,"Bahia","BA",2,"Nordeste"
2906105,"Canápolis",29003,"Santa Maria da Vitória",2901,"Extremo Oeste Baiano",290019,"Santa Maria da Vitoria",2906,"Barreiras",29,"Bahia","BA",2,"Nordeste"
2906204,"Canarana",29009,"Irecê",2903,"Centro Norte Baiano",290020,"Irecê",2907,"Irecê",29,"Bahia","BA",2,"Nordeste"
2906303,"Canavieiras",29031,"Ilhéus-Itabuna",2907,"Sul Baiano",290010,"Camacan",2903,"Ilhéus ¿ Itabuna",29,"Bahia","BA",2,"Nordeste"
2906402,"Candeal",29016,"Serrinha",2904,"Nordeste Baiano",290029,"Feira de Santana",2910,"Feira de Santana",29,"Bahia","BA",2,"Nordeste"
2906501,"Candeias",29021,"Salvador",2905,"Metropolitana de Salvador",290001,"Salvador",2901,"Salvador",29,"Bahia","BA",2,"Nordeste"
2906600,"Candiba",29026,"Guanambi",2906,"Centro Sul Baiano",290016,"Guanambi",2905,"Guanambi",29,"Bahia","BA",2,"Nordeste"
2906709,"Cândido Sales",29028,"Vitória da Conquista",2906,"Centro Sul Baiano",290011,"Vitória da Conquista",2904,"Vitória da Conquista",29,"Bahia","BA",2,"Nordeste"
2906808,"Cansanção",29014,"Euclides da Cunha",2904,"Nordeste Baiano",290026,"Euclides da Cunha",2909,"Paulo Afonso",29,"Bahia","BA",2,"Nordeste"
2906824,"Canudos",29014,"Euclides da Cunha",2904,"Nordeste Baiano",290026,"Euclides da Cunha",2909,"Paulo Afonso",29,"Bahia","BA",2,"Nordeste"
2906857,"Capela do Alto Alegre",29016,"Serrinha",2904,"Nordeste Baiano",290029,"Feira de Santana",2910,"Feira de Santana",29,"Bahia","BA",2,"Nordeste"
2906873,"Capim Grosso",29010,"Jacobina",2903,"Centro Norte Baiano",290030,"Jacobina",2910,"Feira de Santana",29,"Bahia","BA",2,"Nordeste"
2906899,"Caraíbas",29027,"Brumado",2906,"Centro Sul Baiano",290011,"Vitória da Conquista",2904,"Vitória da Conquista",29,"Bahia","BA",2,"Nordeste"
2906907,"Caravelas",29032,"Porto Seguro",2907,"Sul Baiano",290008,"Teixeira de Freitas",2903,"Ilhéus ¿ Itabuna",29,"Bahia","BA",2,"Nordeste"
2907004,"Cardeal da Silva",29018,"Entre Rios",2904,"Nordeste Baiano",290002,"Alagoinhas",2901,"Salvador",29,"Bahia","BA",2,"Nordeste"
2907103,"Carinhanha",29007,"Bom Jesus da Lapa",2902,"Vale São-Franciscano da Bahia",290016,"Guanambi",2905,"Guanambi",29,"Bahia","BA",2,"Nordeste"
2907202,"Casa Nova",29004,"Juazeiro",2902,"Vale São-Franciscano da Bahia",290022,"Juazeiro",2908,"Juazeiro",29,"Bahia","BA",2,"Nordeste"
2907301,"Castro Alves",29020,"Santo Antônio de Jesus",2905,"Metropolitana de Salvador",290004,"Cruz das Almas",2902,"Santo Antônio de Jesus",29,"Bahia","BA",2,"Nordeste"
2907400,"Catolândia",29001,"Barreiras",2901,"Extremo Oeste Baiano",290018,"Barreiras",2906,"Barreiras",29,"Bahia","BA",2,"Nordeste"
2907509,"Catu",29019,"Catu",2905,"Metropolitana de Salvador",290001,"Salvador",2901,"Salvador",29,"Bahia","BA",2,"Nordeste"
2907558,"Caturama",29022,"Boquira",2906,"Centro Sul Baiano",290013,"Brumado",2904,"Vitória da Conquista",29,"Bahia","BA",2,"Nordeste"
2907608,"Central",29009,"Irecê",2903,"Centro Norte Baiano",290020,"Irecê",2907,"Irecê",29,"Bahia","BA",2,"Nordeste"
2907707,"Chorrochó",29005,"Paulo Afonso",2902,"Vale São-Franciscano da Bahia",290024,"Paulo Afonso",2909,"Paulo Afonso",29,"Bahia","BA",2,"Nordeste"
2907806,"Cícero Dantas",29015,"Ribeira do Pombal",2904,"Nordeste Baiano",290027,"Cícero Dantas",2909,"Paulo Afonso",29,"Bahia","BA",2,"Nordeste"
2907905,"Cipó",29015,"Ribeira do Pombal",2904,"Nordeste Baiano",290025,"Ribeira do Pombal",2909,"Paulo Afonso",29,"Bahia","BA",2,"Nordeste"
2908002,"Coaraci",29031,"Ilhéus-Itabuna",2907,"Sul Baiano",290007,"Ilhéus ¿ Itabuna",2903,"Ilhéus ¿ Itabuna",29,"Bahia","BA",2,"Nordeste"
2908101,"Cocos",29003,"Santa Maria da Vitória",2901,"Extremo Oeste Baiano",290019,"Santa Maria da Vitoria",2906,"Barreiras",29,"Bahia","BA",2,"Nordeste"
2908200,"Conceição da Feira",29012,"Feira de Santana",2903,"Centro Norte Baiano",290029,"Feira de Santana",2910,"Feira de Santana",29,"Bahia","BA",2,"Nordeste"
2908309,"Conceição do Almeida",29020,"Santo Antônio de Jesus",2905,"Metropolitana de Salvador",290004,"Cruz das Almas",2902,"Santo Antônio de Jesus",29,"Bahia","BA",2,"Nordeste"
2908408,"Conceição do Coité",29016,"Serrinha",2904,"Nordeste Baiano",290032,"Conceição do Coité",2910,"Feira de Santana",29,"Bahia","BA",2,"Nordeste"
2908507,"Conceição do Jacuípe",29012,"Feira de Santana",2903,"Centro Norte Baiano",290029,"Feira de Santana",2910,"Feira de Santana",29,"Bahia","BA",2,"Nordeste"
2908606,"Conde",29018,"Entre Rios",2904,"Nordeste Baiano",290002,"Alagoinhas",2901,"Salvador",29,"Bahia","BA",2,"Nordeste"
2908705,"Condeúba",29027,"Brumado",2906,"Centro Sul Baiano",290011,"Vitória da Conquista",2904,"Vitória da Conquista",29,"Bahia","BA",2,"Nordeste"
2908804,"Contendas do Sincorá",29023,"Seabra",2906,"Centro Sul Baiano",290011,"Vitória da Conquista",2904,"Vitória da Conquista",29,"Bahia","BA",2,"Nordeste"
2908903,"Coração de Maria",29012,"Feira de Santana",2903,"Centro Norte Baiano",290029,"Feira de Santana",2910,"Feira de Santana",29,"Bahia","BA",2,"Nordeste"
2909000,"Cordeiros",29027,"Brumado",2906,"Centro Sul Baiano",290011,"Vitória da Conquista",2904,"Vitória da Conquista",29,"Bahia","BA",2,"Nordeste"
2909109,"Coribe",29003,"Santa Maria da Vitória",2901,"Extremo Oeste Baiano",290019,"Santa Maria da Vitoria",2906,"Barreiras",29,"Bahia","BA",2,"Nordeste"
2909208,"Coronel João Sá",29013,"Jeremoabo",2904,"Nordeste Baiano",290028,"Jeremoabo",2909,"Paulo Afonso",29,"Bahia","BA",2,"Nordeste"
2909307,"Correntina",29003,"Santa Maria da Vitória",2901,"Extremo Oeste Baiano",290019,"Santa Maria da Vitoria",2906,"Barreiras",29,"Bahia","BA",2,"Nordeste"
2909406,"Cotegipe",29002,"Cotegipe",2901,"Extremo Oeste Baiano",290018,"Barreiras",2906,"Barreiras",29,"Bahia","BA",2,"Nordeste"
2909505,"Cravolândia",29024,"Jequié",2906,"Centro Sul Baiano",290012,"Jequié",2904,"Vitória da Conquista",29,"Bahia","BA",2,"Nordeste"
2909604,"Crisópolis",29017,"Alagoinhas",2904,"Nordeste Baiano",290002,"Alagoinhas",2901,"Salvador",29,"Bahia","BA",2,"Nordeste"
2909703,"Cristópolis",29002,"Cotegipe",2901,"Extremo Oeste Baiano",290018,"Barreiras",2906,"Barreiras",29,"Bahia","BA",2,"Nordeste"
2909802,"Cruz das Almas",29020,"Santo Antônio de Jesus",2905,"Metropolitana de Salvador",290004,"Cruz das Almas",2902,"Santo Antônio de Jesus",29,"Bahia","BA",2,"Nordeste"
2909901,"Curaçá",29004,"Juazeiro",2902,"Vale São-Franciscano da Bahia",290022,"Juazeiro",2908,"Juazeiro",29,"Bahia","BA",2,"Nordeste"
2910008,"Dário Meira",29028,"Vitória da Conquista",2906,"Centro Sul Baiano",290014,"Ipiaú",2904,"Vitória da Conquista",29,"Bahia","BA",2,"Nordeste"
2910057,"Dias d'Ávila",29021,"Salvador",2905,"Metropolitana de Salvador",290001,"Salvador",2901,"Salvador",29,"Bahia","BA",2,"Nordeste"
2910107,"Dom Basílio",29025,"Livramento do Brumado",2906,"Centro Sul Baiano",290013,"Brumado",2904,"Vitória da Conquista",29,"Bahia","BA",2,"Nordeste"
2910206,"Dom Macedo Costa",29020,"Santo Antônio de Jesus",2905,"Metropolitana de Salvador",290003,"Santo Antônio de Jesus",2902,"Santo Antônio de Jesus",29,"Bahia","BA",2,"Nordeste"
2910305,"Elísio Medrado",29012,"Feira de Santana",2903,"Centro Norte Baiano",290003,"Santo Antônio de Jesus",2902,"Santo Antônio de Jesus",29,"Bahia","BA",2,"Nordeste"
2910404,"Encruzilhada",29029,"Itapetinga",2906,"Centro Sul Baiano",290011,"Vitória da Conquista",2904,"Vitória da Conquista",29,"Bahia","BA",2,"Nordeste"
2910503,"Entre Rios",29018,"Entre Rios",2904,"Nordeste Baiano",290002,"Alagoinhas",2901,"Salvador",29,"Bahia","BA",2,"Nordeste"
2910602,"Esplanada",29018,"Entre Rios",2904,"Nordeste Baiano",290002,"Alagoinhas",2901,"Salvador",29,"Bahia","BA",2,"Nordeste"
2910701,"Euclides da Cunha",29014,"Euclides da Cunha",2904,"Nordeste Baiano",290026,"Euclides da Cunha",2909,"Paulo Afonso",29,"Bahia","BA",2,"Nordeste"
2910727,"Eunápolis",29032,"Porto Seguro",2907,"Sul Baiano",290009,"Eunápolis - Porto Seguro",2903,"Ilhéus ¿ Itabuna",29,"Bahia","BA",2,"Nordeste"
2910750,"Fátima",29015,"Ribeira do Pombal",2904,"Nordeste Baiano",290027,"Cícero Dantas",2909,"Paulo Afonso",29,"Bahia","BA",2,"Nordeste"
2910776,"Feira da Mata",29007,"Bom Jesus da Lapa",2902,"Vale São-Franciscano da Bahia",290016,"Guanambi",2905,"Guanambi",29,"Bahia","BA",2,"Nordeste"
2910800,"Feira de Santana",29012,"Feira de Santana",2903,"Centro Norte Baiano",290029,"Feira de Santana",2910,"Feira de Santana",29,"Bahia","BA",2,"Nordeste"
2910859,"Filadélfia",29008,"Senhor do Bonfim",2903,"Centro Norte Baiano",290023,"Senhor do Bonfim",2908,"Juazeiro",29,"Bahia","BA",2,"Nordeste"
2910909,"Firmino Alves",29031,"Ilhéus-Itabuna",2907,"Sul Baiano",290007,"Ilhéus ¿ Itabuna",2903,"Ilhéus ¿ Itabuna",29,"Bahia","BA",2,"Nordeste"
2911006,"Floresta Azul",29031,"Ilhéus-Itabuna",2907,"Sul Baiano",290007,"Ilhéus ¿ Itabuna",2903,"Ilhéus ¿ Itabuna",29,"Bahia","BA",2,"Nordeste"
2911105,"Formosa do Rio Preto",29001,"Barreiras",2901,"Extremo Oeste Baiano",290018,"Barreiras",2906,"Barreiras",29,"Bahia","BA",2,"Nordeste"
2911204,"Gandu",29031,"Ilhéus-Itabuna",2907,"Sul Baiano",290014,"Ipiaú",2904,"Vitória da Conquista",29,"Bahia","BA",2,"Nordeste"
2911253,"Gavião",29016,"Serrinha",2904,"Nordeste Baiano",290029,"Feira de Santana",2910,"Feira de Santana",29,"Bahia","BA",2,"Nordeste"
2911303,"Gentio do Ouro",29009,"Irecê",2903,"Centro Norte Baiano",290021,"Xique-Xique ¿ Barra",2907,"Irecê",29,"Bahia","BA",2,"Nordeste"
2911402,"Glória",29005,"Paulo Afonso",2902,"Vale São-Franciscano da Bahia",290024,"Paulo Afonso",2909,"Paulo Afonso",29,"Bahia","BA",2,"Nordeste"
2911501,"Gongogi",29031,"Ilhéus-Itabuna",2907,"Sul Baiano",290014,"Ipiaú",2904,"Vitória da Conquista",29,"Bahia","BA",2,"Nordeste"
2911600,"Governador Mangabeira",29020,"Santo Antônio de Jesus",2905,"Metropolitana de Salvador",290004,"Cruz das Almas",2902,"Santo Antônio de Jesus",29,"Bahia","BA",2,"Nordeste"
2911659,"Guajeru",29027,"Brumado",2906,"Centro Sul Baiano",290016,"Guanambi",2905,"Guanambi",29,"Bahia","BA",2,"Nordeste"
2911709,"Guanambi",29026,"Guanambi",2906,"Centro Sul Baiano",290016,"Guanambi",2905,"Guanambi",29,"Bahia","BA",2,"Nordeste"
2911808,"Guaratinga",29032,"Porto Seguro",2907,"Sul Baiano",290009,"Eunápolis - Porto Seguro",2903,"Ilhéus ¿ Itabuna",29,"Bahia","BA",2,"Nordeste"
2911857,"Heliópolis",29015,"Ribeira do Pombal",2904,"Nordeste Baiano",290027,"Cícero Dantas",2909,"Paulo Afonso",29,"Bahia","BA",2,"Nordeste"
2911907,"Iaçu",29011,"Itaberaba",2903,"Centro Norte Baiano",290031,"Itaberaba",2910,"Feira de Santana",29,"Bahia","BA",2,"Nordeste"
2912004,"Ibiassucê",29026,"Guanambi",2906,"Centro Sul Baiano",290016,"Guanambi",2905,"Guanambi",29,"Bahia","BA",2,"Nordeste"
2912103,"Ibicaraí",29031,"Ilhéus-Itabuna",2907,"Sul Baiano",290007,"Ilhéus ¿ Itabuna",2903,"Ilhéus ¿ Itabuna",29,"Bahia","BA",2,"Nordeste"
2912202,"Ibicoara",29023,"Seabra",2906,"Centro Sul Baiano",290011,"Vitória da Conquista",2904,"Vitória da Conquista",29,"Bahia","BA",2,"Nordeste"
2912301,"Ibicuí",29028,"Vitória da Conquista",2906,"Centro Sul Baiano",290007,"Ilhéus ¿ Itabuna",2903,"Ilhéus ¿ Itabuna",29,"Bahia","BA",2,"Nordeste"
2912400,"Ibipeba",29009,"Irecê",2903,"Centro Norte Baiano",290020,"Irecê",2907,"Irecê",29,"Bahia","BA",2,"Nordeste"
2912509,"Ibipitanga",29022,"Boquira",2906,"Centro Sul Baiano",290017,"Bom Jesus da Lapa",2905,"Guanambi",29,"Bahia","BA",2,"Nordeste"
2912608,"Ibiquera",29011,"Itaberaba",2903,"Centro Norte Baiano",290031,"Itaberaba",2910,"Feira de Santana",29,"Bahia","BA",2,"Nordeste"
2912707,"Ibirapitanga",29031,"Ilhéus-Itabuna",2907,"Sul Baiano",290007,"Ilhéus ¿ Itabuna",2903,"Ilhéus ¿ Itabuna",29,"Bahia","BA",2,"Nordeste"
2912806,"Ibirapuã",29032,"Porto Seguro",2907,"Sul Baiano",290008,"Teixeira de Freitas",2903,"Ilhéus ¿ Itabuna",29,"Bahia","BA",2,"Nordeste"
2912905,"Ibirataia",29031,"Ilhéus-Itabuna",2907,"Sul Baiano",290014,"Ipiaú",2904,"Vitória da Conquista",29,"Bahia","BA",2,"Nordeste"
2913002,"Ibitiara",29022,"Boquira",2906,"Centro Sul Baiano",290034,"Seabra",2910,"Feira de Santana",29,"Bahia","BA",2,"Nordeste"
2913101,"Ibititá",29009,"Irecê",2903,"Centro Norte Baiano",290020,"Irecê",2907,"Irecê",29,"Bahia","BA",2,"Nordeste"
2913200,"Ibotirama",29006,"Barra",2902,"Vale São-Franciscano da Bahia",290021,"Xique-Xique ¿ Barra",2907,"Irecê",29,"Bahia","BA",2,"Nordeste"
2913309,"Ichu",29016,"Serrinha",2904,"Nordeste Baiano",290029,"Feira de Santana",2910,"Feira de Santana",29,"Bahia","BA",2,"Nordeste"
2913408,"Igaporã",29026,"Guanambi",2906,"Centro Sul Baiano",290016,"Guanambi",2905,"Guanambi",29,"Bahia","BA",2,"Nordeste"
2913457,"Igrapiúna",29030,"Valença",2907,"Sul Baiano",290005,"Valença",2902,"Santo Antônio de Jesus",29,"Bahia","BA",2,"Nordeste"
2913507,"Iguaí",29028,"Vitória da Conquista",2906,"Centro Sul Baiano",290011,"Vitória da Conquista",2904,"Vitória da Conquista",29,"Bahia","BA",2,"Nordeste"
2913606,"Ilhéus",29031,"Ilhéus-Itabuna",2907,"Sul Baiano",290007,"Ilhéus ¿ Itabuna",2903,"Ilhéus ¿ Itabuna",29,"Bahia","BA",2,"Nordeste"
2913705,"Inhambupe",29017,"Alagoinhas",2904,"Nordeste Baiano",290002,"Alagoinhas",2901,"Salvador",29,"Bahia","BA",2,"Nordeste"
2913804,"Ipecaetá",29012,"Feira de Santana",2903,"Centro Norte Baiano",290029,"Feira de Santana",2910,"Feira de Santana",29,"Bahia","BA",2,"Nordeste"
2913903,"Ipiaú",29031,"Ilhéus-Itabuna",2907,"Sul Baiano",290014,"Ipiaú",2904,"Vitória da Conquista",29,"Bahia","BA",2,"Nordeste"
2914000,"Ipirá",29012,"Feira de Santana",2903,"Centro Norte Baiano",290029,"Feira de Santana",2910,"Feira de Santana",29,"Bahia","BA",2,"Nordeste"
2914109,"Ipupiara",29022,"Boquira",2906,"Centro Sul Baiano",290021,"Xique-Xique ¿ Barra",2907,"Irecê",29,"Bahia","BA",2,"Nordeste"
2914208,"Irajuba",29024,"Jequié",2906,"Centro Sul Baiano",290012,"Jequié",2904,"Vitória da Conquista",29,"Bahia","BA",2,"Nordeste"
2914307,"Iramaia",29024,"Jequié",2906,"Centro Sul Baiano",290011,"Vitória da Conquista",2904,"Vitória da Conquista",29,"Bahia","BA",2,"Nordeste"
2914406,"Iraquara",29009,"Irecê",2903,"Centro Norte Baiano",290034,"Seabra",2910,"Feira de Santana",29,"Bahia","BA",2,"Nordeste"
2914505,"Irará",29012,"Feira de Santana",2903,"Centro Norte Baiano",290029,"Feira de Santana",2910,"Feira de Santana",29,"Bahia","BA",2,"Nordeste"
2914604,"Irecê",29009,"Irecê",2903,"Centro Norte Baiano",290020,"Irecê",2907,"Irecê",29,"Bahia","BA",2,"Nordeste"
2914653,"Itabela",29032,"Porto Seguro",2907,"Sul Baiano",290009,"Eunápolis - Porto Seguro",2903,"Ilhéus ¿ Itabuna",29,"Bahia","BA",2,"Nordeste"
2914703,"Itaberaba",29011,"Itaberaba",2903,"Centro Norte Baiano",290031,"Itaberaba",2910,"Feira de Santana",29,"Bahia","BA",2,"Nordeste"
2914802,"Itabuna",29031,"Ilhéus-Itabuna",2907,"Sul Baiano",290007,"Ilhéus ¿ Itabuna",2903,"Ilhéus ¿ Itabuna",29,"Bahia","BA",2,"Nordeste"
2914901,"Itacaré",29031,"Ilhéus-Itabuna",2907,"Sul Baiano",290007,"Ilhéus ¿ Itabuna",2903,"Ilhéus ¿ Itabuna",29,"Bahia","BA",2,"Nordeste"
2915007,"Itaeté",29023,"Seabra",2906,"Centro Sul Baiano",290031,"Itaberaba",2910,"Feira de Santana",29,"Bahia","BA",2,"Nordeste"
2915106,"Itagi",29024,"Jequié",2906,"Centro Sul Baiano",290012,"Jequié",2904,"Vitória da Conquista",29,"Bahia","BA",2,"Nordeste"
2915205,"Itagibá",29031,"Ilhéus-Itabuna",2907,"Sul Baiano",290014,"Ipiaú",2904,"Vitória da Conquista",29,"Bahia","BA",2,"Nordeste"
2915304,"Itagimirim",29032,"Porto Seguro",2907,"Sul Baiano",290009,"Eunápolis - Porto Seguro",2903,"Ilhéus ¿ Itabuna",29,"Bahia","BA",2,"Nordeste"
2915353,"Itaguaçu da Bahia",29006,"Barra",2902,"Vale São-Franciscano da Bahia",290020,"Irecê",2907,"Irecê",29,"Bahia","BA",2,"Nordeste"
2915403,"Itaju do Colônia",29031,"Ilhéus-Itabuna",2907,"Sul Baiano",290007,"Ilhéus ¿ Itabuna",2903,"Ilhéus ¿ Itabuna",29,"Bahia","BA",2,"Nordeste"
2915502,"Itajuípe",29031,"Ilhéus-Itabuna",2907,"Sul Baiano",290007,"Ilhéus ¿ Itabuna",2903,"Ilhéus ¿ Itabuna",29,"Bahia","BA",2,"Nordeste"
2915601,"Itamaraju",29032,"Porto Seguro",2907,"Sul Baiano",290008,"Teixeira de Freitas",2903,"Ilhéus ¿ Itabuna",29,"Bahia","BA",2,"Nordeste"
2915700,"Itamari",29031,"Ilhéus-Itabuna",2907,"Sul Baiano",290014,"Ipiaú",2904,"Vitória da Conquista",29,"Bahia","BA",2,"Nordeste"
2915809,"Itambé",29029,"Itapetinga",2906,"Centro Sul Baiano",290011,"Vitória da Conquista",2904,"Vitória da Conquista",29,"Bahia","BA",2,"Nordeste"
2915908,"Itanagra",29019,"Catu",2905,"Metropolitana de Salvador",290001,"Salvador",2901,"Salvador",29,"Bahia","BA",2,"Nordeste"
2916005,"Itanhém",29032,"Porto Seguro",2907,"Sul Baiano",290008,"Teixeira de Freitas",2903,"Ilhéus ¿ Itabuna",29,"Bahia","BA",2,"Nordeste"
2916104,"Itaparica",29021,"Salvador",2905,"Metropolitana de Salvador",290006,"Nazaré ¿ Maragogipe",2902,"Santo Antônio de Jesus",29,"Bahia","BA",2,"Nordeste"
2916203,"Itapé",29031,"Ilhéus-Itabuna",2907,"Sul Baiano",290007,"Ilhéus ¿ Itabuna",2903,"Ilhéus ¿ Itabuna",29,"Bahia","BA",2,"Nordeste"
2916302,"Itapebi",29031,"Ilhéus-Itabuna",2907,"Sul Baiano",290009,"Eunápolis - Porto Seguro",2903,"Ilhéus ¿ Itabuna",29,"Bahia","BA",2,"Nordeste"
2916401,"Itapetinga",29029,"Itapetinga",2906,"Centro Sul Baiano",290015,"Itapetinga",2904,"Vitória da Conquista",29,"Bahia","BA",2,"Nordeste"
2916500,"Itapicuru",29015,"Ribeira do Pombal",2904,"Nordeste Baiano",290002,"Alagoinhas",2901,"Salvador",29,"Bahia","BA",2,"Nordeste"
2916609,"Itapitanga",29031,"Ilhéus-Itabuna",2907,"Sul Baiano",290007,"Ilhéus ¿ Itabuna",2903,"Ilhéus ¿ Itabuna",29,"Bahia","BA",2,"Nordeste"
2916708,"Itaquara",29024,"Jequié",2906,"Centro Sul Baiano",290012,"Jequié",2904,"Vitória da Conquista",29,"Bahia","BA",2,"Nordeste"
2916807,"Itarantim",29029,"Itapetinga",2906,"Centro Sul Baiano",290015,"Itapetinga",2904,"Vitória da Conquista",29,"Bahia","BA",2,"Nordeste"
2916856,"Itatim",29012,"Feira de Santana",2903,"Centro Norte Baiano",290004,"Cruz das Almas",2902,"Santo Antônio de Jesus",29,"Bahia","BA",2,"Nordeste"
2916906,"Itiruçu",29024,"Jequié",2906,"Centro Sul Baiano",290012,"Jequié",2904,"Vitória da Conquista",29,"Bahia","BA",2,"Nordeste"
2917003,"Itiúba",29008,"Senhor do Bonfim",2903,"Centro Norte Baiano",290023,"Senhor do Bonfim",2908,"Juazeiro",29,"Bahia","BA",2,"Nordeste"
2917102,"Itororó",29029,"Itapetinga",2906,"Centro Sul Baiano",290015,"Itapetinga",2904,"Vitória da Conquista",29,"Bahia","BA",2,"Nordeste"
2917201,"Ituaçu",29027,"Brumado",2906,"Centro Sul Baiano",290011,"Vitória da Conquista",2904,"Vitória da Conquista",29,"Bahia","BA",2,"Nordeste"
2917300,"Ituberá",29030,"Valença",2907,"Sul Baiano",290005,"Valença",2902,"Santo Antônio de Jesus",29,"Bahia","BA",2,"Nordeste"
2917334,"Iuiu",29026,"Guanambi",2906,"Centro Sul Baiano",290016,"Guanambi",2905,"Guanambi",29,"Bahia","BA",2,"Nordeste"
2917359,"Jaborandi",29003,"Santa Maria da Vitória",2901,"Extremo Oeste Baiano",290019,"Santa Maria da Vitoria",2906,"Barreiras",29,"Bahia","BA",2,"Nordeste"
2917409,"Jacaraci",29026,"Guanambi",2906,"Centro Sul Baiano",290016,"Guanambi",2905,"Guanambi",29,"Bahia","BA",2,"Nordeste"
2917508,"Jacobina",29010,"Jacobina",2903,"Centro Norte Baiano",290030,"Jacobina",2910,"Feira de Santana",29,"Bahia","BA",2,"Nordeste"
2917607,"Jaguaquara",29024,"Jequié",2906,"Centro Sul Baiano",290012,"Jequié",2904,"Vitória da Conquista",29,"Bahia","BA",2,"Nordeste"
2917706,"Jaguarari",29008,"Senhor do Bonfim",2903,"Centro Norte Baiano",290023,"Senhor do Bonfim",2908,"Juazeiro",29,"Bahia","BA",2,"Nordeste"
2917805,"Jaguaripe",29020,"Santo Antônio de Jesus",2905,"Metropolitana de Salvador",290006,"Nazaré ¿ Maragogipe",2902,"Santo Antônio de Jesus",29,"Bahia","BA",2,"Nordeste"
2917904,"Jandaíra",29018,"Entre Rios",2904,"Nordeste Baiano",290002,"Alagoinhas",2901,"Salvador",29,"Bahia","BA",2,"Nordeste"
2918001,"Jequié",29024,"Jequié",2906,"Centro Sul Baiano",290012,"Jequié",2904,"Vitória da Conquista",29,"Bahia","BA",2,"Nordeste"
2918100,"Jeremoabo",29013,"Jeremoabo",2904,"Nordeste Baiano",290028,"Jeremoabo",2909,"Paulo Afonso",29,"Bahia","BA",2,"Nordeste"
2918209,"Jiquiriçá",29024,"Jequié",2906,"Centro Sul Baiano",290003,"Santo Antônio de Jesus",2902,"Santo Antônio de Jesus",29,"Bahia","BA",2,"Nordeste"
2918308,"Jitaúna",29024,"Jequié",2906,"Centro Sul Baiano",290012,"Jequié",2904,"Vitória da Conquista",29,"Bahia","BA",2,"Nordeste"
2918357,"João Dourado",29009,"Irecê",2903,"Centro Norte Baiano",290020,"Irecê",2907,"Irecê",29,"Bahia","BA",2,"Nordeste"
2918407,"Juazeiro",29004,"Juazeiro",2902,"Vale São-Franciscano da Bahia",290022,"Juazeiro",2908,"Juazeiro",29,"Bahia","BA",2,"Nordeste"
2918456,"Jucuruçu",29032,"Porto Seguro",2907,"Sul Baiano",290008,"Teixeira de Freitas",2903,"Ilhéus ¿ Itabuna",29,"Bahia","BA",2,"Nordeste"
2918506,"Jussara",29009,"Irecê",2903,"Centro Norte Baiano",290020,"Irecê",2907,"Irecê",29,"Bahia","BA",2,"Nordeste"
2918555,"Jussari",29031,"Ilhéus-Itabuna",2907,"Sul Baiano",290010,"Camacan",2903,"Ilhéus ¿ Itabuna",29,"Bahia","BA",2,"Nordeste"
2918605,"Jussiape",29023,"Seabra",2906,"Centro Sul Baiano",290013,"Brumado",2904,"Vitória da Conquista",29,"Bahia","BA",2,"Nordeste"
2918704,"Lafaiete Coutinho",29024,"Jequié",2906,"Centro Sul Baiano",290012,"Jequié",2904,"Vitória da Conquista",29,"Bahia","BA",2,"Nordeste"
2918753,"Lagoa Real",29026,"Guanambi",2906,"Centro Sul Baiano",290016,"Guanambi",2905,"Guanambi",29,"Bahia","BA",2,"Nordeste"
2918803,"Laje",29024,"Jequié",2906,"Centro Sul Baiano",290003,"Santo Antônio de Jesus",2902,"Santo Antônio de Jesus",29,"Bahia","BA",2,"Nordeste"
2918902,"Lajedão",29032,"Porto Seguro",2907,"Sul Baiano",290008,"Teixeira de Freitas",2903,"Ilhéus ¿ Itabuna",29,"Bahia","BA",2,"Nordeste"
2919009,"Lajedinho",29011,"Itaberaba",2903,"Centro Norte Baiano",290031,"Itaberaba",2910,"Feira de Santana",29,"Bahia","BA",2,"Nordeste"
2919058,"Lajedo do Tabocal",29024,"Jequié",2906,"Centro Sul Baiano",290012,"Jequié",2904,"Vitória da Conquista",29,"Bahia","BA",2,"Nordeste"
2919108,"Lamarão",29016,"Serrinha",2904,"Nordeste Baiano",290029,"Feira de Santana",2910,"Feira de Santana",29,"Bahia","BA",2,"Nordeste"
2919157,"Lapão",29009,"Irecê",2903,"Centro Norte Baiano",290020,"Irecê",2907,"Irecê",29,"Bahia","BA",2,"Nordeste"
2919207,"Lauro de Freitas",29021,"Salvador",2905,"Metropolitana de Salvador",290001,"Salvador",2901,"Salvador",29,"Bahia","BA",2,"Nordeste"
2919306,"Lençóis",29023,"Seabra",2906,"Centro Sul Baiano",290034,"Seabra",2910,"Feira de Santana",29,"Bahia","BA",2,"Nordeste"
2919405,"Licínio de Almeida",29026,"Guanambi",2906,"Centro Sul Baiano",290016,"Guanambi",2905,"Guanambi",29,"Bahia","BA",2,"Nordeste"
2919504,"Livramento de Nossa Senhora",29025,"Livramento do Brumado",2906,"Centro Sul Baiano",290013,"Brumado",2904,"Vitória da Conquista",29,"Bahia","BA",2,"Nordeste"
2919553,"Luís Eduardo Magalhães",29001,"Barreiras",2901,"Extremo Oeste Baiano",290018,"Barreiras",2906,"Barreiras",29,"Bahia","BA",2,"Nordeste"
2919603,"Macajuba",29011,"Itaberaba",2903,"Centro Norte Baiano",290029,"Feira de Santana",2910,"Feira de Santana",29,"Bahia","BA",2,"Nordeste"
2919702,"Macarani",29029,"Itapetinga",2906,"Centro Sul Baiano",290015,"Itapetinga",2904,"Vitória da Conquista",29,"Bahia","BA",2,"Nordeste"
2919801,"Macaúbas",29022,"Boquira",2906,"Centro Sul Baiano",290017,"Bom Jesus da Lapa",2905,"Guanambi",29,"Bahia","BA",2,"Nordeste"
2919900,"Macururé",29005,"Paulo Afonso",2902,"Vale São-Franciscano da Bahia",290024,"Paulo Afonso",2909,"Paulo Afonso",29,"Bahia","BA",2,"Nordeste"
2919926,"Madre de Deus",29021,"Salvador",2905,"Metropolitana de Salvador",290001,"Salvador",2901,"Salvador",29,"Bahia","BA",2,"Nordeste"
2919959,"Maetinga",29027,"Brumado",2906,"Centro Sul Baiano",290011,"Vitória da Conquista",2904,"Vitória da Conquista",29,"Bahia","BA",2,"Nordeste"
2920007,"Maiquinique",29029,"Itapetinga",2906,"Centro Sul Baiano",290015,"Itapetinga",2904,"Vitória da Conquista",29,"Bahia","BA",2,"Nordeste"
2920106,"Mairi",29011,"Itaberaba",2903,"Centro Norte Baiano",290029,"Feira de Santana",2910,"Feira de Santana",29,"Bahia","BA",2,"Nordeste"
2920205,"Malhada",29026,"Guanambi",2906,"Centro Sul Baiano",290016,"Guanambi",2905,"Guanambi",29,"Bahia","BA",2,"Nordeste"
2920304,"Malhada de Pedras",29027,"Brumado",2906,"Centro Sul Baiano",290013,"Brumado",2904,"Vitória da Conquista",29,"Bahia","BA",2,"Nordeste"
2920403,"Manoel Vitorino",29028,"Vitória da Conquista",2906,"Centro Sul Baiano",290012,"Jequié",2904,"Vitória da Conquista",29,"Bahia","BA",2,"Nordeste"
2920452,"Mansidão",29002,"Cotegipe",2901,"Extremo Oeste Baiano",290018,"Barreiras",2906,"Barreiras",29,"Bahia","BA",2,"Nordeste"
2920502,"Maracás",29024,"Jequié",2906,"Centro Sul Baiano",290012,"Jequié",2904,"Vitória da Conquista",29,"Bahia","BA",2,"Nordeste"
2920601,"Maragogipe",29020,"Santo Antônio de Jesus",2905,"Metropolitana de Salvador",290006,"Nazaré ¿ Maragogipe",2902,"Santo Antônio de Jesus",29,"Bahia","BA",2,"Nordeste"
2920700,"Maraú",29030,"Valença",2907,"Sul Baiano",290007,"Ilhéus ¿ Itabuna",2903,"Ilhéus ¿ Itabuna",29,"Bahia","BA",2,"Nordeste"
2920809,"Marcionílio Souza",29024,"Jequié",2906,"Centro Sul Baiano",290031,"Itaberaba",2910,"Feira de Santana",29,"Bahia","BA",2,"Nordeste"
2920908,"Mascote",29031,"Ilhéus-Itabuna",2907,"Sul Baiano",290010,"Camacan",2903,"Ilhéus ¿ Itabuna",29,"Bahia","BA",2,"Nordeste"
2921005,"Mata de São João",29019,"Catu",2905,"Metropolitana de Salvador",290001,"Salvador",2901,"Salvador",29,"Bahia","BA",2,"Nordeste"
2921054,"Matina",29026,"Guanambi",2906,"Centro Sul Baiano",290016,"Guanambi",2905,"Guanambi",29,"Bahia","BA",2,"Nordeste"
2921104,"Medeiros Neto",29032,"Porto Seguro",2907,"Sul Baiano",290008,"Teixeira de Freitas",2903,"Ilhéus ¿ Itabuna",29,"Bahia","BA",2,"Nordeste"
2921203,"Miguel Calmon",29010,"Jacobina",2903,"Centro Norte Baiano",290030,"Jacobina",2910,"Feira de Santana",29,"Bahia","BA",2,"Nordeste"
2921302,"Milagres",29024,"Jequié",2906,"Centro Sul Baiano",290003,"Santo Antônio de Jesus",2902,"Santo Antônio de Jesus",29,"Bahia","BA",2,"Nordeste"
2921401,"Mirangaba",29010,"Jacobina",2903,"Centro Norte Baiano",290030,"Jacobina",2910,"Feira de Santana",29,"Bahia","BA",2,"Nordeste"
2921450,"Mirante",29028,"Vitória da Conquista",2906,"Centro Sul Baiano",290011,"Vitória da Conquista",2904,"Vitória da Conquista",29,"Bahia","BA",2,"Nordeste"
2921500,"Monte Santo",29014,"Euclides da Cunha",2904,"Nordeste Baiano",290026,"Euclides da Cunha",2909,"Paulo Afonso",29,"Bahia","BA",2,"Nordeste"
2921609,"Morpará",29006,"Barra",2902,"Vale São-Franciscano da Bahia",290021,"Xique-Xique ¿ Barra",2907,"Irecê",29,"Bahia","BA",2,"Nordeste"
2921708,"Morro do Chapéu",29010,"Jacobina",2903,"Centro Norte Baiano",290020,"Irecê",2907,"Irecê",29,"Bahia","BA",2,"Nordeste"
2921807,"Mortugaba",29026,"Guanambi",2906,"Centro Sul Baiano",290016,"Guanambi",2905,"Guanambi",29,"Bahia","BA",2,"Nordeste"
2921906,"Mucugê",29023,"Seabra",2906,"Centro Sul Baiano",290034,"Seabra",2910,"Feira de Santana",29,"Bahia","BA",2,"Nordeste"
2922003,"Mucuri",29032,"Porto Seguro",2907,"Sul Baiano",290008,"Teixeira de Freitas",2903,"Ilhéus ¿ Itabuna",29,"Bahia","BA",2,"Nordeste"
2922052,"Mulungu do Morro",29009,"Irecê",2903,"Centro Norte Baiano",290020,"Irecê",2907,"Irecê",29,"Bahia","BA",2,"Nordeste"
2922102,"Mundo Novo",29011,"Itaberaba",2903,"Centro Norte Baiano",290029,"Feira de Santana",2910,"Feira de Santana",29,"Bahia","BA",2,"Nordeste"
2922201,"Muniz Ferreira",29020,"Santo Antônio de Jesus",2905,"Metropolitana de Salvador",290003,"Santo Antônio de Jesus",2902,"Santo Antônio de Jesus",29,"Bahia","BA",2,"Nordeste"
2922250,"Muquém do São Francisco",29006,"Barra",2902,"Vale São-Franciscano da Bahia",290021,"Xique-Xique ¿ Barra",2907,"Irecê",29,"Bahia","BA",2,"Nordeste"
2922300,"Muritiba",29020,"Santo Antônio de Jesus",2905,"Metropolitana de Salvador",290004,"Cruz das Almas",2902,"Santo Antônio de Jesus",29,"Bahia","BA",2,"Nordeste"
2922409,"Mutuípe",29024,"Jequié",2906,"Centro Sul Baiano",290003,"Santo Antônio de Jesus",2902,"Santo Antônio de Jesus",29,"Bahia","BA",2,"Nordeste"
2922508,"Nazaré",29020,"Santo Antônio de Jesus",2905,"Metropolitana de Salvador",290006,"Nazaré ¿ Maragogipe",2902,"Santo Antônio de Jesus",29,"Bahia","BA",2,"Nordeste"
2922607,"Nilo Peçanha",29030,"Valença",2907,"Sul Baiano",290005,"Valença",2902,"Santo Antônio de Jesus",29,"Bahia","BA",2,"Nordeste"
2922656,"Nordestina",29014,"Euclides da Cunha",2904,"Nordeste Baiano",290032,"Conceição do Coité",2910,"Feira de Santana",29,"Bahia","BA",2,"Nordeste"
2922706,"Nova Canaã",29028,"Vitória da Conquista",2906,"Centro Sul Baiano",290011,"Vitória da Conquista",2904,"Vitória da Conquista",29,"Bahia","BA",2,"Nordeste"
2922730,"Nova Fátima",29016,"Serrinha",2904,"Nordeste Baiano",290029,"Feira de Santana",2910,"Feira de Santana",29,"Bahia","BA",2,"Nordeste"
2922755,"Nova Ibiá",29031,"Ilhéus-Itabuna",2907,"Sul Baiano",290014,"Ipiaú",2904,"Vitória da Conquista",29,"Bahia","BA",2,"Nordeste"
2922805,"Nova Itarana",29024,"Jequié",2906,"Centro Sul Baiano",290003,"Santo Antônio de Jesus",2902,"Santo Antônio de Jesus",29,"Bahia","BA",2,"Nordeste"
2922854,"Nova Redenção",29023,"Seabra",2906,"Centro Sul Baiano",290031,"Itaberaba",2910,"Feira de Santana",29,"Bahia","BA",2,"Nordeste"
2922904,"Nova Soure",29015,"Ribeira do Pombal",2904,"Nordeste Baiano",290025,"Ribeira do Pombal",2909,"Paulo Afonso",29,"Bahia","BA",2,"Nordeste"
2923001,"Nova Viçosa",29032,"Porto Seguro",2907,"Sul Baiano",290008,"Teixeira de Freitas",2903,"Ilhéus ¿ Itabuna",29,"Bahia","BA",2,"Nordeste"
2923035,"Novo Horizonte",29022,"Boquira",2906,"Centro Sul Baiano",290034,"Seabra",2910,"Feira de Santana",29,"Bahia","BA",2,"Nordeste"
2923050,"Novo Triunfo",29015,"Ribeira do Pombal",2904,"Nordeste Baiano",290028,"Jeremoabo",2909,"Paulo Afonso",29,"Bahia","BA",2,"Nordeste"
2923100,"Olindina",29015,"Ribeira do Pombal",2904,"Nordeste Baiano",290025,"Ribeira do Pombal",2909,"Paulo Afonso",29,"Bahia","BA",2,"Nordeste"
2923209,"Oliveira dos Brejinhos",29022,"Boquira",2906,"Centro Sul Baiano",290021,"Xique-Xique ¿ Barra",2907,"Irecê",29,"Bahia","BA",2,"Nordeste"
2923308,"Ouriçangas",29012,"Feira de Santana",2903,"Centro Norte Baiano",290029,"Feira de Santana",2910,"Feira de Santana",29,"Bahia","BA",2,"Nordeste"
2923357,"Ourolândia",29010,"Jacobina",2903,"Centro Norte Baiano",290030,"Jacobina",2910,"Feira de Santana",29,"Bahia","BA",2,"Nordeste"
2923407,"Palmas de Monte Alto",29026,"Guanambi",2906,"Centro Sul Baiano",290016,"Guanambi",2905,"Guanambi",29,"Bahia","BA",2,"Nordeste"
2923506,"Palmeiras",29023,"Seabra",2906,"Centro Sul Baiano",290034,"Seabra",2910,"Feira de Santana",29,"Bahia","BA",2,"Nordeste"
2923605,"Paramirim",29025,"Livramento do Brumado",2906,"Centro Sul Baiano",290013,"Brumado",2904,"Vitória da Conquista",29,"Bahia","BA",2,"Nordeste"
2923704,"Paratinga",29007,"Bom Jesus da Lapa",2902,"Vale São-Franciscano da Bahia",290017,"Bom Jesus da Lapa",2905,"Guanambi",29,"Bahia","BA",2,"Nordeste"
2923803,"Paripiranga",29015,"Ribeira do Pombal",2904,"Nordeste Baiano",290027,"Cícero Dantas",2909,"Paulo Afonso",29,"Bahia","BA",2,"Nordeste"
2923902,"Pau Brasil",29031,"Ilhéus-Itabuna",2907,"Sul Baiano",290010,"Camacan",2903,"Ilhéus ¿ Itabuna",29,"Bahia","BA",2,"Nordeste"
2924009,"Paulo Afonso",29005,"Paulo Afonso",2902,"Vale São-Franciscano da Bahia",290024,"Paulo Afonso",2909,"Paulo Afonso",29,"Bahia","BA",2,"Nordeste"
2924058,"Pé de Serra",29016,"Serrinha",2904,"Nordeste Baiano",290029,"Feira de Santana",2910,"Feira de Santana",29,"Bahia","BA",2,"Nordeste"
2924108,"Pedrão",29012,"Feira de Santana",2903,"Centro Norte Baiano",290002,"Alagoinhas",2901,"Salvador",29,"Bahia","BA",2,"Nordeste"
2924207,"Pedro Alexandre",29013,"Jeremoabo",2904,"Nordeste Baiano",290028,"Jeremoabo",2909,"Paulo Afonso",29,"Bahia","BA",2,"Nordeste"
2924306,"Piatã",29023,"Seabra",2906,"Centro Sul Baiano",290034,"Seabra",2910,"Feira de Santana",29,"Bahia","BA",2,"Nordeste"
2924405,"Pilão Arcado",29004,"Juazeiro",2902,"Vale São-Franciscano da Bahia",290022,"Juazeiro",2908,"Juazeiro",29,"Bahia","BA",2,"Nordeste"
2924504,"Pindaí",29026,"Guanambi",2906,"Centro Sul Baiano",290016,"Guanambi",2905,"Guanambi",29,"Bahia","BA",2,"Nordeste"
2924603,"Pindobaçu",29008,"Senhor do Bonfim",2903,"Centro Norte Baiano",290023,"Senhor do Bonfim",2908,"Juazeiro",29,"Bahia","BA",2,"Nordeste"
2924652,"Pintadas",29012,"Feira de Santana",2903,"Centro Norte Baiano",290029,"Feira de Santana",2910,"Feira de Santana",29,"Bahia","BA",2,"Nordeste"
2924678,"Piraí do Norte",29030,"Valença",2907,"Sul Baiano",290014,"Ipiaú",2904,"Vitória da Conquista",29,"Bahia","BA",2,"Nordeste"
2924702,"Piripá",29027,"Brumado",2906,"Centro Sul Baiano",290011,"Vitória da Conquista",2904,"Vitória da Conquista",29,"Bahia","BA",2,"Nordeste"
2924801,"Piritiba",29010,"Jacobina",2903,"Centro Norte Baiano",290030,"Jacobina",2910,"Feira de Santana",29,"Bahia","BA",2,"Nordeste"
2924900,"Planaltino",29024,"Jequié",2906,"Centro Sul Baiano",290012,"Jequié",2904,"Vitória da Conquista",29,"Bahia","BA",2,"Nordeste"
2925006,"Planalto",29028,"Vitória da Conquista",2906,"Centro Sul Baiano",290011,"Vitória da Conquista",2904,"Vitória da Conquista",29,"Bahia","BA",2,"Nordeste"
2925105,"Poções",29028,"Vitória da Conquista",2906,"Centro Sul Baiano",290011,"Vitória da Conquista",2904,"Vitória da Conquista",29,"Bahia","BA",2,"Nordeste"
2925204,"Pojuca",29019,"Catu",2905,"Metropolitana de Salvador",290001,"Salvador",2901,"Salvador",29,"Bahia","BA",2,"Nordeste"
2925253,"Ponto Novo",29010,"Jacobina",2903,"Centro Norte Baiano",290023,"Senhor do Bonfim",2908,"Juazeiro",29,"Bahia","BA",2,"Nordeste"
2925303,"Porto Seguro",29032,"Porto Seguro",2907,"Sul Baiano",290009,"Eunápolis - Porto Seguro",2903,"Ilhéus ¿ Itabuna",29,"Bahia","BA",2,"Nordeste"
2925402,"Potiraguá",29029,"Itapetinga",2906,"Centro Sul Baiano",290015,"Itapetinga",2904,"Vitória da Conquista",29,"Bahia","BA",2,"Nordeste"
2925501,"Prado",29032,"Porto Seguro",2907,"Sul Baiano",290008,"Teixeira de Freitas",2903,"Ilhéus ¿ Itabuna",29,"Bahia","BA",2,"Nordeste"
2925600,"Presidente Dutra",29009,"Irecê",2903,"Centro Norte Baiano",290020,"Irecê",2907,"Irecê",29,"Bahia","BA",2,"Nordeste"
2925709,"Presidente Jânio Quadros",29027,"Brumado",2906,"Centro Sul Baiano",290011,"Vitória da Conquista",2904,"Vitória da Conquista",29,"Bahia","BA",2,"Nordeste"
2925758,"Presidente Tancredo Neves",29030,"Valença",2907,"Sul Baiano",290005,"Valença",2902,"Santo Antônio de Jesus",29,"Bahia","BA",2,"Nordeste"
2925808,"Queimadas",29014,"Euclides da Cunha",2904,"Nordeste Baiano",290032,"Conceição do Coité",2910,"Feira de Santana",29,"Bahia","BA",2,"Nordeste"
2925907,"Quijingue",29014,"Euclides da Cunha",2904,"Nordeste Baiano",290026,"Euclides da Cunha",2909,"Paulo Afonso",29,"Bahia","BA",2,"Nordeste"
2925931,"Quixabeira",29010,"Jacobina",2903,"Centro Norte Baiano",290030,"Jacobina",2910,"Feira de Santana",29,"Bahia","BA",2,"Nordeste"
2925956,"Rafael Jambeiro",29012,"Feira de Santana",2903,"Centro Norte Baiano",290029,"Feira de Santana",2910,"Feira de Santana",29,"Bahia","BA",2,"Nordeste"
2926004,"Remanso",29004,"Juazeiro",2902,"Vale São-Franciscano da Bahia",290022,"Juazeiro",2908,"Juazeiro",29,"Bahia","BA",2,"Nordeste"
2926103,"Retirolândia",29016,"Serrinha",2904,"Nordeste Baiano",290032,"Conceição do Coité",2910,"Feira de Santana",29,"Bahia","BA",2,"Nordeste"
2926202,"Riachão das Neves",29001,"Barreiras",2901,"Extremo Oeste Baiano",290018,"Barreiras",2906,"Barreiras",29,"Bahia","BA",2,"Nordeste"
2926301,"Riachão do Jacuípe",29016,"Serrinha",2904,"Nordeste Baiano",290029,"Feira de Santana",2910,"Feira de Santana",29,"Bahia","BA",2,"Nordeste"
2926400,"Riacho de Santana",29026,"Guanambi",2906,"Centro Sul Baiano",290016,"Guanambi",2905,"Guanambi",29,"Bahia","BA",2,"Nordeste"
2926509,"Ribeira do Amparo",29015,"Ribeira do Pombal",2904,"Nordeste Baiano",290025,"Ribeira do Pombal",2909,"Paulo Afonso",29,"Bahia","BA",2,"Nordeste"
2926608,"Ribeira do Pombal",29015,"Ribeira do Pombal",2904,"Nordeste Baiano",290025,"Ribeira do Pombal",2909,"Paulo Afonso",29,"Bahia","BA",2,"Nordeste"
2926657,"Ribeirão do Largo",29029,"Itapetinga",2906,"Centro Sul Baiano",290011,"Vitória da Conquista",2904,"Vitória da Conquista",29,"Bahia","BA",2,"Nordeste"
2926707,"Rio de Contas",29023,"Seabra",2906,"Centro Sul Baiano",290013,"Brumado",2904,"Vitória da Conquista",29,"Bahia","BA",2,"Nordeste"
2926806,"Rio do Antônio",29027,"Brumado",2906,"Centro Sul Baiano",290016,"Guanambi",2905,"Guanambi",29,"Bahia","BA",2,"Nordeste"
2926905,"Rio do Pires",29025,"Livramento do Brumado",2906,"Centro Sul Baiano",290013,"Brumado",2904,"Vitória da Conquista",29,"Bahia","BA",2,"Nordeste"
2927002,"Rio Real",29017,"Alagoinhas",2904,"Nordeste Baiano",290002,"Alagoinhas",2901,"Salvador",29,"Bahia","BA",2,"Nordeste"
2927101,"Rodelas",29005,"Paulo Afonso",2902,"Vale São-Franciscano da Bahia",290024,"Paulo Afonso",2909,"Paulo Afonso",29,"Bahia","BA",2,"Nordeste"
2927200,"Ruy Barbosa",29011,"Itaberaba",2903,"Centro Norte Baiano",290031,"Itaberaba",2910,"Feira de Santana",29,"Bahia","BA",2,"Nordeste"
2927309,"Salinas da Margarida",29020,"Santo Antônio de Jesus",2905,"Metropolitana de Salvador",290006,"Nazaré ¿ Maragogipe",2902,"Santo Antônio de Jesus",29,"Bahia","BA",2,"Nordeste"
2927408,"Salvador",29021,"Salvador",2905,"Metropolitana de Salvador",290001,"Salvador",2901,"Salvador",29,"Bahia","BA",2,"Nordeste"
2927507,"Santa Bárbara",29012,"Feira de Santana",2903,"Centro Norte Baiano",290029,"Feira de Santana",2910,"Feira de Santana",29,"Bahia","BA",2,"Nordeste"
2927606,"Santa Brígida",29013,"Jeremoabo",2904,"Nordeste Baiano",290024,"Paulo Afonso",2909,"Paulo Afonso",29,"Bahia","BA",2,"Nordeste"
2927705,"Santa Cruz Cabrália",29032,"Porto Seguro",2907,"Sul Baiano",290009,"Eunápolis - Porto Seguro",2903,"Ilhéus ¿ Itabuna",29,"Bahia","BA",2,"Nordeste"
2927804,"Santa Cruz da Vitória",29031,"Ilhéus-Itabuna",2907,"Sul Baiano",290007,"Ilhéus ¿ Itabuna",2903,"Ilhéus ¿ Itabuna",29,"Bahia","BA",2,"Nordeste"
2927903,"Santa Inês",29024,"Jequié",2906,"Centro Sul Baiano",290012,"Jequié",2904,"Vitória da Conquista",29,"Bahia","BA",2,"Nordeste"
2928000,"Santaluz",29016,"Serrinha",2904,"Nordeste Baiano",290032,"Conceição do Coité",2910,"Feira de Santana",29,"Bahia","BA",2,"Nordeste"
2928059,"Santa Luzia",29031,"Ilhéus-Itabuna",2907,"Sul Baiano",290010,"Camacan",2903,"Ilhéus ¿ Itabuna",29,"Bahia","BA",2,"Nordeste"
2928109,"Santa Maria da Vitória",29003,"Santa Maria da Vitória",2901,"Extremo Oeste Baiano",290019,"Santa Maria da Vitoria",2906,"Barreiras",29,"Bahia","BA",2,"Nordeste"
2928208,"Santana",29003,"Santa Maria da Vitória",2901,"Extremo Oeste Baiano",290018,"Barreiras",2906,"Barreiras",29,"Bahia","BA",2,"Nordeste"
2928307,"Santanópolis",29012,"Feira de Santana",2903,"Centro Norte Baiano",290029,"Feira de Santana",2910,"Feira de Santana",29,"Bahia","BA",2,"Nordeste"
2928406,"Santa Rita de Cássia",29002,"Cotegipe",2901,"Extremo Oeste Baiano",290018,"Barreiras",2906,"Barreiras",29,"Bahia","BA",2,"Nordeste"
2928505,"Santa Terezinha",29012,"Feira de Santana",2903,"Centro Norte Baiano",290004,"Cruz das Almas",2902,"Santo Antônio de Jesus",29,"Bahia","BA",2,"Nordeste"
2928604,"Santo Amaro",29020,"Santo Antônio de Jesus",2905,"Metropolitana de Salvador",290001,"Salvador",2901,"Salvador",29,"Bahia","BA",2,"Nordeste"
2928703,"Santo Antônio de Jesus",29020,"Santo Antônio de Jesus",2905,"Metropolitana de Salvador",290003,"Santo Antônio de Jesus",2902,"Santo Antônio de Jesus",29,"Bahia","BA",2,"Nordeste"
2928802,"Santo Estêvão",29012,"Feira de Santana",2903,"Centro Norte Baiano",290029,"Feira de Santana",2910,"Feira de Santana",29,"Bahia","BA",2,"Nordeste"
2928901,"São Desidério",29001,"Barreiras",2901,"Extremo Oeste Baiano",290018,"Barreiras",2906,"Barreiras",29,"Bahia","BA",2,"Nordeste"
2928950,"São Domingos",29016,"Serrinha",2904,"Nordeste Baiano",290032,"Conceição do Coité",2910,"Feira de Santana",29,"Bahia","BA",2,"Nordeste"
2929008,"São Félix",29020,"Santo Antônio de Jesus",2905,"Metropolitana de Salvador",290004,"Cruz das Almas",2902,"Santo Antônio de Jesus",29,"Bahia","BA",2,"Nordeste"
2929057,"São Félix do Coribe",29003,"Santa Maria da Vitória",2901,"Extremo Oeste Baiano",290019,"Santa Maria da Vitoria",2906,"Barreiras",29,"Bahia","BA",2,"Nordeste"
2929107,"São Felipe",29020,"Santo Antônio de Jesus",2905,"Metropolitana de Salvador",290004,"Cruz das Almas",2902,"Santo Antônio de Jesus",29,"Bahia","BA",2,"Nordeste"
2929206,"São Francisco do Conde",29021,"Salvador",2905,"Metropolitana de Salvador",290001,"Salvador",2901,"Salvador",29,"Bahia","BA",2,"Nordeste"
2929255,"São Gabriel",29009,"Irecê",2903,"Centro Norte Baiano",290020,"Irecê",2907,"Irecê",29,"Bahia","BA",2,"Nordeste"
2929305,"São Gonçalo dos Campos",29012,"Feira de Santana",2903,"Centro Norte Baiano",290029,"Feira de Santana",2910,"Feira de Santana",29,"Bahia","BA",2,"Nordeste"
2929354,"São José da Vitória",29031,"Ilhéus-Itabuna",2907,"Sul Baiano",290007,"Ilhéus ¿ Itabuna",2903,"Ilhéus ¿ Itabuna",29,"Bahia","BA",2,"Nordeste"
2929370,"São José do Jacuípe",29010,"Jacobina",2903,"Centro Norte Baiano",290030,"Jacobina",2910,"Feira de Santana",29,"Bahia","BA",2,"Nordeste"
2929404,"São Miguel das Matas",29024,"Jequié",2906,"Centro Sul Baiano",290003,"Santo Antônio de Jesus",2902,"Santo Antônio de Jesus",29,"Bahia","BA",2,"Nordeste"
2929503,"São Sebastião do Passé",29019,"Catu",2905,"Metropolitana de Salvador",290001,"Salvador",2901,"Salvador",29,"Bahia","BA",2,"Nordeste"
2929602,"Sapeaçu",29020,"Santo Antônio de Jesus",2905,"Metropolitana de Salvador",290004,"Cruz das Almas",2902,"Santo Antônio de Jesus",29,"Bahia","BA",2,"Nordeste"
2929701,"Sátiro Dias",29017,"Alagoinhas",2904,"Nordeste Baiano",290002,"Alagoinhas",2901,"Salvador",29,"Bahia","BA",2,"Nordeste"
2929750,"Saubara",29020,"Santo Antônio de Jesus",2905,"Metropolitana de Salvador",290001,"Salvador",2901,"Salvador",29,"Bahia","BA",2,"Nordeste"
2929800,"Saúde",29010,"Jacobina",2903,"Centro Norte Baiano",290030,"Jacobina",2910,"Feira de Santana",29,"Bahia","BA",2,"Nordeste"
2929909,"Seabra",29023,"Seabra",2906,"Centro Sul Baiano",290034,"Seabra",2910,"Feira de Santana",29,"Bahia","BA",2,"Nordeste"
2930006,"Sebastião Laranjeiras",29026,"Guanambi",2906,"Centro Sul Baiano",290016,"Guanambi",2905,"Guanambi",29,"Bahia","BA",2,"Nordeste"
2930105,"Senhor do Bonfim",29008,"Senhor do Bonfim",2903,"Centro Norte Baiano",290023,"Senhor do Bonfim",2908,"Juazeiro",29,"Bahia","BA",2,"Nordeste"
2930154,"Serra do Ramalho",29007,"Bom Jesus da Lapa",2902,"Vale São-Franciscano da Bahia",290017,"Bom Jesus da Lapa",2905,"Guanambi",29,"Bahia","BA",2,"Nordeste"
2930204,"Sento Sé",29004,"Juazeiro",2902,"Vale São-Franciscano da Bahia",290022,"Juazeiro",2908,"Juazeiro",29,"Bahia","BA",2,"Nordeste"
2930303,"Serra Dourada",29003,"Santa Maria da Vitória",2901,"Extremo Oeste Baiano",290018,"Barreiras",2906,"Barreiras",29,"Bahia","BA",2,"Nordeste"
2930402,"Serra Preta",29012,"Feira de Santana",2903,"Centro Norte Baiano",290029,"Feira de Santana",2910,"Feira de Santana",29,"Bahia","BA",2,"Nordeste"
2930501,"Serrinha",29016,"Serrinha",2904,"Nordeste Baiano",290033,"Serrinha",2910,"Feira de Santana",29,"Bahia","BA",2,"Nordeste"
2930600,"Serrolândia",29010,"Jacobina",2903,"Centro Norte Baiano",290030,"Jacobina",2910,"Feira de Santana",29,"Bahia","BA",2,"Nordeste"
2930709,"Simões Filho",29021,"Salvador",2905,"Metropolitana de Salvador",290001,"Salvador",2901,"Salvador",29,"Bahia","BA",2,"Nordeste"
2930758,"Sítio do Mato",29007,"Bom Jesus da Lapa",2902,"Vale São-Franciscano da Bahia",290017,"Bom Jesus da Lapa",2905,"Guanambi",29,"Bahia","BA",2,"Nordeste"
2930766,"Sítio do Quinto",29013,"Jeremoabo",2904,"Nordeste Baiano",290028,"Jeremoabo",2909,"Paulo Afonso",29,"Bahia","BA",2,"Nordeste"
2930774,"Sobradinho",29004,"Juazeiro",2902,"Vale São-Franciscano da Bahia",290022,"Juazeiro",2908,"Juazeiro",29,"Bahia","BA",2,"Nordeste"
2930808,"Souto Soares",29009,"Irecê",2903,"Centro Norte Baiano",290034,"Seabra",2910,"Feira de Santana",29,"Bahia","BA",2,"Nordeste"
2930907,"Tabocas do Brejo Velho",29002,"Cotegipe",2901,"Extremo Oeste Baiano",290018,"Barreiras",2906,"Barreiras",29,"Bahia","BA",2,"Nordeste"
2931004,"Tanhaçu",29027,"Brumado",2906,"Centro Sul Baiano",290011,"Vitória da Conquista",2904,"Vitória da Conquista",29,"Bahia","BA",2,"Nordeste"
2931053,"Tanque Novo",29022,"Boquira",2906,"Centro Sul Baiano",290016,"Guanambi",2905,"Guanambi",29,"Bahia","BA",2,"Nordeste"
2931103,"Tanquinho",29012,"Feira de Santana",2903,"Centro Norte Baiano",290029,"Feira de Santana",2910,"Feira de Santana",29,"Bahia","BA",2,"Nordeste"
2931202,"Taperoá",29030,"Valença",2907,"Sul Baiano",290005,"Valença",2902,"Santo Antônio de Jesus",29,"Bahia","BA",2,"Nordeste"
2931301,"Tapiramutá",29011,"Itaberaba",2903,"Centro Norte Baiano",290030,"Jacobina",2910,"Feira de Santana",29,"Bahia","BA",2,"Nordeste"
2931350,"Teixeira de Freitas",29032,"Porto Seguro",2907,"Sul Baiano",290008,"Teixeira de Freitas",2903,"Ilhéus ¿ Itabuna",29,"Bahia","BA",2,"Nordeste"
2931400,"Teodoro Sampaio",29012,"Feira de Santana",2903,"Centro Norte Baiano",290002,"Alagoinhas",2901,"Salvador",29,"Bahia","BA",2,"Nordeste"
2931509,"Teofilândia",29016,"Serrinha",2904,"Nordeste Baiano",290033,"Serrinha",2910,"Feira de Santana",29,"Bahia","BA",2,"Nordeste"
2931608,"Teolândia",29031,"Ilhéus-Itabuna",2907,"Sul Baiano",290014,"Ipiaú",2904,"Vitória da Conquista",29,"Bahia","BA",2,"Nordeste"
2931707,"Terra Nova",29019,"Catu",2905,"Metropolitana de Salvador",290001,"Salvador",2901,"Salvador",29,"Bahia","BA",2,"Nordeste"
2931806,"Tremedal",29027,"Brumado",2906,"Centro Sul Baiano",290011,"Vitória da Conquista",2904,"Vitória da Conquista",29,"Bahia","BA",2,"Nordeste"
2931905,"Tucano",29014,"Euclides da Cunha",2904,"Nordeste Baiano",290025,"Ribeira do Pombal",2909,"Paulo Afonso",29,"Bahia","BA",2,"Nordeste"
2932002,"Uauá",29014,"Euclides da Cunha",2904,"Nordeste Baiano",290022,"Juazeiro",2908,"Juazeiro",29,"Bahia","BA",2,"Nordeste"
2932101,"Ubaíra",29024,"Jequié",2906,"Centro Sul Baiano",290003,"Santo Antônio de Jesus",2902,"Santo Antônio de Jesus",29,"Bahia","BA",2,"Nordeste"
2932200,"Ubaitaba",29031,"Ilhéus-Itabuna",2907,"Sul Baiano",290007,"Ilhéus ¿ Itabuna",2903,"Ilhéus ¿ Itabuna",29,"Bahia","BA",2,"Nordeste"
2932309,"Ubatã",29031,"Ilhéus-Itabuna",2907,"Sul Baiano",290014,"Ipiaú",2904,"Vitória da Conquista",29,"Bahia","BA",2,"Nordeste"
2932408,"Uibaí",29009,"Irecê",2903,"Centro Norte Baiano",290020,"Irecê",2907,"Irecê",29,"Bahia","BA",2,"Nordeste"
2932457,"Umburanas",29008,"Senhor do Bonfim",2903,"Centro Norte Baiano",290030,"Jacobina",2910,"Feira de Santana",29,"Bahia","BA",2,"Nordeste"
2932507,"Una",29031,"Ilhéus-Itabuna",2907,"Sul Baiano",290010,"Camacan",2903,"Ilhéus ¿ Itabuna",29,"Bahia","BA",2,"Nordeste"
2932606,"Urandi",29026,"Guanambi",2906,"Centro Sul Baiano",290016,"Guanambi",2905,"Guanambi",29,"Bahia","BA",2,"Nordeste"
2932705,"Uruçuca",29031,"Ilhéus-Itabuna",2907,"Sul Baiano",290007,"Ilhéus ¿ Itabuna",2903,"Ilhéus ¿ Itabuna",29,"Bahia","BA",2,"Nordeste"
2932804,"Utinga",29023,"Seabra",2906,"Centro Sul Baiano",290031,"Itaberaba",2910,"Feira de Santana",29,"Bahia","BA",2,"Nordeste"
2932903,"Valença",29030,"Valença",2907,"Sul Baiano",290005,"Valença",2902,"Santo Antônio de Jesus",29,"Bahia","BA",2,"Nordeste"
2933000,"Valente",29016,"Serrinha",2904,"Nordeste Baiano",290032,"Conceição do Coité",2910,"Feira de Santana",29,"Bahia","BA",2,"Nordeste"
2933059,"Várzea da Roça",29011,"Itaberaba",2903,"Centro Norte Baiano",290029,"Feira de Santana",2910,"Feira de Santana",29,"Bahia","BA",2,"Nordeste"
2933109,"Várzea do Poço",29010,"Jacobina",2903,"Centro Norte Baiano",290030,"Jacobina",2910,"Feira de Santana",29,"Bahia","BA",2,"Nordeste"
2933158,"Várzea Nova",29010,"Jacobina",2903,"Centro Norte Baiano",290030,"Jacobina",2910,"Feira de Santana",29,"Bahia","BA",2,"Nordeste"
2933174,"Varzedo",29020,"Santo Antônio de Jesus",2905,"Metropolitana de Salvador",290003,"Santo Antônio de Jesus",2902,"Santo Antônio de Jesus",29,"Bahia","BA",2,"Nordeste"
2933208,"Vera Cruz",29021,"Salvador",2905,"Metropolitana de Salvador",290006,"Nazaré ¿ Maragogipe",2902,"Santo Antônio de Jesus",29,"Bahia","BA",2,"Nordeste"
2933257,"Vereda",29032,"Porto Seguro",2907,"Sul Baiano",290008,"Teixeira de Freitas",2903,"Ilhéus ¿ Itabuna",29,"Bahia","BA",2,"Nordeste"
2933307,"Vitória da Conquista",29028,"Vitória da Conquista",2906,"Centro Sul Baiano",290011,"Vitória da Conquista",2904,"Vitória da Conquista",29,"Bahia","BA",2,"Nordeste"
2933406,"Wagner",29023,"Seabra",2906,"Centro Sul Baiano",290031,"Itaberaba",2910,"Feira de Santana",29,"Bahia","BA",2,"Nordeste"
2933455,"Wanderley",29002,"Cotegipe",2901,"Extremo Oeste Baiano",290018,"Barreiras",2906,"Barreiras",29,"Bahia","BA",2,"Nordeste"
2933505,"Wenceslau Guimarães",29031,"Ilhéus-Itabuna",2907,"Sul Baiano",290014,"Ipiaú",2904,"Vitória da Conquista",29,"Bahia","BA",2,"Nordeste"
2933604,"Xique-Xique",29006,"Barra",2902,"Vale São-Franciscano da Bahia",290021,"Xique-Xique ¿ Barra",2907,"Irecê",29,"Bahia","BA",2,"Nordeste"
3100104,"Abadia dos Dourados",31019,"Patrocínio",3105,"Triângulo Mineiro/Alto Paranaíba",310061,"Monte Carmelo",3111,"Uberlândia",31,"Minas Gerais","MG",3,"Sudeste"
3100203,"Abaeté",31024,"Três Marias",3106,"Central Mineira",310070,"Abaeté",3113,"Divinópolis",31,"Minas Gerais","MG",3,"Sudeste"
3100302,"Abre Campo",31061,"Manhuaçu",3112,"Zona da Mata",310028,"Manhuaçu",3106,"Juíz de Fora",31,"Minas Gerais","MG",3,"Sudeste"
3100401,"Acaiaca",31060,"Ponte Nova",3112,"Zona da Mata",310030,"Ponte Nova",3106,"Juíz de Fora",31,"Minas Gerais","MG",3,"Sudeste"
3100500,"Açucena",31039,"Ipatinga",3108,"Vale do Rio Doce",310024,"Ipatinga",3105,"Ipatinga",31,"Minas Gerais","MG",3,"Sudeste"
3100609,"Água Boa",31036,"Peçanha",3108,"Vale do Rio Doce",310014,"Capelinha",3103,"Teófilo Otoni",31,"Minas Gerais","MG",3,"Sudeste"
3100708,"Água Comprida",31022,"Uberaba",3105,"Triângulo Mineiro/Alto Paranaíba",310055,"Uberaba",3110,"Uberaba",31,"Minas Gerais","MG",3,"Sudeste"
3100807,"Aguanil",31045,"Campo Belo",3109,"Oeste de Minas",310048,"Campo Belo",3108,"Varginha",31,"Minas Gerais","MG",3,"Sudeste"
3100906,"Águas Formosas",31016,"Nanuque",3104,"Vale do Mucuri",310019,"Águas Formosas",3103,"Teófilo Otoni",31,"Minas Gerais","MG",3,"Sudeste"
3101003,"Águas Vermelhas",31005,"Salinas",3102,"Norte de Minas",310018,"Pedra Azul",3103,"Teófilo Otoni",31,"Minas Gerais","MG",3,"Sudeste"
3101102,"Aimorés",31041,"Aimorés",3108,"Vale do Rio Doce",310023,"Aimorés - Resplendor",3104,"Governador Valadares",31,"Minas Gerais","MG",3,"Sudeste"
3101201,"Aiuruoca",31055,"Andrelândia",3110,"Sul/Sudoeste de Minas",310054,"Caxambu - Baependi",3109,"Pouso Alegre",31,"Minas Gerais","MG",3,"Sudeste"
3101300,"Alagoa",31054,"São Lourenço",3110,"Sul/Sudoeste de Minas",310053,"São Lourenço",3109,"Pouso Alegre",31,"Minas Gerais","MG",3,"Sudeste"
3101409,"Albertina",31051,"Poços de Caldas",3110,"Sul/Sudoeste de Minas",310050,"Pouso Alegre",3109,"Pouso Alegre",31,"Minas Gerais","MG",3,"Sudeste"
3101508,"Além Paraíba",31066,"Cataguases",3112,"Zona da Mata",310036,"Além Paraíba",3106,"Juíz de Fora",31,"Minas Gerais","MG",3,"Sudeste"
3101607,"Alfenas",31049,"Alfenas",3110,"Sul/Sudoeste de Minas",310042,"Alfenas",3108,"Varginha",31,"Minas Gerais","MG",3,"Sudeste"
3101631,"Alfredo Vasconcelos",31059,"Barbacena",3111,"Campo das Vertentes",310037,"Barbacena",3107,"Barbacena",31,"Minas Gerais","MG",3,"Sudeste"
3101706,"Almenara",31014,"Almenara",3103,"Jequitinhonha",310015,"Almenara",3103,"Teófilo Otoni",31,"Minas Gerais","MG",3,"Sudeste"
3101805,"Alpercata",31037,"Governador Valadares",3108,"Vale do Rio Doce",310020,"Governador Valadares",3104,"Governador Valadares",31,"Minas Gerais","MG",3,"Sudeste"
3101904,"Alpinópolis",31047,"Passos",3110,"Sul/Sudoeste de Minas",310041,"Passos",3108,"Varginha",31,"Minas Gerais","MG",3,"Sudeste"
3102001,"Alterosa",31049,"Alfenas",3110,"Sul/Sudoeste de Minas",310042,"Alfenas",3108,"Varginha",31,"Minas Gerais","MG",3,"Sudeste"
3102050,"Alto Caparaó",31061,"Manhuaçu",3112,"Zona da Mata",310028,"Manhuaçu",3106,"Juíz de Fora",31,"Minas Gerais","MG",3,"Sudeste"
3102100,"Alto Rio Doce",31062,"Viçosa",3112,"Zona da Mata",310037,"Barbacena",3107,"Barbacena",31,"Minas Gerais","MG",3,"Sudeste"
3102209,"Alvarenga",31041,"Aimorés",3108,"Vale do Rio Doce",310025,"Caratinga",3105,"Ipatinga",31,"Minas Gerais","MG",3,"Sudeste"
3102308,"Alvinópolis",31031,"Itabira",3107,"Metropolitana de Belo Horizonte",310030,"Ponte Nova",3106,"Juíz de Fora",31,"Minas Gerais","MG",3,"Sudeste"
3102407,"Alvorada de Minas",31028,"Conceição do Mato Dentro",3107,"Metropolitana de Belo Horizonte",310016,"Diamantina",3103,"Teófilo Otoni",31,"Minas Gerais","MG",3,"Sudeste"
3102506,"Amparo do Serra",31062,"Viçosa",3112,"Zona da Mata",310030,"Ponte Nova",3106,"Juíz de Fora",31,"Minas Gerais","MG",3,"Sudeste"
3102605,"Andradas",31051,"Poços de Caldas",3110,"Sul/Sudoeste de Minas",310051,"Poços de Caldas",3109,"Pouso Alegre",31,"Minas Gerais","MG",3,"Sudeste"
3102704,"Cachoeira de Pajeú",31013,"Pedra Azul",3103,"Jequitinhonha",310018,"Pedra Azul",3103,"Teófilo Otoni",31,"Minas Gerais","MG",3,"Sudeste"
3102803,"Andrelândia",31055,"Andrelândia",3110,"Sul/Sudoeste de Minas",310027,"Juiz de Fora",3106,"Juíz de Fora",31,"Minas Gerais","MG",3,"Sudeste"
3102852,"Angelândia",31011,"Capelinha",3103,"Jequitinhonha",310014,"Capelinha",3103,"Teófilo Otoni",31,"Minas Gerais","MG",3,"Sudeste"
3102902,"Antônio Carlos",31059,"Barbacena",3111,"Campo das Vertentes",310037,"Barbacena",3107,"Barbacena",31,"Minas Gerais","MG",3,"Sudeste"
3103009,"Antônio Dias",31039,"Ipatinga",3108,"Vale do Rio Doce",310024,"Ipatinga",3105,"Ipatinga",31,"Minas Gerais","MG",3,"Sudeste"
3103108,"Antônio Prado de Minas",31063,"Muriaé",3112,"Zona da Mata",310031,"Muriaé",3106,"Juíz de Fora",31,"Minas Gerais","MG",3,"Sudeste"
3103207,"Araçaí",31027,"Sete Lagoas",3107,"Metropolitana de Belo Horizonte",310002,"Sete Lagoas",3101,"Belo Horizonte",31,"Minas Gerais","MG",3,"Sudeste"
3103306,"Aracitaba",31065,"Juiz de Fora",3112,"Zona da Mata",310027,"Juiz de Fora",3106,"Juíz de Fora",31,"Minas Gerais","MG",3,"Sudeste"
3103405,"Araçuaí",31012,"Araçuaí",3103,"Jequitinhonha",310017,"Araçuaí",3103,"Teófilo Otoni",31,"Minas Gerais","MG",3,"Sudeste"
3103504,"Araguari",31018,"Uberlândia",3105,"Triângulo Mineiro/Alto Paranaíba",310059,"Uberlândia",3111,"Uberlândia",31,"Minas Gerais","MG",3,"Sudeste"
3103603,"Arantina",31055,"Andrelândia",3110,"Sul/Sudoeste de Minas",310027,"Juiz de Fora",3106,"Juíz de Fora",31,"Minas Gerais","MG",3,"Sudeste"
3103702,"Araponga",31062,"Viçosa",3112,"Zona da Mata",310033,"Viçosa",3106,"Juíz de Fora",31,"Minas Gerais","MG",3,"Sudeste"
3103751,"Araporã",31018,"Uberlândia",3105,"Triângulo Mineiro/Alto Paranaíba",310059,"Uberlândia",3111,"Uberlândia",31,"Minas Gerais","MG",3,"Sudeste"
3103801,"Arapuá",31020,"Patos de Minas",3105,"Triângulo Mineiro/Alto Paranaíba",310062,"Patos de Minas",3112,"Patos de Minas",31,"Minas Gerais","MG",3,"Sudeste"
3103900,"Araújos",31026,"Bom Despacho",3106,"Central Mineira",310065,"Divinópolis",3113,"Divinópolis",31,"Minas Gerais","MG",3,"Sudeste"
3104007,"Araxá",31023,"Araxá",3105,"Triângulo Mineiro/Alto Paranaíba",310056,"Araxá",3110,"Uberaba",31,"Minas Gerais","MG",3,"Sudeste"
3104106,"Arceburgo",31048,"São Sebastião do Paraíso",3110,"Sul/Sudoeste de Minas",310044,"Guaxupé",3108,"Varginha",31,"Minas Gerais","MG",3,"Sudeste"
3104205,"Arcos",31044,"Formiga",3109,"Oeste de Minas",310066,"Formiga",3113,"Divinópolis",31,"Minas Gerais","MG",3,"Sudeste"
3104304,"Areado",31049,"Alfenas",3110,"Sul/Sudoeste de Minas",310042,"Alfenas",3108,"Varginha",31,"Minas Gerais","MG",3,"Sudeste"
3104403,"Argirita",31066,"Cataguases",3112,"Zona da Mata",310032,"Cataguases",3106,"Juíz de Fora",31,"Minas Gerais","MG",3,"Sudeste"
3104452,"Aricanduva",31011,"Capelinha",3103,"Jequitinhonha",310014,"Capelinha",3103,"Teófilo Otoni",31,"Minas Gerais","MG",3,"Sudeste"
3104502,"Arinos",31001,"Unaí",3101,"Noroeste de Minas",310063,"Unaí",3112,"Patos de Minas",31,"Minas Gerais","MG",3,"Sudeste"
3104601,"Astolfo Dutra",31064,"Ubá",3112,"Zona da Mata",310032,"Cataguases",3106,"Juíz de Fora",31,"Minas Gerais","MG",3,"Sudeste"
3104700,"Ataléia",31015,"Teófilo Otoni",3104,"Vale do Mucuri",310013,"Teófilo Otoni",3103,"Teófilo Otoni",31,"Minas Gerais","MG",3,"Sudeste"
3104809,"Augusto de Lima",31025,"Curvelo",3106,"Central Mineira",310004,"Curvelo",3101,"Belo Horizonte",31,"Minas Gerais","MG",3,"Sudeste"
3104908,"Baependi",31054,"São Lourenço",3110,"Sul/Sudoeste de Minas",310054,"Caxambu - Baependi",3109,"Pouso Alegre",31,"Minas Gerais","MG",3,"Sudeste"
3105004,"Baldim",31027,"Sete Lagoas",3107,"Metropolitana de Belo Horizonte",310002,"Sete Lagoas",3101,"Belo Horizonte",31,"Minas Gerais","MG",3,"Sudeste"
3105103,"Bambuí",31042,"Piuí",3109,"Oeste de Minas",310066,"Formiga",3113,"Divinópolis",31,"Minas Gerais","MG",3,"Sudeste"
3105202,"Bandeira",31014,"Almenara",3103,"Jequitinhonha",310015,"Almenara",3103,"Teófilo Otoni",31,"Minas Gerais","MG",3,"Sudeste"
3105301,"Bandeira do Sul",31051,"Poços de Caldas",3110,"Sul/Sudoeste de Minas",310051,"Poços de Caldas",3109,"Pouso Alegre",31,"Minas Gerais","MG",3,"Sudeste"
3105400,"Barão de Cocais",31031,"Itabira",3107,"Metropolitana de Belo Horizonte",310003,"Santa Bárbara - Ouro Preto",3101,"Belo Horizonte",31,"Minas Gerais","MG",3,"Sudeste"
3105509,"Barão do Monte Alto",31063,"Muriaé",3112,"Zona da Mata",310031,"Muriaé",3106,"Juíz de Fora",31,"Minas Gerais","MG",3,"Sudeste"
3105608,"Barbacena",31059,"Barbacena",3111,"Campo das Vertentes",310037,"Barbacena",3107,"Barbacena",31,"Minas Gerais","MG",3,"Sudeste"
3105707,"Barra Longa",31060,"Ponte Nova",3112,"Zona da Mata",310030,"Ponte Nova",3106,"Juíz de Fora",31,"Minas Gerais","MG",3,"Sudeste"
3105905,"Barroso",31059,"Barbacena",3111,"Campo das Vertentes",310037,"Barbacena",3107,"Barbacena",31,"Minas Gerais","MG",3,"Sudeste"
3106002,"Bela Vista de Minas",31031,"Itabira",3107,"Metropolitana de Belo Horizonte",310026,"João Monlevade",3105,"Ipatinga",31,"Minas Gerais","MG",3,"Sudeste"
3106101,"Belmiro Braga",31065,"Juiz de Fora",3112,"Zona da Mata",310027,"Juiz de Fora",3106,"Juíz de Fora",31,"Minas Gerais","MG",3,"Sudeste"
3106200,"Belo Horizonte",31030,"Belo Horizonte",3107,"Metropolitana de Belo Horizonte",310001,"Belo Horizonte",3101,"Belo Horizonte",31,"Minas Gerais","MG",3,"Sudeste"
3106309,"Belo Oriente",31039,"Ipatinga",3108,"Vale do Rio Doce",310024,"Ipatinga",3105,"Ipatinga",31,"Minas Gerais","MG",3,"Sudeste"
3106408,"Belo Vale",31032,"Itaguara",3107,"Metropolitana de Belo Horizonte",310038,"Conselheiro Lafaiete",3107,"Barbacena",31,"Minas Gerais","MG",3,"Sudeste"
3106507,"Berilo",31011,"Capelinha",3103,"Jequitinhonha",310017,"Araçuaí",3103,"Teófilo Otoni",31,"Minas Gerais","MG",3,"Sudeste"
3106606,"Bertópolis",31016,"Nanuque",3104,"Vale do Mucuri",310019,"Águas Formosas",3103,"Teófilo Otoni",31,"Minas Gerais","MG",3,"Sudeste"
3106655,"Berizal",31005,"Salinas",3102,"Norte de Minas",310008,"Salinas",3102,"Montes Claros",31,"Minas Gerais","MG",3,"Sudeste"
3106705,"Betim",31030,"Belo Horizonte",3107,"Metropolitana de Belo Horizonte",310001,"Belo Horizonte",3101,"Belo Horizonte",31,"Minas Gerais","MG",3,"Sudeste"
3106804,"Bias Fortes",31065,"Juiz de Fora",3112,"Zona da Mata",310027,"Juiz de Fora",3106,"Juíz de Fora",31,"Minas Gerais","MG",3,"Sudeste"
3106903,"Bicas",31065,"Juiz de Fora",3112,"Zona da Mata",310035,"São João Nepomuceno - Bicas",3106,"Juíz de Fora",31,"Minas Gerais","MG",3,"Sudeste"
3107000,"Biquinhas",31024,"Três Marias",3106,"Central Mineira",310070,"Abaeté",3113,"Divinópolis",31,"Minas Gerais","MG",3,"Sudeste"
3107109,"Boa Esperança",31050,"Varginha",3110,"Sul/Sudoeste de Minas",310046,"Três Pontas - Boa Esperança",3108,"Varginha",31,"Minas Gerais","MG",3,"Sudeste"
3107208,"Bocaina de Minas",31055,"Andrelândia",3110,"Sul/Sudoeste de Minas",310027,"Juiz de Fora",3106,"Juíz de Fora",31,"Minas Gerais","MG",3,"Sudeste"
3107307,"Bocaiúva",31009,"Bocaiúva",3102,"Norte de Minas",310006,"Montes Claros",3102,"Montes Claros",31,"Minas Gerais","MG",3,"Sudeste"
3107406,"Bom Despacho",31026,"Bom Despacho",3106,"Central Mineira",310067,"Dores do Indaiá",3113,"Divinópolis",31,"Minas Gerais","MG",3,"Sudeste"
3107505,"Bom Jardim de Minas",31055,"Andrelândia",3110,"Sul/Sudoeste de Minas",310027,"Juiz de Fora",3106,"Juíz de Fora",31,"Minas Gerais","MG",3,"Sudeste"
3107604,"Bom Jesus da Penha",31047,"Passos",3110,"Sul/Sudoeste de Minas",310041,"Passos",3108,"Varginha",31,"Minas Gerais","MG",3,"Sudeste"
3107703,"Bom Jesus do Amparo",31031,"Itabira",3107,"Metropolitana de Belo Horizonte",310005,"Itabira",3101,"Belo Horizonte",31,"Minas Gerais","MG",3,"Sudeste"
3107802,"Bom Jesus do Galho",31040,"Caratinga",3108,"Vale do Rio Doce",310025,"Caratinga",3105,"Ipatinga",31,"Minas Gerais","MG",3,"Sudeste"
3107901,"Bom Repouso",31052,"Pouso Alegre",3110,"Sul/Sudoeste de Minas",310050,"Pouso Alegre",3109,"Pouso Alegre",31,"Minas Gerais","MG",3,"Sudeste"
3108008,"Bom Sucesso",31046,"Oliveira",3109,"Oeste de Minas",310043,"Lavras",3108,"Varginha",31,"Minas Gerais","MG",3,"Sudeste"
3108107,"Bonfim",31032,"Itaguara",3107,"Metropolitana de Belo Horizonte",310069,"Oliveira",3113,"Divinópolis",31,"Minas Gerais","MG",3,"Sudeste"
3108206,"Bonfinópolis de Minas",31001,"Unaí",3101,"Noroeste de Minas",310063,"Unaí",3112,"Patos de Minas",31,"Minas Gerais","MG",3,"Sudeste"
3108255,"Bonito de Minas",31003,"Januária",3102,"Norte de Minas",310009,"Januária",3102,"Montes Claros",31,"Minas Gerais","MG",3,"Sudeste"
3108305,"Borda da Mata",31052,"Pouso Alegre",3110,"Sul/Sudoeste de Minas",310050,"Pouso Alegre",3109,"Pouso Alegre",31,"Minas Gerais","MG",3,"Sudeste"
3108404,"Botelhos",31051,"Poços de Caldas",3110,"Sul/Sudoeste de Minas",310051,"Poços de Caldas",3109,"Pouso Alegre",31,"Minas Gerais","MG",3,"Sudeste"
3108503,"Botumirim",31008,"Grão Mogol",3102,"Norte de Minas",310006,"Montes Claros",3102,"Montes Claros",31,"Minas Gerais","MG",3,"Sudeste"
3108552,"Brasilândia de Minas",31002,"Paracatu",3101,"Noroeste de Minas",310062,"Patos de Minas",3112,"Patos de Minas",31,"Minas Gerais","MG",3,"Sudeste"
3108602,"Brasília de Minas",31007,"Montes Claros",3102,"Norte de Minas",310006,"Montes Claros",3102,"Montes Claros",31,"Minas Gerais","MG",3,"Sudeste"
3108701,"Brás Pires",31062,"Viçosa",3112,"Zona da Mata",310029,"Ubá",3106,"Juíz de Fora",31,"Minas Gerais","MG",3,"Sudeste"
3108800,"Braúnas",31035,"Guanhães",3108,"Vale do Rio Doce",310024,"Ipatinga",3105,"Ipatinga",31,"Minas Gerais","MG",3,"Sudeste"
3108909,"Brazópolis",31056,"Itajubá",3110,"Sul/Sudoeste de Minas",310052,"Itajubá",3109,"Pouso Alegre",31,"Minas Gerais","MG",3,"Sudeste"
3109006,"Brumadinho",31030,"Belo Horizonte",3107,"Metropolitana de Belo Horizonte",310001,"Belo Horizonte",3101,"Belo Horizonte",31,"Minas Gerais","MG",3,"Sudeste"
3109105,"Bueno Brandão",31052,"Pouso Alegre",3110,"Sul/Sudoeste de Minas",310050,"Pouso Alegre",3109,"Pouso Alegre",31,"Minas Gerais","MG",3,"Sudeste"
3109204,"Buenópolis",31025,"Curvelo",3106,"Central Mineira",310004,"Curvelo",3101,"Belo Horizonte",31,"Minas Gerais","MG",3,"Sudeste"
3109253,"Bugre",31040,"Caratinga",3108,"Vale do Rio Doce",310024,"Ipatinga",3105,"Ipatinga",31,"Minas Gerais","MG",3,"Sudeste"
3109303,"Buritis",31001,"Unaí",3101,"Noroeste de Minas",310063,"Unaí",3112,"Patos de Minas",31,"Minas Gerais","MG",3,"Sudeste"
3109402,"Buritizeiro",31006,"Pirapora",3102,"Norte de Minas",310010,"Pirapora",3102,"Montes Claros",31,"Minas Gerais","MG",3,"Sudeste"
3109451,"Cabeceira Grande",31001,"Unaí",3101,"Noroeste de Minas",310063,"Unaí",3112,"Patos de Minas",31,"Minas Gerais","MG",3,"Sudeste"
3109501,"Cabo Verde",31048,"São Sebastião do Paraíso",3110,"Sul/Sudoeste de Minas",310044,"Guaxupé",3108,"Varginha",31,"Minas Gerais","MG",3,"Sudeste"
3109600,"Cachoeira da Prata",31027,"Sete Lagoas",3107,"Metropolitana de Belo Horizonte",310002,"Sete Lagoas",3101,"Belo Horizonte",31,"Minas Gerais","MG",3,"Sudeste"
3109709,"Cachoeira de Minas",31053,"Santa Rita do Sapucaí",3110,"Sul/Sudoeste de Minas",310050,"Pouso Alegre",3109,"Pouso Alegre",31,"Minas Gerais","MG",3,"Sudeste"
3109808,"Cachoeira Dourada",31017,"Ituiutaba",3105,"Triângulo Mineiro/Alto Paranaíba",310060,"Ituiutaba",3111,"Uberlândia",31,"Minas Gerais","MG",3,"Sudeste"
3109907,"Caetanópolis",31027,"Sete Lagoas",3107,"Metropolitana de Belo Horizonte",310002,"Sete Lagoas",3101,"Belo Horizonte",31,"Minas Gerais","MG",3,"Sudeste"
3110004,"Caeté",31030,"Belo Horizonte",3107,"Metropolitana de Belo Horizonte",310001,"Belo Horizonte",3101,"Belo Horizonte",31,"Minas Gerais","MG",3,"Sudeste"
3110103,"Caiana",31063,"Muriaé",3112,"Zona da Mata",310034,"Carangola",3106,"Juíz de Fora",31,"Minas Gerais","MG",3,"Sudeste"
3110202,"Cajuri",31062,"Viçosa",3112,"Zona da Mata",310033,"Viçosa",3106,"Juíz de Fora",31,"Minas Gerais","MG",3,"Sudeste"
3110301,"Caldas",31051,"Poços de Caldas",3110,"Sul/Sudoeste de Minas",310051,"Poços de Caldas",3109,"Pouso Alegre",31,"Minas Gerais","MG",3,"Sudeste"
3110400,"Camacho",31044,"Formiga",3109,"Oeste de Minas",310065,"Divinópolis",3113,"Divinópolis",31,"Minas Gerais","MG",3,"Sudeste"
3110509,"Camanducaia",31052,"Pouso Alegre",3110,"Sul/Sudoeste de Minas",310050,"Pouso Alegre",3109,"Pouso Alegre",31,"Minas Gerais","MG",3,"Sudeste"
3110608,"Cambuí",31052,"Pouso Alegre",3110,"Sul/Sudoeste de Minas",310050,"Pouso Alegre",3109,"Pouso Alegre",31,"Minas Gerais","MG",3,"Sudeste"
3110707,"Cambuquira",31054,"São Lourenço",3110,"Sul/Sudoeste de Minas",310045,"Três Corações",3108,"Varginha",31,"Minas Gerais","MG",3,"Sudeste"
3110806,"Campanário",31037,"Governador Valadares",3108,"Vale do Rio Doce",310013,"Teófilo Otoni",3103,"Teófilo Otoni",31,"Minas Gerais","MG",3,"Sudeste"
3110905,"Campanha",31050,"Varginha",3110,"Sul/Sudoeste de Minas",310045,"Três Corações",3108,"Varginha",31,"Minas Gerais","MG",3,"Sudeste"
3111002,"Campestre",31051,"Poços de Caldas",3110,"Sul/Sudoeste de Minas",310051,"Poços de Caldas",3109,"Pouso Alegre",31,"Minas Gerais","MG",3,"Sudeste"
3111101,"Campina Verde",31021,"Frutal",3105,"Triângulo Mineiro/Alto Paranaíba",310059,"Uberlândia",3111,"Uberlândia",31,"Minas Gerais","MG",3,"Sudeste"
3111150,"Campo Azul",31007,"Montes Claros",3102,"Norte de Minas",310006,"Montes Claros",3102,"Montes Claros",31,"Minas Gerais","MG",3,"Sudeste"
3111200,"Campo Belo",31045,"Campo Belo",3109,"Oeste de Minas",310048,"Campo Belo",3108,"Varginha",31,"Minas Gerais","MG",3,"Sudeste"
3111309,"Campo do Meio",31050,"Varginha",3110,"Sul/Sudoeste de Minas",310042,"Alfenas",3108,"Varginha",31,"Minas Gerais","MG",3,"Sudeste"
3111408,"Campo Florido",31022,"Uberaba",3105,"Triângulo Mineiro/Alto Paranaíba",310055,"Uberaba",3110,"Uberaba",31,"Minas Gerais","MG",3,"Sudeste"
3111507,"Campos Altos",31023,"Araxá",3105,"Triângulo Mineiro/Alto Paranaíba",310056,"Araxá",3110,"Uberaba",31,"Minas Gerais","MG",3,"Sudeste"
3111606,"Campos Gerais",31050,"Varginha",3110,"Sul/Sudoeste de Minas",310042,"Alfenas",3108,"Varginha",31,"Minas Gerais","MG",3,"Sudeste"
3111705,"Canaã",31062,"Viçosa",3112,"Zona da Mata",310033,"Viçosa",3106,"Juíz de Fora",31,"Minas Gerais","MG",3,"Sudeste"
3111804,"Canápolis",31018,"Uberlândia",3105,"Triângulo Mineiro/Alto Paranaíba",310059,"Uberlândia",3111,"Uberlândia",31,"Minas Gerais","MG",3,"Sudeste"
3111903,"Cana Verde",31045,"Campo Belo",3109,"Oeste de Minas",310043,"Lavras",3108,"Varginha",31,"Minas Gerais","MG",3,"Sudeste"
3112000,"Candeias",31045,"Campo Belo",3109,"Oeste de Minas",310048,"Campo Belo",3108,"Varginha",31,"Minas Gerais","MG",3,"Sudeste"
3112059,"Cantagalo",31036,"Peçanha",3108,"Vale do Rio Doce",310021,"Guanhães",3104,"Governador Valadares",31,"Minas Gerais","MG",3,"Sudeste"
3112109,"Caparaó",31061,"Manhuaçu",3112,"Zona da Mata",310028,"Manhuaçu",3106,"Juíz de Fora",31,"Minas Gerais","MG",3,"Sudeste"
3112208,"Capela Nova",31059,"Barbacena",3111,"Campo das Vertentes",310038,"Conselheiro Lafaiete",3107,"Barbacena",31,"Minas Gerais","MG",3,"Sudeste"
3112307,"Capelinha",31011,"Capelinha",3103,"Jequitinhonha",310014,"Capelinha",3103,"Teófilo Otoni",31,"Minas Gerais","MG",3,"Sudeste"
3112406,"Capetinga",31047,"Passos",3110,"Sul/Sudoeste de Minas",310041,"Passos",3108,"Varginha",31,"Minas Gerais","MG",3,"Sudeste"
3112505,"Capim Branco",31027,"Sete Lagoas",3107,"Metropolitana de Belo Horizonte",310002,"Sete Lagoas",3101,"Belo Horizonte",31,"Minas Gerais","MG",3,"Sudeste"
3112604,"Capinópolis",31017,"Ituiutaba",3105,"Triângulo Mineiro/Alto Paranaíba",310060,"Ituiutaba",3111,"Uberlândia",31,"Minas Gerais","MG",3,"Sudeste"
3112653,"Capitão Andrade",31037,"Governador Valadares",3108,"Vale do Rio Doce",310020,"Governador Valadares",3104,"Governador Valadares",31,"Minas Gerais","MG",3,"Sudeste"
3112703,"Capitão Enéas",31007,"Montes Claros",3102,"Norte de Minas",310006,"Montes Claros",3102,"Montes Claros",31,"Minas Gerais","MG",3,"Sudeste"
3112802,"Capitólio",31047,"Passos",3110,"Sul/Sudoeste de Minas",310049,"Piumhi",3108,"Varginha",31,"Minas Gerais","MG",3,"Sudeste"
3112901,"Caputira",31061,"Manhuaçu",3112,"Zona da Mata",310028,"Manhuaçu",3106,"Juíz de Fora",31,"Minas Gerais","MG",3,"Sudeste"
3113008,"Caraí",31012,"Araçuaí",3103,"Jequitinhonha",310013,"Teófilo Otoni",3103,"Teófilo Otoni",31,"Minas Gerais","MG",3,"Sudeste"
3113107,"Caranaíba",31059,"Barbacena",3111,"Campo das Vertentes",310038,"Conselheiro Lafaiete",3107,"Barbacena",31,"Minas Gerais","MG",3,"Sudeste"
3113206,"Carandaí",31059,"Barbacena",3111,"Campo das Vertentes",310038,"Conselheiro Lafaiete",3107,"Barbacena",31,"Minas Gerais","MG",3,"Sudeste"
3113305,"Carangola",31063,"Muriaé",3112,"Zona da Mata",310034,"Carangola",3106,"Juíz de Fora",31,"Minas Gerais","MG",3,"Sudeste"
3113404,"Caratinga",31040,"Caratinga",3108,"Vale do Rio Doce",310025,"Caratinga",3105,"Ipatinga",31,"Minas Gerais","MG",3,"Sudeste"
3113503,"Carbonita",31011,"Capelinha",3103,"Jequitinhonha",310016,"Diamantina",3103,"Teófilo Otoni",31,"Minas Gerais","MG",3,"Sudeste"
3113602,"Careaçu",31053,"Santa Rita do Sapucaí",3110,"Sul/Sudoeste de Minas",310050,"Pouso Alegre",3109,"Pouso Alegre",31,"Minas Gerais","MG",3,"Sudeste"
3113701,"Carlos Chagas",31016,"Nanuque",3104,"Vale do Mucuri",310013,"Teófilo Otoni",3103,"Teófilo Otoni",31,"Minas Gerais","MG",3,"Sudeste"
3113800,"Carmésia",31035,"Guanhães",3108,"Vale do Rio Doce",310005,"Itabira",3101,"Belo Horizonte",31,"Minas Gerais","MG",3,"Sudeste"
3113909,"Carmo da Cachoeira",31050,"Varginha",3110,"Sul/Sudoeste de Minas",310045,"Três Corações",3108,"Varginha",31,"Minas Gerais","MG",3,"Sudeste"
3114006,"Carmo da Mata",31046,"Oliveira",3109,"Oeste de Minas",310065,"Divinópolis",3113,"Divinópolis",31,"Minas Gerais","MG",3,"Sudeste"
3114105,"Carmo de Minas",31054,"São Lourenço",3110,"Sul/Sudoeste de Minas",310053,"São Lourenço",3109,"Pouso Alegre",31,"Minas Gerais","MG",3,"Sudeste"
3114204,"Carmo do Cajuru",31043,"Divinópolis",3109,"Oeste de Minas",310065,"Divinópolis",3113,"Divinópolis",31,"Minas Gerais","MG",3,"Sudeste"
3114303,"Carmo do Paranaíba",31020,"Patos de Minas",3105,"Triângulo Mineiro/Alto Paranaíba",310062,"Patos de Minas",3112,"Patos de Minas",31,"Minas Gerais","MG",3,"Sudeste"
3114402,"Carmo do Rio Claro",31049,"Alfenas",3110,"Sul/Sudoeste de Minas",310041,"Passos",3108,"Varginha",31,"Minas Gerais","MG",3,"Sudeste"
3114501,"Carmópolis de Minas",31046,"Oliveira",3109,"Oeste de Minas",310069,"Oliveira",3113,"Divinópolis",31,"Minas Gerais","MG",3,"Sudeste"
3114550,"Carneirinho",31021,"Frutal",3105,"Triângulo Mineiro/Alto Paranaíba",310058,"Iturama",3110,"Uberaba",31,"Minas Gerais","MG",3,"Sudeste"
3114600,"Carrancas",31057,"Lavras",3111,"Campo das Vertentes",310043,"Lavras",3108,"Varginha",31,"Minas Gerais","MG",3,"Sudeste"
3114709,"Carvalhópolis",31049,"Alfenas",3110,"Sul/Sudoeste de Minas",310042,"Alfenas",3108,"Varginha",31,"Minas Gerais","MG",3,"Sudeste"
3114808,"Carvalhos",31055,"Andrelândia",3110,"Sul/Sudoeste de Minas",310054,"Caxambu - Baependi",3109,"Pouso Alegre",31,"Minas Gerais","MG",3,"Sudeste"
3114907,"Casa Grande",31034,"Conselheiro Lafaiete",3107,"Metropolitana de Belo Horizonte",310038,"Conselheiro Lafaiete",3107,"Barbacena",31,"Minas Gerais","MG",3,"Sudeste"
3115003,"Cascalho Rico",31018,"Uberlândia",3105,"Triângulo Mineiro/Alto Paranaíba",310059,"Uberlândia",3111,"Uberlândia",31,"Minas Gerais","MG",3,"Sudeste"
3115102,"Cássia",31047,"Passos",3110,"Sul/Sudoeste de Minas",310041,"Passos",3108,"Varginha",31,"Minas Gerais","MG",3,"Sudeste"
3115201,"Conceição da Barra de Minas",31058,"São João Del Rei",3111,"Campo das Vertentes",310039,"São João del Rei",3107,"Barbacena",31,"Minas Gerais","MG",3,"Sudeste"
3115300,"Cataguases",31066,"Cataguases",3112,"Zona da Mata",310032,"Cataguases",3106,"Juíz de Fora",31,"Minas Gerais","MG",3,"Sudeste"
3115359,"Catas Altas",31031,"Itabira",3107,"Metropolitana de Belo Horizonte",310003,"Santa Bárbara - Ouro Preto",3101,"Belo Horizonte",31,"Minas Gerais","MG",3,"Sudeste"
3115409,"Catas Altas da Noruega",31034,"Conselheiro Lafaiete",3107,"Metropolitana de Belo Horizonte",310038,"Conselheiro Lafaiete",3107,"Barbacena",31,"Minas Gerais","MG",3,"Sudeste"
3115458,"Catuji",31015,"Teófilo Otoni",3104,"Vale do Mucuri",310013,"Teófilo Otoni",3103,"Teófilo Otoni",31,"Minas Gerais","MG",3,"Sudeste"
3115474,"Catuti",31004,"Janaúba",3102,"Norte de Minas",310012,"Espinosa",3102,"Montes Claros",31,"Minas Gerais","MG",3,"Sudeste"
3115508,"Caxambu",31054,"São Lourenço",3110,"Sul/Sudoeste de Minas",310054,"Caxambu - Baependi",3109,"Pouso Alegre",31,"Minas Gerais","MG",3,"Sudeste"
3115607,"Cedro do Abaeté",31024,"Três Marias",3106,"Central Mineira",310070,"Abaeté",3113,"Divinópolis",31,"Minas Gerais","MG",3,"Sudeste"
3115706,"Central de Minas",31038,"Mantena",3108,"Vale do Rio Doce",310022,"Mantena",3104,"Governador Valadares",31,"Minas Gerais","MG",3,"Sudeste"
3115805,"Centralina",31018,"Uberlândia",3105,"Triângulo Mineiro/Alto Paranaíba",310059,"Uberlândia",3111,"Uberlândia",31,"Minas Gerais","MG",3,"Sudeste"
3115904,"Chácara",31065,"Juiz de Fora",3112,"Zona da Mata",310027,"Juiz de Fora",3106,"Juíz de Fora",31,"Minas Gerais","MG",3,"Sudeste"
3116001,"Chalé",31061,"Manhuaçu",3112,"Zona da Mata",310028,"Manhuaçu",3106,"Juíz de Fora",31,"Minas Gerais","MG",3,"Sudeste"
3116100,"Chapada do Norte",31011,"Capelinha",3103,"Jequitinhonha",310014,"Capelinha",3103,"Teófilo Otoni",31,"Minas Gerais","MG",3,"Sudeste"
3116159,"Chapada Gaúcha",31003,"Januária",3102,"Norte de Minas",310011,"São Francisco",3102,"Montes Claros",31,"Minas Gerais","MG",3,"Sudeste"
3116209,"Chiador",31065,"Juiz de Fora",3112,"Zona da Mata",310027,"Juiz de Fora",3106,"Juíz de Fora",31,"Minas Gerais","MG",3,"Sudeste"
3116308,"Cipotânea",31062,"Viçosa",3112,"Zona da Mata",310037,"Barbacena",3107,"Barbacena",31,"Minas Gerais","MG",3,"Sudeste"
3116407,"Claraval",31047,"Passos",3110,"Sul/Sudoeste de Minas",310041,"Passos",3108,"Varginha",31,"Minas Gerais","MG",3,"Sudeste"
3116506,"Claro dos Poções",31007,"Montes Claros",3102,"Norte de Minas",310006,"Montes Claros",3102,"Montes Claros",31,"Minas Gerais","MG",3,"Sudeste"
3116605,"Cláudio",31043,"Divinópolis",3109,"Oeste de Minas",310065,"Divinópolis",3113,"Divinópolis",31,"Minas Gerais","MG",3,"Sudeste"
3116704,"Coimbra",31062,"Viçosa",3112,"Zona da Mata",310033,"Viçosa",3106,"Juíz de Fora",31,"Minas Gerais","MG",3,"Sudeste"
3116803,"Coluna",31035,"Guanhães",3108,"Vale do Rio Doce",310021,"Guanhães",3104,"Governador Valadares",31,"Minas Gerais","MG",3,"Sudeste"
3116902,"Comendador Gomes",31021,"Frutal",3105,"Triângulo Mineiro/Alto Paranaíba",310057,"Frutal",3110,"Uberaba",31,"Minas Gerais","MG",3,"Sudeste"
3117009,"Comercinho",31013,"Pedra Azul",3103,"Jequitinhonha",310018,"Pedra Azul",3103,"Teófilo Otoni",31,"Minas Gerais","MG",3,"Sudeste"
3117108,"Conceição da Aparecida",31049,"Alfenas",3110,"Sul/Sudoeste de Minas",310042,"Alfenas",3108,"Varginha",31,"Minas Gerais","MG",3,"Sudeste"
3117207,"Conceição das Pedras",31053,"Santa Rita do Sapucaí",3110,"Sul/Sudoeste de Minas",310052,"Itajubá",3109,"Pouso Alegre",31,"Minas Gerais","MG",3,"Sudeste"
3117306,"Conceição das Alagoas",31022,"Uberaba",3105,"Triângulo Mineiro/Alto Paranaíba",310055,"Uberaba",3110,"Uberaba",31,"Minas Gerais","MG",3,"Sudeste"
3117405,"Conceição de Ipanema",31041,"Aimorés",3108,"Vale do Rio Doce",310028,"Manhuaçu",3106,"Juíz de Fora",31,"Minas Gerais","MG",3,"Sudeste"
3117504,"Conceição do Mato Dentro",31028,"Conceição do Mato Dentro",3107,"Metropolitana de Belo Horizonte",310002,"Sete Lagoas",3101,"Belo Horizonte",31,"Minas Gerais","MG",3,"Sudeste"
3117603,"Conceição do Pará",31043,"Divinópolis",3109,"Oeste de Minas",310065,"Divinópolis",3113,"Divinópolis",31,"Minas Gerais","MG",3,"Sudeste"
3117702,"Conceição do Rio Verde",31054,"São Lourenço",3110,"Sul/Sudoeste de Minas",310053,"São Lourenço",3109,"Pouso Alegre",31,"Minas Gerais","MG",3,"Sudeste"
3117801,"Conceição dos Ouros",31053,"Santa Rita do Sapucaí",3110,"Sul/Sudoeste de Minas",310050,"Pouso Alegre",3109,"Pouso Alegre",31,"Minas Gerais","MG",3,"Sudeste"
3117836,"Cônego Marinho",31003,"Januária",3102,"Norte de Minas",310009,"Januária",3102,"Montes Claros",31,"Minas Gerais","MG",3,"Sudeste"
3117876,"Confins",31030,"Belo Horizonte",3107,"Metropolitana de Belo Horizonte",310001,"Belo Horizonte",3101,"Belo Horizonte",31,"Minas Gerais","MG",3,"Sudeste"
3117900,"Congonhal",31052,"Pouso Alegre",3110,"Sul/Sudoeste de Minas",310050,"Pouso Alegre",3109,"Pouso Alegre",31,"Minas Gerais","MG",3,"Sudeste"
3118007,"Congonhas",31034,"Conselheiro Lafaiete",3107,"Metropolitana de Belo Horizonte",310038,"Conselheiro Lafaiete",3107,"Barbacena",31,"Minas Gerais","MG",3,"Sudeste"
3118106,"Congonhas do Norte",31028,"Conceição do Mato Dentro",3107,"Metropolitana de Belo Horizonte",310002,"Sete Lagoas",3101,"Belo Horizonte",31,"Minas Gerais","MG",3,"Sudeste"
3118205,"Conquista",31022,"Uberaba",3105,"Triângulo Mineiro/Alto Paranaíba",310055,"Uberaba",3110,"Uberaba",31,"Minas Gerais","MG",3,"Sudeste"
3118304,"Conselheiro Lafaiete",31034,"Conselheiro Lafaiete",3107,"Metropolitana de Belo Horizonte",310038,"Conselheiro Lafaiete",3107,"Barbacena",31,"Minas Gerais","MG",3,"Sudeste"
3118403,"Conselheiro Pena",31041,"Aimorés",3108,"Vale do Rio Doce",310020,"Governador Valadares",3104,"Governador Valadares",31,"Minas Gerais","MG",3,"Sudeste"
3118502,"Consolação",31056,"Itajubá",3110,"Sul/Sudoeste de Minas",310050,"Pouso Alegre",3109,"Pouso Alegre",31,"Minas Gerais","MG",3,"Sudeste"
3118601,"Contagem",31030,"Belo Horizonte",3107,"Metropolitana de Belo Horizonte",310001,"Belo Horizonte",3101,"Belo Horizonte",31,"Minas Gerais","MG",3,"Sudeste"
3118700,"Coqueiral",31050,"Varginha",3110,"Sul/Sudoeste de Minas",310046,"Três Pontas - Boa Esperança",3108,"Varginha",31,"Minas Gerais","MG",3,"Sudeste"
3118809,"Coração de Jesus",31007,"Montes Claros",3102,"Norte de Minas",310006,"Montes Claros",3102,"Montes Claros",31,"Minas Gerais","MG",3,"Sudeste"
3118908,"Cordisburgo",31027,"Sete Lagoas",3107,"Metropolitana de Belo Horizonte",310002,"Sete Lagoas",3101,"Belo Horizonte",31,"Minas Gerais","MG",3,"Sudeste"
3119005,"Cordislândia",31053,"Santa Rita do Sapucaí",3110,"Sul/Sudoeste de Minas",310040,"Varginha",3108,"Varginha",31,"Minas Gerais","MG",3,"Sudeste"
3119104,"Corinto",31025,"Curvelo",3106,"Central Mineira",310004,"Curvelo",3101,"Belo Horizonte",31,"Minas Gerais","MG",3,"Sudeste"
3119203,"Coroaci",31037,"Governador Valadares",3108,"Vale do Rio Doce",310020,"Governador Valadares",3104,"Governador Valadares",31,"Minas Gerais","MG",3,"Sudeste"
3119302,"Coromandel",31019,"Patrocínio",3105,"Triângulo Mineiro/Alto Paranaíba",310064,"Patrocínio",3112,"Patos de Minas",31,"Minas Gerais","MG",3,"Sudeste"
3119401,"Coronel Fabriciano",31039,"Ipatinga",3108,"Vale do Rio Doce",310024,"Ipatinga",3105,"Ipatinga",31,"Minas Gerais","MG",3,"Sudeste"
3119500,"Coronel Murta",31012,"Araçuaí",3103,"Jequitinhonha",310017,"Araçuaí",3103,"Teófilo Otoni",31,"Minas Gerais","MG",3,"Sudeste"
3119609,"Coronel Pacheco",31065,"Juiz de Fora",3112,"Zona da Mata",310027,"Juiz de Fora",3106,"Juíz de Fora",31,"Minas Gerais","MG",3,"Sudeste"
3119708,"Coronel Xavier Chaves",31058,"São João Del Rei",3111,"Campo das Vertentes",310039,"São João del Rei",3107,"Barbacena",31,"Minas Gerais","MG",3,"Sudeste"
3119807,"Córrego Danta",31042,"Piuí",3109,"Oeste de Minas",310066,"Formiga",3113,"Divinópolis",31,"Minas Gerais","MG",3,"Sudeste"
3119906,"Córrego do Bom Jesus",31052,"Pouso Alegre",3110,"Sul/Sudoeste de Minas",310050,"Pouso Alegre",3109,"Pouso Alegre",31,"Minas Gerais","MG",3,"Sudeste"
3119955,"Córrego Fundo",31044,"Formiga",3109,"Oeste de Minas",310066,"Formiga",3113,"Divinópolis",31,"Minas Gerais","MG",3,"Sudeste"
3120003,"Córrego Novo",31040,"Caratinga",3108,"Vale do Rio Doce",310025,"Caratinga",3105,"Ipatinga",31,"Minas Gerais","MG",3,"Sudeste"
3120102,"Couto de Magalhães de Minas",31010,"Diamantina",3103,"Jequitinhonha",310016,"Diamantina",3103,"Teófilo Otoni",31,"Minas Gerais","MG",3,"Sudeste"
3120151,"Crisólita",31016,"Nanuque",3104,"Vale do Mucuri",310019,"Águas Formosas",3103,"Teófilo Otoni",31,"Minas Gerais","MG",3,"Sudeste"
3120201,"Cristais",31045,"Campo Belo",3109,"Oeste de Minas",310048,"Campo Belo",3108,"Varginha",31,"Minas Gerais","MG",3,"Sudeste"
3120300,"Cristália",31008,"Grão Mogol",3102,"Norte de Minas",310006,"Montes Claros",3102,"Montes Claros",31,"Minas Gerais","MG",3,"Sudeste"
3120409,"Cristiano Otoni",31034,"Conselheiro Lafaiete",3107,"Metropolitana de Belo Horizonte",310038,"Conselheiro Lafaiete",3107,"Barbacena",31,"Minas Gerais","MG",3,"Sudeste"
3120508,"Cristina",31056,"Itajubá",3110,"Sul/Sudoeste de Minas",310053,"São Lourenço",3109,"Pouso Alegre",31,"Minas Gerais","MG",3,"Sudeste"
3120607,"Crucilândia",31032,"Itaguara",3107,"Metropolitana de Belo Horizonte",310069,"Oliveira",3113,"Divinópolis",31,"Minas Gerais","MG",3,"Sudeste"
3120706,"Cruzeiro da Fortaleza",31019,"Patrocínio",3105,"Triângulo Mineiro/Alto Paranaíba",310064,"Patrocínio",3112,"Patos de Minas",31,"Minas Gerais","MG",3,"Sudeste"
3120805,"Cruzília",31055,"Andrelândia",3110,"Sul/Sudoeste de Minas",310054,"Caxambu - Baependi",3109,"Pouso Alegre",31,"Minas Gerais","MG",3,"Sudeste"
3120839,"Cuparaque",31041,"Aimorés",3108,"Vale do Rio Doce",310023,"Aimorés - Resplendor",3104,"Governador Valadares",31,"Minas Gerais","MG",3,"Sudeste"
3120870,"Curral de Dentro",31005,"Salinas",3102,"Norte de Minas",310008,"Salinas",3102,"Montes Claros",31,"Minas Gerais","MG",3,"Sudeste"
3120904,"Curvelo",31025,"Curvelo",3106,"Central Mineira",310004,"Curvelo",3101,"Belo Horizonte",31,"Minas Gerais","MG",3,"Sudeste"
3121001,"Datas",31010,"Diamantina",3103,"Jequitinhonha",310016,"Diamantina",3103,"Teófilo Otoni",31,"Minas Gerais","MG",3,"Sudeste"
3121100,"Delfim Moreira",31056,"Itajubá",3110,"Sul/Sudoeste de Minas",310052,"Itajubá",3109,"Pouso Alegre",31,"Minas Gerais","MG",3,"Sudeste"
3121209,"Delfinópolis",31047,"Passos",3110,"Sul/Sudoeste de Minas",310041,"Passos",3108,"Varginha",31,"Minas Gerais","MG",3,"Sudeste"
3121258,"Delta",31022,"Uberaba",3105,"Triângulo Mineiro/Alto Paranaíba",310055,"Uberaba",3110,"Uberaba",31,"Minas Gerais","MG",3,"Sudeste"
3121308,"Descoberto",31065,"Juiz de Fora",3112,"Zona da Mata",310035,"São João Nepomuceno - Bicas",3106,"Juíz de Fora",31,"Minas Gerais","MG",3,"Sudeste"
3121407,"Desterro de Entre Rios",31034,"Conselheiro Lafaiete",3107,"Metropolitana de Belo Horizonte",310038,"Conselheiro Lafaiete",3107,"Barbacena",31,"Minas Gerais","MG",3,"Sudeste"
3121506,"Desterro do Melo",31059,"Barbacena",3111,"Campo das Vertentes",310037,"Barbacena",3107,"Barbacena",31,"Minas Gerais","MG",3,"Sudeste"
3121605,"Diamantina",31010,"Diamantina",3103,"Jequitinhonha",310016,"Diamantina",3103,"Teófilo Otoni",31,"Minas Gerais","MG",3,"Sudeste"
3121704,"Diogo de Vasconcelos",31033,"Ouro Preto",3107,"Metropolitana de Belo Horizonte",310030,"Ponte Nova",3106,"Juíz de Fora",31,"Minas Gerais","MG",3,"Sudeste"
3121803,"Dionísio",31031,"Itabira",3107,"Metropolitana de Belo Horizonte",310024,"Ipatinga",3105,"Ipatinga",31,"Minas Gerais","MG",3,"Sudeste"
3121902,"Divinésia",31064,"Ubá",3112,"Zona da Mata",310029,"Ubá",3106,"Juíz de Fora",31,"Minas Gerais","MG",3,"Sudeste"
3122009,"Divino",31063,"Muriaé",3112,"Zona da Mata",310034,"Carangola",3106,"Juíz de Fora",31,"Minas Gerais","MG",3,"Sudeste"
3122108,"Divino das Laranjeiras",31037,"Governador Valadares",3108,"Vale do Rio Doce",310020,"Governador Valadares",3104,"Governador Valadares",31,"Minas Gerais","MG",3,"Sudeste"
3122207,"Divinolândia de Minas",31035,"Guanhães",3108,"Vale do Rio Doce",310021,"Guanhães",3104,"Governador Valadares",31,"Minas Gerais","MG",3,"Sudeste"
3122306,"Divinópolis",31043,"Divinópolis",3109,"Oeste de Minas",310065,"Divinópolis",3113,"Divinópolis",31,"Minas Gerais","MG",3,"Sudeste"
3122355,"Divisa Alegre",31005,"Salinas",3102,"Norte de Minas",310018,"Pedra Azul",3103,"Teófilo Otoni",31,"Minas Gerais","MG",3,"Sudeste"
3122405,"Divisa Nova",31049,"Alfenas",3110,"Sul/Sudoeste de Minas",310042,"Alfenas",3108,"Varginha",31,"Minas Gerais","MG",3,"Sudeste"
3122454,"Divisópolis",31014,"Almenara",3103,"Jequitinhonha",310018,"Pedra Azul",3103,"Teófilo Otoni",31,"Minas Gerais","MG",3,"Sudeste"
3122470,"Dom Bosco",31001,"Unaí",3101,"Noroeste de Minas",310063,"Unaí",3112,"Patos de Minas",31,"Minas Gerais","MG",3,"Sudeste"
3122504,"Dom Cavati",31040,"Caratinga",3108,"Vale do Rio Doce",310024,"Ipatinga",3105,"Ipatinga",31,"Minas Gerais","MG",3,"Sudeste"
3122603,"Dom Joaquim",31028,"Conceição do Mato Dentro",3107,"Metropolitana de Belo Horizonte",310021,"Guanhães",3104,"Governador Valadares",31,"Minas Gerais","MG",3,"Sudeste"
3122702,"Dom Silvério",31060,"Ponte Nova",3112,"Zona da Mata",310030,"Ponte Nova",3106,"Juíz de Fora",31,"Minas Gerais","MG",3,"Sudeste"
3122801,"Dom Viçoso",31056,"Itajubá",3110,"Sul/Sudoeste de Minas",310053,"São Lourenço",3109,"Pouso Alegre",31,"Minas Gerais","MG",3,"Sudeste"
3122900,"Dona Euzébia",31066,"Cataguases",3112,"Zona da Mata",310032,"Cataguases",3106,"Juíz de Fora",31,"Minas Gerais","MG",3,"Sudeste"
3123007,"Dores de Campos",31058,"São João Del Rei",3111,"Campo das Vertentes",310037,"Barbacena",3107,"Barbacena",31,"Minas Gerais","MG",3,"Sudeste"
3123106,"Dores de Guanhães",31035,"Guanhães",3108,"Vale do Rio Doce",310021,"Guanhães",3104,"Governador Valadares",31,"Minas Gerais","MG",3,"Sudeste"
3123205,"Dores do Indaiá",31026,"Bom Despacho",3106,"Central Mineira",310067,"Dores do Indaiá",3113,"Divinópolis",31,"Minas Gerais","MG",3,"Sudeste"
3123304,"Dores do Turvo",31064,"Ubá",3112,"Zona da Mata",310029,"Ubá",3106,"Juíz de Fora",31,"Minas Gerais","MG",3,"Sudeste"
3123403,"Doresópolis",31042,"Piuí",3109,"Oeste de Minas",310049,"Piumhi",3108,"Varginha",31,"Minas Gerais","MG",3,"Sudeste"
3123502,"Douradoquara",31019,"Patrocínio",3105,"Triângulo Mineiro/Alto Paranaíba",310061,"Monte Carmelo",3111,"Uberlândia",31,"Minas Gerais","MG",3,"Sudeste"
3123528,"Durandé",31061,"Manhuaçu",3112,"Zona da Mata",310028,"Manhuaçu",3106,"Juíz de Fora",31,"Minas Gerais","MG",3,"Sudeste"
3123601,"Elói Mendes",31050,"Varginha",3110,"Sul/Sudoeste de Minas",310040,"Varginha",3108,"Varginha",31,"Minas Gerais","MG",3,"Sudeste"
3123700,"Engenheiro Caldas",31037,"Governador Valadares",3108,"Vale do Rio Doce",310020,"Governador Valadares",3104,"Governador Valadares",31,"Minas Gerais","MG",3,"Sudeste"
3123809,"Engenheiro Navarro",31009,"Bocaiúva",3102,"Norte de Minas",310006,"Montes Claros",3102,"Montes Claros",31,"Minas Gerais","MG",3,"Sudeste"
3123858,"Entre Folhas",31040,"Caratinga",3108,"Vale do Rio Doce",310025,"Caratinga",3105,"Ipatinga",31,"Minas Gerais","MG",3,"Sudeste"
3123908,"Entre Rios de Minas",31034,"Conselheiro Lafaiete",3107,"Metropolitana de Belo Horizonte",310038,"Conselheiro Lafaiete",3107,"Barbacena",31,"Minas Gerais","MG",3,"Sudeste"
3124005,"Ervália",31062,"Viçosa",3112,"Zona da Mata",310033,"Viçosa",3106,"Juíz de Fora",31,"Minas Gerais","MG",3,"Sudeste"
3124104,"Esmeraldas",31030,"Belo Horizonte",3107,"Metropolitana de Belo Horizonte",310001,"Belo Horizonte",3101,"Belo Horizonte",31,"Minas Gerais","MG",3,"Sudeste"
3124203,"Espera Feliz",31063,"Muriaé",3112,"Zona da Mata",310034,"Carangola",3106,"Juíz de Fora",31,"Minas Gerais","MG",3,"Sudeste"
3124302,"Espinosa",31004,"Janaúba",3102,"Norte de Minas",310012,"Espinosa",3102,"Montes Claros",31,"Minas Gerais","MG",3,"Sudeste"
3124401,"Espírito Santo do Dourado",31052,"Pouso Alegre",3110,"Sul/Sudoeste de Minas",310050,"Pouso Alegre",3109,"Pouso Alegre",31,"Minas Gerais","MG",3,"Sudeste"
3124500,"Estiva",31052,"Pouso Alegre",3110,"Sul/Sudoeste de Minas",310050,"Pouso Alegre",3109,"Pouso Alegre",31,"Minas Gerais","MG",3,"Sudeste"
3124609,"Estrela Dalva",31066,"Cataguases",3112,"Zona da Mata",310036,"Além Paraíba",3106,"Juíz de Fora",31,"Minas Gerais","MG",3,"Sudeste"
3124708,"Estrela do Indaiá",31026,"Bom Despacho",3106,"Central Mineira",310067,"Dores do Indaiá",3113,"Divinópolis",31,"Minas Gerais","MG",3,"Sudeste"
3124807,"Estrela do Sul",31019,"Patrocínio",3105,"Triângulo Mineiro/Alto Paranaíba",310061,"Monte Carmelo",3111,"Uberlândia",31,"Minas Gerais","MG",3,"Sudeste"
3124906,"Eugenópolis",31063,"Muriaé",3112,"Zona da Mata",310031,"Muriaé",3106,"Juíz de Fora",31,"Minas Gerais","MG",3,"Sudeste"
3125002,"Ewbank da Câmara",31065,"Juiz de Fora",3112,"Zona da Mata",310027,"Juiz de Fora",3106,"Juíz de Fora",31,"Minas Gerais","MG",3,"Sudeste"
3125101,"Extrema",31052,"Pouso Alegre",3110,"Sul/Sudoeste de Minas",310050,"Pouso Alegre",3109,"Pouso Alegre",31,"Minas Gerais","MG",3,"Sudeste"
3125200,"Fama",31049,"Alfenas",3110,"Sul/Sudoeste de Minas",310042,"Alfenas",3108,"Varginha",31,"Minas Gerais","MG",3,"Sudeste"
3125309,"Faria Lemos",31063,"Muriaé",3112,"Zona da Mata",310034,"Carangola",3106,"Juíz de Fora",31,"Minas Gerais","MG",3,"Sudeste"
3125408,"Felício dos Santos",31010,"Diamantina",3103,"Jequitinhonha",310016,"Diamantina",3103,"Teófilo Otoni",31,"Minas Gerais","MG",3,"Sudeste"
3125507,"São Gonçalo do Rio Preto",31010,"Diamantina",3103,"Jequitinhonha",310016,"Diamantina",3103,"Teófilo Otoni",31,"Minas Gerais","MG",3,"Sudeste"
3125606,"Felisburgo",31014,"Almenara",3103,"Jequitinhonha",310015,"Almenara",3103,"Teófilo Otoni",31,"Minas Gerais","MG",3,"Sudeste"
3125705,"Felixlândia",31025,"Curvelo",3106,"Central Mineira",310004,"Curvelo",3101,"Belo Horizonte",31,"Minas Gerais","MG",3,"Sudeste"
3125804,"Fernandes Tourinho",31037,"Governador Valadares",3108,"Vale do Rio Doce",310020,"Governador Valadares",3104,"Governador Valadares",31,"Minas Gerais","MG",3,"Sudeste"
3125903,"Ferros",31031,"Itabira",3107,"Metropolitana de Belo Horizonte",310005,"Itabira",3101,"Belo Horizonte",31,"Minas Gerais","MG",3,"Sudeste"
3125952,"Fervedouro",31063,"Muriaé",3112,"Zona da Mata",310031,"Muriaé",3106,"Juíz de Fora",31,"Minas Gerais","MG",3,"Sudeste"
3126000,"Florestal",31029,"Pará de Minas",3107,"Metropolitana de Belo Horizonte",310001,"Belo Horizonte",3101,"Belo Horizonte",31,"Minas Gerais","MG",3,"Sudeste"
3126109,"Formiga",31044,"Formiga",3109,"Oeste de Minas",310066,"Formiga",3113,"Divinópolis",31,"Minas Gerais","MG",3,"Sudeste"
3126208,"Formoso",31001,"Unaí",3101,"Noroeste de Minas",310063,"Unaí",3112,"Patos de Minas",31,"Minas Gerais","MG",3,"Sudeste"
3126307,"Fortaleza de Minas",31047,"Passos",3110,"Sul/Sudoeste de Minas",310041,"Passos",3108,"Varginha",31,"Minas Gerais","MG",3,"Sudeste"
3126406,"Fortuna de Minas",31027,"Sete Lagoas",3107,"Metropolitana de Belo Horizonte",310002,"Sete Lagoas",3101,"Belo Horizonte",31,"Minas Gerais","MG",3,"Sudeste"
3126505,"Francisco Badaró",31011,"Capelinha",3103,"Jequitinhonha",310017,"Araçuaí",3103,"Teófilo Otoni",31,"Minas Gerais","MG",3,"Sudeste"
3126604,"Francisco Dumont",31009,"Bocaiúva",3102,"Norte de Minas",310006,"Montes Claros",3102,"Montes Claros",31,"Minas Gerais","MG",3,"Sudeste"
3126703,"Francisco Sá",31007,"Montes Claros",3102,"Norte de Minas",310006,"Montes Claros",3102,"Montes Claros",31,"Minas Gerais","MG",3,"Sudeste"
3126752,"Franciscópolis",31015,"Teófilo Otoni",3104,"Vale do Mucuri",310013,"Teófilo Otoni",3103,"Teófilo Otoni",31,"Minas Gerais","MG",3,"Sudeste"
3126802,"Frei Gaspar",31015,"Teófilo Otoni",3104,"Vale do Mucuri",310013,"Teófilo Otoni",3103,"Teófilo Otoni",31,"Minas Gerais","MG",3,"Sudeste"
3126901,"Frei Inocêncio",31037,"Governador Valadares",3108,"Vale do Rio Doce",310020,"Governador Valadares",3104,"Governador Valadares",31,"Minas Gerais","MG",3,"Sudeste"
3126950,"Frei Lagonegro",31036,"Peçanha",3108,"Vale do Rio Doce",310021,"Guanhães",3104,"Governador Valadares",31,"Minas Gerais","MG",3,"Sudeste"
3127008,"Fronteira",31021,"Frutal",3105,"Triângulo Mineiro/Alto Paranaíba",310057,"Frutal",3110,"Uberaba",31,"Minas Gerais","MG",3,"Sudeste"
3127057,"Fronteira dos Vales",31016,"Nanuque",3104,"Vale do Mucuri",310019,"Águas Formosas",3103,"Teófilo Otoni",31,"Minas Gerais","MG",3,"Sudeste"
3127073,"Fruta de Leite",31005,"Salinas",3102,"Norte de Minas",310008,"Salinas",3102,"Montes Claros",31,"Minas Gerais","MG",3,"Sudeste"
3127107,"Frutal",31021,"Frutal",3105,"Triângulo Mineiro/Alto Paranaíba",310057,"Frutal",3110,"Uberaba",31,"Minas Gerais","MG",3,"Sudeste"
3127206,"Funilândia",31027,"Sete Lagoas",3107,"Metropolitana de Belo Horizonte",310002,"Sete Lagoas",3101,"Belo Horizonte",31,"Minas Gerais","MG",3,"Sudeste"
3127305,"Galiléia",31037,"Governador Valadares",3108,"Vale do Rio Doce",310020,"Governador Valadares",3104,"Governador Valadares",31,"Minas Gerais","MG",3,"Sudeste"
3127339,"Gameleiras",31004,"Janaúba",3102,"Norte de Minas",310012,"Espinosa",3102,"Montes Claros",31,"Minas Gerais","MG",3,"Sudeste"
3127354,"Glaucilândia",31007,"Montes Claros",3102,"Norte de Minas",310006,"Montes Claros",3102,"Montes Claros",31,"Minas Gerais","MG",3,"Sudeste"
3127370,"Goiabeira",31041,"Aimorés",3108,"Vale do Rio Doce",310020,"Governador Valadares",3104,"Governador Valadares",31,"Minas Gerais","MG",3,"Sudeste"
3127388,"Goianá",31065,"Juiz de Fora",3112,"Zona da Mata",310027,"Juiz de Fora",3106,"Juíz de Fora",31,"Minas Gerais","MG",3,"Sudeste"
3127404,"Gonçalves",31052,"Pouso Alegre",3110,"Sul/Sudoeste de Minas",310052,"Itajubá",3109,"Pouso Alegre",31,"Minas Gerais","MG",3,"Sudeste"
3127503,"Gonzaga",31035,"Guanhães",3108,"Vale do Rio Doce",310020,"Governador Valadares",3104,"Governador Valadares",31,"Minas Gerais","MG",3,"Sudeste"
3127602,"Gouveia",31010,"Diamantina",3103,"Jequitinhonha",310016,"Diamantina",3103,"Teófilo Otoni",31,"Minas Gerais","MG",3,"Sudeste"
3127701,"Governador Valadares",31037,"Governador Valadares",3108,"Vale do Rio Doce",310020,"Governador Valadares",3104,"Governador Valadares",31,"Minas Gerais","MG",3,"Sudeste"
3127800,"Grão Mogol",31008,"Grão Mogol",3102,"Norte de Minas",310006,"Montes Claros",3102,"Montes Claros",31,"Minas Gerais","MG",3,"Sudeste"
3127909,"Grupiara",31019,"Patrocínio",3105,"Triângulo Mineiro/Alto Paranaíba",310061,"Monte Carmelo",3111,"Uberlândia",31,"Minas Gerais","MG",3,"Sudeste"
3128006,"Guanhães",31035,"Guanhães",3108,"Vale do Rio Doce",310021,"Guanhães",3104,"Governador Valadares",31,"Minas Gerais","MG",3,"Sudeste"
3128105,"Guapé",31050,"Varginha",3110,"Sul/Sudoeste de Minas",310041,"Passos",3108,"Varginha",31,"Minas Gerais","MG",3,"Sudeste"
3128204,"Guaraciaba",31060,"Ponte Nova",3112,"Zona da Mata",310030,"Ponte Nova",3106,"Juíz de Fora",31,"Minas Gerais","MG",3,"Sudeste"
3128253,"Guaraciama",31009,"Bocaiúva",3102,"Norte de Minas",310006,"Montes Claros",3102,"Montes Claros",31,"Minas Gerais","MG",3,"Sudeste"
3128303,"Guaranésia",31048,"São Sebastião do Paraíso",3110,"Sul/Sudoeste de Minas",310044,"Guaxupé",3108,"Varginha",31,"Minas Gerais","MG",3,"Sudeste"
3128402,"Guarani",31064,"Ubá",3112,"Zona da Mata",310029,"Ubá",3106,"Juíz de Fora",31,"Minas Gerais","MG",3,"Sudeste"
3128501,"Guarará",31065,"Juiz de Fora",3112,"Zona da Mata",310035,"São João Nepomuceno - Bicas",3106,"Juíz de Fora",31,"Minas Gerais","MG",3,"Sudeste"
3128600,"Guarda-Mor",31002,"Paracatu",3101,"Noroeste de Minas",310062,"Patos de Minas",3112,"Patos de Minas",31,"Minas Gerais","MG",3,"Sudeste"
3128709,"Guaxupé",31048,"São Sebastião do Paraíso",3110,"Sul/Sudoeste de Minas",310044,"Guaxupé",3108,"Varginha",31,"Minas Gerais","MG",3,"Sudeste"
3128808,"Guidoval",31064,"Ubá",3112,"Zona da Mata",310029,"Ubá",3106,"Juíz de Fora",31,"Minas Gerais","MG",3,"Sudeste"
3128907,"Guimarânia",31020,"Patos de Minas",3105,"Triângulo Mineiro/Alto Paranaíba",310064,"Patrocínio",3112,"Patos de Minas",31,"Minas Gerais","MG",3,"Sudeste"
3129004,"Guiricema",31064,"Ubá",3112,"Zona da Mata",310029,"Ubá",3106,"Juíz de Fora",31,"Minas Gerais","MG",3,"Sudeste"
3129103,"Gurinhatã",31017,"Ituiutaba",3105,"Triângulo Mineiro/Alto Paranaíba",310060,"Ituiutaba",3111,"Uberlândia",31,"Minas Gerais","MG",3,"Sudeste"
3129202,"Heliodora",31053,"Santa Rita do Sapucaí",3110,"Sul/Sudoeste de Minas",310050,"Pouso Alegre",3109,"Pouso Alegre",31,"Minas Gerais","MG",3,"Sudeste"
3129301,"Iapu",31040,"Caratinga",3108,"Vale do Rio Doce",310024,"Ipatinga",3105,"Ipatinga",31,"Minas Gerais","MG",3,"Sudeste"
3129400,"Ibertioga",31059,"Barbacena",3111,"Campo das Vertentes",310037,"Barbacena",3107,"Barbacena",31,"Minas Gerais","MG",3,"Sudeste"
3129509,"Ibiá",31023,"Araxá",3105,"Triângulo Mineiro/Alto Paranaíba",310056,"Araxá",3110,"Uberaba",31,"Minas Gerais","MG",3,"Sudeste"
3129608,"Ibiaí",31006,"Pirapora",3102,"Norte de Minas",310010,"Pirapora",3102,"Montes Claros",31,"Minas Gerais","MG",3,"Sudeste"
3129657,"Ibiracatu",31007,"Montes Claros",3102,"Norte de Minas",310006,"Montes Claros",3102,"Montes Claros",31,"Minas Gerais","MG",3,"Sudeste"
3129707,"Ibiraci",31047,"Passos",3110,"Sul/Sudoeste de Minas",310041,"Passos",3108,"Varginha",31,"Minas Gerais","MG",3,"Sudeste"
3129806,"Ibirité",31030,"Belo Horizonte",3107,"Metropolitana de Belo Horizonte",310001,"Belo Horizonte",3101,"Belo Horizonte",31,"Minas Gerais","MG",3,"Sudeste"
3129905,"Ibitiúra de Minas",31051,"Poços de Caldas",3110,"Sul/Sudoeste de Minas",310051,"Poços de Caldas",3109,"Pouso Alegre",31,"Minas Gerais","MG",3,"Sudeste"
3130002,"Ibituruna",31046,"Oliveira",3109,"Oeste de Minas",310043,"Lavras",3108,"Varginha",31,"Minas Gerais","MG",3,"Sudeste"
3130051,"Icaraí de Minas",31003,"Januária",3102,"Norte de Minas",310011,"São Francisco",3102,"Montes Claros",31,"Minas Gerais","MG",3,"Sudeste"
3130101,"Igarapé",31030,"Belo Horizonte",3107,"Metropolitana de Belo Horizonte",310001,"Belo Horizonte",3101,"Belo Horizonte",31,"Minas Gerais","MG",3,"Sudeste"
3130200,"Igaratinga",31043,"Divinópolis",3109,"Oeste de Minas",310068,"Pará de Minas",3113,"Divinópolis",31,"Minas Gerais","MG",3,"Sudeste"
3130309,"Iguatama",31042,"Piuí",3109,"Oeste de Minas",310066,"Formiga",3113,"Divinópolis",31,"Minas Gerais","MG",3,"Sudeste"
3130408,"Ijaci",31057,"Lavras",3111,"Campo das Vertentes",310043,"Lavras",3108,"Varginha",31,"Minas Gerais","MG",3,"Sudeste"
3130507,"Ilicínea",31050,"Varginha",3110,"Sul/Sudoeste de Minas",310046,"Três Pontas - Boa Esperança",3108,"Varginha",31,"Minas Gerais","MG",3,"Sudeste"
3130556,"Imbé de Minas",31040,"Caratinga",3108,"Vale do Rio Doce",310025,"Caratinga",3105,"Ipatinga",31,"Minas Gerais","MG",3,"Sudeste"
3130606,"Inconfidentes",31051,"Poços de Caldas",3110,"Sul/Sudoeste de Minas",310050,"Pouso Alegre",3109,"Pouso Alegre",31,"Minas Gerais","MG",3,"Sudeste"
3130655,"Indaiabira",31005,"Salinas",3102,"Norte de Minas",310008,"Salinas",3102,"Montes Claros",31,"Minas Gerais","MG",3,"Sudeste"
3130705,"Indianópolis",31018,"Uberlândia",3105,"Triângulo Mineiro/Alto Paranaíba",310059,"Uberlândia",3111,"Uberlândia",31,"Minas Gerais","MG",3,"Sudeste"
3130804,"Ingaí",31057,"Lavras",3111,"Campo das Vertentes",310043,"Lavras",3108,"Varginha",31,"Minas Gerais","MG",3,"Sudeste"
3130903,"Inhapim",31040,"Caratinga",3108,"Vale do Rio Doce",310025,"Caratinga",3105,"Ipatinga",31,"Minas Gerais","MG",3,"Sudeste"
3131000,"Inhaúma",31027,"Sete Lagoas",3107,"Metropolitana de Belo Horizonte",310002,"Sete Lagoas",3101,"Belo Horizonte",31,"Minas Gerais","MG",3,"Sudeste"
3131109,"Inimutaba",31025,"Curvelo",3106,"Central Mineira",310004,"Curvelo",3101,"Belo Horizonte",31,"Minas Gerais","MG",3,"Sudeste"
3131158,"Ipaba",31040,"Caratinga",3108,"Vale do Rio Doce",310024,"Ipatinga",3105,"Ipatinga",31,"Minas Gerais","MG",3,"Sudeste"
3131208,"Ipanema",31041,"Aimorés",3108,"Vale do Rio Doce",310028,"Manhuaçu",3106,"Juíz de Fora",31,"Minas Gerais","MG",3,"Sudeste"
3131307,"Ipatinga",31039,"Ipatinga",3108,"Vale do Rio Doce",310024,"Ipatinga",3105,"Ipatinga",31,"Minas Gerais","MG",3,"Sudeste"
3131406,"Ipiaçu",31017,"Ituiutaba",3105,"Triângulo Mineiro/Alto Paranaíba",310060,"Ituiutaba",3111,"Uberlândia",31,"Minas Gerais","MG",3,"Sudeste"
3131505,"Ipuiúna",31052,"Pouso Alegre",3110,"Sul/Sudoeste de Minas",310050,"Pouso Alegre",3109,"Pouso Alegre",31,"Minas Gerais","MG",3,"Sudeste"
3131604,"Iraí de Minas",31019,"Patrocínio",3105,"Triângulo Mineiro/Alto Paranaíba",310061,"Monte Carmelo",3111,"Uberlândia",31,"Minas Gerais","MG",3,"Sudeste"
3131703,"Itabira",31031,"Itabira",3107,"Metropolitana de Belo Horizonte",310005,"Itabira",3101,"Belo Horizonte",31,"Minas Gerais","MG",3,"Sudeste"
3131802,"Itabirinha",31038,"Mantena",3108,"Vale do Rio Doce",310022,"Mantena",3104,"Governador Valadares",31,"Minas Gerais","MG",3,"Sudeste"
3131901,"Itabirito",31033,"Ouro Preto",3107,"Metropolitana de Belo Horizonte",310003,"Santa Bárbara - Ouro Preto",3101,"Belo Horizonte",31,"Minas Gerais","MG",3,"Sudeste"
3132008,"Itacambira",31008,"Grão Mogol",3102,"Norte de Minas",310006,"Montes Claros",3102,"Montes Claros",31,"Minas Gerais","MG",3,"Sudeste"
3132107,"Itacarambi",31003,"Januária",3102,"Norte de Minas",310009,"Januária",3102,"Montes Claros",31,"Minas Gerais","MG",3,"Sudeste"
3132206,"Itaguara",31032,"Itaguara",3107,"Metropolitana de Belo Horizonte",310069,"Oliveira",3113,"Divinópolis",31,"Minas Gerais","MG",3,"Sudeste"
3132305,"Itaipé",31015,"Teófilo Otoni",3104,"Vale do Mucuri",310013,"Teófilo Otoni",3103,"Teófilo Otoni",31,"Minas Gerais","MG",3,"Sudeste"
3132404,"Itajubá",31056,"Itajubá",3110,"Sul/Sudoeste de Minas",310052,"Itajubá",3109,"Pouso Alegre",31,"Minas Gerais","MG",3,"Sudeste"
3132503,"Itamarandiba",31011,"Capelinha",3103,"Jequitinhonha",310014,"Capelinha",3103,"Teófilo Otoni",31,"Minas Gerais","MG",3,"Sudeste"
3132602,"Itamarati de Minas",31066,"Cataguases",3112,"Zona da Mata",310032,"Cataguases",3106,"Juíz de Fora",31,"Minas Gerais","MG",3,"Sudeste"
3132701,"Itambacuri",31037,"Governador Valadares",3108,"Vale do Rio Doce",310013,"Teófilo Otoni",3103,"Teófilo Otoni",31,"Minas Gerais","MG",3,"Sudeste"
3132800,"Itambé do Mato Dentro",31028,"Conceição do Mato Dentro",3107,"Metropolitana de Belo Horizonte",310005,"Itabira",3101,"Belo Horizonte",31,"Minas Gerais","MG",3,"Sudeste"
3132909,"Itamogi",31048,"São Sebastião do Paraíso",3110,"Sul/Sudoeste de Minas",310047,"São Sebastião do Paraíso",3108,"Varginha",31,"Minas Gerais","MG",3,"Sudeste"
3133006,"Itamonte",31054,"São Lourenço",3110,"Sul/Sudoeste de Minas",310053,"São Lourenço",3109,"Pouso Alegre",31,"Minas Gerais","MG",3,"Sudeste"
3133105,"Itanhandu",31054,"São Lourenço",3110,"Sul/Sudoeste de Minas",310053,"São Lourenço",3109,"Pouso Alegre",31,"Minas Gerais","MG",3,"Sudeste"
3133204,"Itanhomi",31037,"Governador Valadares",3108,"Vale do Rio Doce",310020,"Governador Valadares",3104,"Governador Valadares",31,"Minas Gerais","MG",3,"Sudeste"
3133303,"Itaobim",31013,"Pedra Azul",3103,"Jequitinhonha",310013,"Teófilo Otoni",3103,"Teófilo Otoni",31,"Minas Gerais","MG",3,"Sudeste"
3133402,"Itapagipe",31021,"Frutal",3105,"Triângulo Mineiro/Alto Paranaíba",310057,"Frutal",3110,"Uberaba",31,"Minas Gerais","MG",3,"Sudeste"
3133501,"Itapecerica",31044,"Formiga",3109,"Oeste de Minas",310065,"Divinópolis",3113,"Divinópolis",31,"Minas Gerais","MG",3,"Sudeste"
3133600,"Itapeva",31052,"Pouso Alegre",3110,"Sul/Sudoeste de Minas",310050,"Pouso Alegre",3109,"Pouso Alegre",31,"Minas Gerais","MG",3,"Sudeste"
3133709,"Itatiaiuçu",31032,"Itaguara",3107,"Metropolitana de Belo Horizonte",310065,"Divinópolis",3113,"Divinópolis",31,"Minas Gerais","MG",3,"Sudeste"
3133758,"Itaú de Minas",31047,"Passos",3110,"Sul/Sudoeste de Minas",310041,"Passos",3108,"Varginha",31,"Minas Gerais","MG",3,"Sudeste"
3133808,"Itaúna",31043,"Divinópolis",3109,"Oeste de Minas",310065,"Divinópolis",3113,"Divinópolis",31,"Minas Gerais","MG",3,"Sudeste"
3133907,"Itaverava",31034,"Conselheiro Lafaiete",3107,"Metropolitana de Belo Horizonte",310038,"Conselheiro Lafaiete",3107,"Barbacena",31,"Minas Gerais","MG",3,"Sudeste"
3134004,"Itinga",31012,"Araçuaí",3103,"Jequitinhonha",310017,"Araçuaí",3103,"Teófilo Otoni",31,"Minas Gerais","MG",3,"Sudeste"
3134103,"Itueta",31041,"Aimorés",3108,"Vale do Rio Doce",310023,"Aimorés - Resplendor",3104,"Governador Valadares",31,"Minas Gerais","MG",3,"Sudeste"
3134202,"Ituiutaba",31017,"Ituiutaba",3105,"Triângulo Mineiro/Alto Paranaíba",310060,"Ituiutaba",3111,"Uberlândia",31,"Minas Gerais","MG",3,"Sudeste"
3134301,"Itumirim",31057,"Lavras",3111,"Campo das Vertentes",310043,"Lavras",3108,"Varginha",31,"Minas Gerais","MG",3,"Sudeste"
3134400,"Iturama",31021,"Frutal",3105,"Triângulo Mineiro/Alto Paranaíba",310058,"Iturama",3110,"Uberaba",31,"Minas Gerais","MG",3,"Sudeste"
3134509,"Itutinga",31057,"Lavras",3111,"Campo das Vertentes",310043,"Lavras",3108,"Varginha",31,"Minas Gerais","MG",3,"Sudeste"
3134608,"Jaboticatubas",31027,"Sete Lagoas",3107,"Metropolitana de Belo Horizonte",310001,"Belo Horizonte",3101,"Belo Horizonte",31,"Minas Gerais","MG",3,"Sudeste"
3134707,"Jacinto",31014,"Almenara",3103,"Jequitinhonha",310015,"Almenara",3103,"Teófilo Otoni",31,"Minas Gerais","MG",3,"Sudeste"
3134806,"Jacuí",31048,"São Sebastião do Paraíso",3110,"Sul/Sudoeste de Minas",310047,"São Sebastião do Paraíso",3108,"Varginha",31,"Minas Gerais","MG",3,"Sudeste"
3134905,"Jacutinga",31051,"Poços de Caldas",3110,"Sul/Sudoeste de Minas",310050,"Pouso Alegre",3109,"Pouso Alegre",31,"Minas Gerais","MG",3,"Sudeste"
3135001,"Jaguaraçu",31039,"Ipatinga",3108,"Vale do Rio Doce",310024,"Ipatinga",3105,"Ipatinga",31,"Minas Gerais","MG",3,"Sudeste"
3135050,"Jaíba",31004,"Janaúba",3102,"Norte de Minas",310007,"Janaúba",3102,"Montes Claros",31,"Minas Gerais","MG",3,"Sudeste"
3135076,"Jampruca",31037,"Governador Valadares",3108,"Vale do Rio Doce",310020,"Governador Valadares",3104,"Governador Valadares",31,"Minas Gerais","MG",3,"Sudeste"
3135100,"Janaúba",31004,"Janaúba",3102,"Norte de Minas",310007,"Janaúba",3102,"Montes Claros",31,"Minas Gerais","MG",3,"Sudeste"
3135209,"Januária",31003,"Januária",3102,"Norte de Minas",310009,"Januária",3102,"Montes Claros",31,"Minas Gerais","MG",3,"Sudeste"
3135308,"Japaraíba",31026,"Bom Despacho",3106,"Central Mineira",310065,"Divinópolis",3113,"Divinópolis",31,"Minas Gerais","MG",3,"Sudeste"
3135357,"Japonvar",31007,"Montes Claros",3102,"Norte de Minas",310006,"Montes Claros",3102,"Montes Claros",31,"Minas Gerais","MG",3,"Sudeste"
3135407,"Jeceaba",31032,"Itaguara",3107,"Metropolitana de Belo Horizonte",310038,"Conselheiro Lafaiete",3107,"Barbacena",31,"Minas Gerais","MG",3,"Sudeste"
3135456,"Jenipapo de Minas",31011,"Capelinha",3103,"Jequitinhonha",310017,"Araçuaí",3103,"Teófilo Otoni",31,"Minas Gerais","MG",3,"Sudeste"
3135506,"Jequeri",31060,"Ponte Nova",3112,"Zona da Mata",310030,"Ponte Nova",3106,"Juíz de Fora",31,"Minas Gerais","MG",3,"Sudeste"
3135605,"Jequitaí",31006,"Pirapora",3102,"Norte de Minas",310006,"Montes Claros",3102,"Montes Claros",31,"Minas Gerais","MG",3,"Sudeste"
3135704,"Jequitibá",31027,"Sete Lagoas",3107,"Metropolitana de Belo Horizonte",310002,"Sete Lagoas",3101,"Belo Horizonte",31,"Minas Gerais","MG",3,"Sudeste"
3135803,"Jequitinhonha",31014,"Almenara",3103,"Jequitinhonha",310015,"Almenara",3103,"Teófilo Otoni",31,"Minas Gerais","MG",3,"Sudeste"
3135902,"Jesuânia",31054,"São Lourenço",3110,"Sul/Sudoeste de Minas",310053,"São Lourenço",3109,"Pouso Alegre",31,"Minas Gerais","MG",3,"Sudeste"
3136009,"Joaíma",31014,"Almenara",3103,"Jequitinhonha",310015,"Almenara",3103,"Teófilo Otoni",31,"Minas Gerais","MG",3,"Sudeste"
3136108,"Joanésia",31039,"Ipatinga",3108,"Vale do Rio Doce",310024,"Ipatinga",3105,"Ipatinga",31,"Minas Gerais","MG",3,"Sudeste"
3136207,"João Monlevade",31031,"Itabira",3107,"Metropolitana de Belo Horizonte",310026,"João Monlevade",3105,"Ipatinga",31,"Minas Gerais","MG",3,"Sudeste"
3136306,"João Pinheiro",31002,"Paracatu",3101,"Noroeste de Minas",310062,"Patos de Minas",3112,"Patos de Minas",31,"Minas Gerais","MG",3,"Sudeste"
3136405,"Joaquim Felício",31025,"Curvelo",3106,"Central Mineira",310006,"Montes Claros",3102,"Montes Claros",31,"Minas Gerais","MG",3,"Sudeste"
3136504,"Jordânia",31014,"Almenara",3103,"Jequitinhonha",310015,"Almenara",3103,"Teófilo Otoni",31,"Minas Gerais","MG",3,"Sudeste"
3136520,"José Gonçalves de Minas",31011,"Capelinha",3103,"Jequitinhonha",310017,"Araçuaí",3103,"Teófilo Otoni",31,"Minas Gerais","MG",3,"Sudeste"
3136553,"José Raydan",31036,"Peçanha",3108,"Vale do Rio Doce",310021,"Guanhães",3104,"Governador Valadares",31,"Minas Gerais","MG",3,"Sudeste"
3136579,"Josenópolis",31008,"Grão Mogol",3102,"Norte de Minas",310006,"Montes Claros",3102,"Montes Claros",31,"Minas Gerais","MG",3,"Sudeste"
3136603,"Nova União",31031,"Itabira",3107,"Metropolitana de Belo Horizonte",310001,"Belo Horizonte",3101,"Belo Horizonte",31,"Minas Gerais","MG",3,"Sudeste"
3136652,"Juatuba",31030,"Belo Horizonte",3107,"Metropolitana de Belo Horizonte",310001,"Belo Horizonte",3101,"Belo Horizonte",31,"Minas Gerais","MG",3,"Sudeste"
3136702,"Juiz de Fora",31065,"Juiz de Fora",3112,"Zona da Mata",310027,"Juiz de Fora",3106,"Juíz de Fora",31,"Minas Gerais","MG",3,"Sudeste"
3136801,"Juramento",31007,"Montes Claros",3102,"Norte de Minas",310006,"Montes Claros",3102,"Montes Claros",31,"Minas Gerais","MG",3,"Sudeste"
3136900,"Juruaia",31048,"São Sebastião do Paraíso",3110,"Sul/Sudoeste de Minas",310044,"Guaxupé",3108,"Varginha",31,"Minas Gerais","MG",3,"Sudeste"
3136959,"Juvenília",31003,"Januária",3102,"Norte de Minas",310009,"Januária",3102,"Montes Claros",31,"Minas Gerais","MG",3,"Sudeste"
3137007,"Ladainha",31015,"Teófilo Otoni",3104,"Vale do Mucuri",310013,"Teófilo Otoni",3103,"Teófilo Otoni",31,"Minas Gerais","MG",3,"Sudeste"
3137106,"Lagamar",31002,"Paracatu",3101,"Noroeste de Minas",310062,"Patos de Minas",3112,"Patos de Minas",31,"Minas Gerais","MG",3,"Sudeste"
3137205,"Lagoa da Prata",31026,"Bom Despacho",3106,"Central Mineira",310065,"Divinópolis",3113,"Divinópolis",31,"Minas Gerais","MG",3,"Sudeste"
3137304,"Lagoa dos Patos",31006,"Pirapora",3102,"Norte de Minas",310006,"Montes Claros",3102,"Montes Claros",31,"Minas Gerais","MG",3,"Sudeste"
3137403,"Lagoa Dourada",31058,"São João Del Rei",3111,"Campo das Vertentes",310039,"São João del Rei",3107,"Barbacena",31,"Minas Gerais","MG",3,"Sudeste"
3137502,"Lagoa Formosa",31020,"Patos de Minas",3105,"Triângulo Mineiro/Alto Paranaíba",310062,"Patos de Minas",3112,"Patos de Minas",31,"Minas Gerais","MG",3,"Sudeste"
3137536,"Lagoa Grande",31002,"Paracatu",3101,"Noroeste de Minas",310062,"Patos de Minas",3112,"Patos de Minas",31,"Minas Gerais","MG",3,"Sudeste"
3137601,"Lagoa Santa",31030,"Belo Horizonte",3107,"Metropolitana de Belo Horizonte",310001,"Belo Horizonte",3101,"Belo Horizonte",31,"Minas Gerais","MG",3,"Sudeste"
3137700,"Lajinha",31061,"Manhuaçu",3112,"Zona da Mata",310028,"Manhuaçu",3106,"Juíz de Fora",31,"Minas Gerais","MG",3,"Sudeste"
3137809,"Lambari",31054,"São Lourenço",3110,"Sul/Sudoeste de Minas",310053,"São Lourenço",3109,"Pouso Alegre",31,"Minas Gerais","MG",3,"Sudeste"
3137908,"Lamim",31062,"Viçosa",3112,"Zona da Mata",310038,"Conselheiro Lafaiete",3107,"Barbacena",31,"Minas Gerais","MG",3,"Sudeste"
3138005,"Laranjal",31066,"Cataguases",3112,"Zona da Mata",310032,"Cataguases",3106,"Juíz de Fora",31,"Minas Gerais","MG",3,"Sudeste"
3138104,"Lassance",31006,"Pirapora",3102,"Norte de Minas",310010,"Pirapora",3102,"Montes Claros",31,"Minas Gerais","MG",3,"Sudeste"
3138203,"Lavras",31057,"Lavras",3111,"Campo das Vertentes",310043,"Lavras",3108,"Varginha",31,"Minas Gerais","MG",3,"Sudeste"
3138302,"Leandro Ferreira",31026,"Bom Despacho",3106,"Central Mineira",310065,"Divinópolis",3113,"Divinópolis",31,"Minas Gerais","MG",3,"Sudeste"
3138351,"Leme do Prado",31011,"Capelinha",3103,"Jequitinhonha",310014,"Capelinha",3103,"Teófilo Otoni",31,"Minas Gerais","MG",3,"Sudeste"
3138401,"Leopoldina",31066,"Cataguases",3112,"Zona da Mata",310032,"Cataguases",3106,"Juíz de Fora",31,"Minas Gerais","MG",3,"Sudeste"
3138500,"Liberdade",31055,"Andrelândia",3110,"Sul/Sudoeste de Minas",310027,"Juiz de Fora",3106,"Juíz de Fora",31,"Minas Gerais","MG",3,"Sudeste"
3138609,"Lima Duarte",31065,"Juiz de Fora",3112,"Zona da Mata",310027,"Juiz de Fora",3106,"Juíz de Fora",31,"Minas Gerais","MG",3,"Sudeste"
3138625,"Limeira do Oeste",31021,"Frutal",3105,"Triângulo Mineiro/Alto Paranaíba",310058,"Iturama",3110,"Uberaba",31,"Minas Gerais","MG",3,"Sudeste"
3138658,"Lontra",31007,"Montes Claros",3102,"Norte de Minas",310006,"Montes Claros",3102,"Montes Claros",31,"Minas Gerais","MG",3,"Sudeste"
3138674,"Luisburgo",31061,"Manhuaçu",3112,"Zona da Mata",310028,"Manhuaçu",3106,"Juíz de Fora",31,"Minas Gerais","MG",3,"Sudeste"
3138682,"Luislândia",31007,"Montes Claros",3102,"Norte de Minas",310006,"Montes Claros",3102,"Montes Claros",31,"Minas Gerais","MG",3,"Sudeste"
3138708,"Luminárias",31057,"Lavras",3111,"Campo das Vertentes",310043,"Lavras",3108,"Varginha",31,"Minas Gerais","MG",3,"Sudeste"
3138807,"Luz",31026,"Bom Despacho",3106,"Central Mineira",310067,"Dores do Indaiá",3113,"Divinópolis",31,"Minas Gerais","MG",3,"Sudeste"
3138906,"Machacalis",31016,"Nanuque",3104,"Vale do Mucuri",310019,"Águas Formosas",3103,"Teófilo Otoni",31,"Minas Gerais","MG",3,"Sudeste"
3139003,"Machado",31049,"Alfenas",3110,"Sul/Sudoeste de Minas",310042,"Alfenas",3108,"Varginha",31,"Minas Gerais","MG",3,"Sudeste"
3139102,"Madre de Deus de Minas",31058,"São João Del Rei",3111,"Campo das Vertentes",310039,"São João del Rei",3107,"Barbacena",31,"Minas Gerais","MG",3,"Sudeste"
3139201,"Malacacheta",31015,"Teófilo Otoni",3104,"Vale do Mucuri",310013,"Teófilo Otoni",3103,"Teófilo Otoni",31,"Minas Gerais","MG",3,"Sudeste"
3139250,"Mamonas",31004,"Janaúba",3102,"Norte de Minas",310012,"Espinosa",3102,"Montes Claros",31,"Minas Gerais","MG",3,"Sudeste"
3139300,"Manga",31003,"Januária",3102,"Norte de Minas",310007,"Janaúba",3102,"Montes Claros",31,"Minas Gerais","MG",3,"Sudeste"
3139409,"Manhuaçu",31061,"Manhuaçu",3112,"Zona da Mata",310028,"Manhuaçu",3106,"Juíz de Fora",31,"Minas Gerais","MG",3,"Sudeste"
3139508,"Manhumirim",31061,"Manhuaçu",3112,"Zona da Mata",310028,"Manhuaçu",3106,"Juíz de Fora",31,"Minas Gerais","MG",3,"Sudeste"
3139607,"Mantena",31038,"Mantena",3108,"Vale do Rio Doce",310022,"Mantena",3104,"Governador Valadares",31,"Minas Gerais","MG",3,"Sudeste"
3139706,"Maravilhas",31027,"Sete Lagoas",3107,"Metropolitana de Belo Horizonte",310068,"Pará de Minas",3113,"Divinópolis",31,"Minas Gerais","MG",3,"Sudeste"
3139805,"Mar de Espanha",31065,"Juiz de Fora",3112,"Zona da Mata",310035,"São João Nepomuceno - Bicas",3106,"Juíz de Fora",31,"Minas Gerais","MG",3,"Sudeste"
3139904,"Maria da Fé",31056,"Itajubá",3110,"Sul/Sudoeste de Minas",310052,"Itajubá",3109,"Pouso Alegre",31,"Minas Gerais","MG",3,"Sudeste"
3140001,"Mariana",31033,"Ouro Preto",3107,"Metropolitana de Belo Horizonte",310003,"Santa Bárbara - Ouro Preto",3101,"Belo Horizonte",31,"Minas Gerais","MG",3,"Sudeste"
3140100,"Marilac",31037,"Governador Valadares",3108,"Vale do Rio Doce",310020,"Governador Valadares",3104,"Governador Valadares",31,"Minas Gerais","MG",3,"Sudeste"
3140159,"Mário Campos",31030,"Belo Horizonte",3107,"Metropolitana de Belo Horizonte",310001,"Belo Horizonte",3101,"Belo Horizonte",31,"Minas Gerais","MG",3,"Sudeste"
3140209,"Maripá de Minas",31065,"Juiz de Fora",3112,"Zona da Mata",310035,"São João Nepomuceno - Bicas",3106,"Juíz de Fora",31,"Minas Gerais","MG",3,"Sudeste"
3140308,"Marliéria",31039,"Ipatinga",3108,"Vale do Rio Doce",310024,"Ipatinga",3105,"Ipatinga",31,"Minas Gerais","MG",3,"Sudeste"
3140407,"Marmelópolis",31056,"Itajubá",3110,"Sul/Sudoeste de Minas",310052,"Itajubá",3109,"Pouso Alegre",31,"Minas Gerais","MG",3,"Sudeste"
3140506,"Martinho Campos",31026,"Bom Despacho",3106,"Central Mineira",310067,"Dores do Indaiá",3113,"Divinópolis",31,"Minas Gerais","MG",3,"Sudeste"
3140530,"Martins Soares",31061,"Manhuaçu",3112,"Zona da Mata",310028,"Manhuaçu",3106,"Juíz de Fora",31,"Minas Gerais","MG",3,"Sudeste"
3140555,"Mata Verde",31014,"Almenara",3103,"Jequitinhonha",310015,"Almenara",3103,"Teófilo Otoni",31,"Minas Gerais","MG",3,"Sudeste"
3140605,"Materlândia",31035,"Guanhães",3108,"Vale do Rio Doce",310021,"Guanhães",3104,"Governador Valadares",31,"Minas Gerais","MG",3,"Sudeste"
3140704,"Mateus Leme",31030,"Belo Horizonte",3107,"Metropolitana de Belo Horizonte",310001,"Belo Horizonte",3101,"Belo Horizonte",31,"Minas Gerais","MG",3,"Sudeste"
3140803,"Matias Barbosa",31065,"Juiz de Fora",3112,"Zona da Mata",310027,"Juiz de Fora",3106,"Juíz de Fora",31,"Minas Gerais","MG",3,"Sudeste"
3140852,"Matias Cardoso",31003,"Januária",3102,"Norte de Minas",310007,"Janaúba",3102,"Montes Claros",31,"Minas Gerais","MG",3,"Sudeste"
3140902,"Matipó",31061,"Manhuaçu",3112,"Zona da Mata",310028,"Manhuaçu",3106,"Juíz de Fora",31,"Minas Gerais","MG",3,"Sudeste"
3141009,"Mato Verde",31004,"Janaúba",3102,"Norte de Minas",310012,"Espinosa",3102,"Montes Claros",31,"Minas Gerais","MG",3,"Sudeste"
3141108,"Matozinhos",31027,"Sete Lagoas",3107,"Metropolitana de Belo Horizonte",310002,"Sete Lagoas",3101,"Belo Horizonte",31,"Minas Gerais","MG",3,"Sudeste"
3141207,"Matutina",31020,"Patos de Minas",3105,"Triângulo Mineiro/Alto Paranaíba",310062,"Patos de Minas",3112,"Patos de Minas",31,"Minas Gerais","MG",3,"Sudeste"
3141306,"Medeiros",31042,"Piuí",3109,"Oeste de Minas",310066,"Formiga",3113,"Divinópolis",31,"Minas Gerais","MG",3,"Sudeste"
3141405,"Medina",31013,"Pedra Azul",3103,"Jequitinhonha",310018,"Pedra Azul",3103,"Teófilo Otoni",31,"Minas Gerais","MG",3,"Sudeste"
3141504,"Mendes Pimentel",31038,"Mantena",3108,"Vale do Rio Doce",310022,"Mantena",3104,"Governador Valadares",31,"Minas Gerais","MG",3,"Sudeste"
3141603,"Mercês",31064,"Ubá",3112,"Zona da Mata",310029,"Ubá",3106,"Juíz de Fora",31,"Minas Gerais","MG",3,"Sudeste"
3141702,"Mesquita",31039,"Ipatinga",3108,"Vale do Rio Doce",310024,"Ipatinga",3105,"Ipatinga",31,"Minas Gerais","MG",3,"Sudeste"
3141801,"Minas Novas",31011,"Capelinha",3103,"Jequitinhonha",310014,"Capelinha",3103,"Teófilo Otoni",31,"Minas Gerais","MG",3,"Sudeste"
3141900,"Minduri",31055,"Andrelândia",3110,"Sul/Sudoeste de Minas",310054,"Caxambu - Baependi",3109,"Pouso Alegre",31,"Minas Gerais","MG",3,"Sudeste"
3142007,"Mirabela",31007,"Montes Claros",3102,"Norte de Minas",310006,"Montes Claros",3102,"Montes Claros",31,"Minas Gerais","MG",3,"Sudeste"
3142106,"Miradouro",31063,"Muriaé",3112,"Zona da Mata",310031,"Muriaé",3106,"Juíz de Fora",31,"Minas Gerais","MG",3,"Sudeste"
3142205,"Miraí",31063,"Muriaé",3112,"Zona da Mata",310031,"Muriaé",3106,"Juíz de Fora",31,"Minas Gerais","MG",3,"Sudeste"
3142254,"Miravânia",31003,"Januária",3102,"Norte de Minas",310007,"Janaúba",3102,"Montes Claros",31,"Minas Gerais","MG",3,"Sudeste"
3142304,"Moeda",31032,"Itaguara",3107,"Metropolitana de Belo Horizonte",310001,"Belo Horizonte",3101,"Belo Horizonte",31,"Minas Gerais","MG",3,"Sudeste"
3142403,"Moema",31026,"Bom Despacho",3106,"Central Mineira",310067,"Dores do Indaiá",3113,"Divinópolis",31,"Minas Gerais","MG",3,"Sudeste"
3142502,"Monjolos",31025,"Curvelo",3106,"Central Mineira",310004,"Curvelo",3101,"Belo Horizonte",31,"Minas Gerais","MG",3,"Sudeste"
3142601,"Monsenhor Paulo",31050,"Varginha",3110,"Sul/Sudoeste de Minas",310040,"Varginha",3108,"Varginha",31,"Minas Gerais","MG",3,"Sudeste"
3142700,"Montalvânia",31003,"Januária",3102,"Norte de Minas",310009,"Januária",3102,"Montes Claros",31,"Minas Gerais","MG",3,"Sudeste"
3142809,"Monte Alegre de Minas",31018,"Uberlândia",3105,"Triângulo Mineiro/Alto Paranaíba",310059,"Uberlândia",3111,"Uberlândia",31,"Minas Gerais","MG",3,"Sudeste"
3142908,"Monte Azul",31004,"Janaúba",3102,"Norte de Minas",310012,"Espinosa",3102,"Montes Claros",31,"Minas Gerais","MG",3,"Sudeste"
3143005,"Monte Belo",31048,"São Sebastião do Paraíso",3110,"Sul/Sudoeste de Minas",310044,"Guaxupé",3108,"Varginha",31,"Minas Gerais","MG",3,"Sudeste"
3143104,"Monte Carmelo",31019,"Patrocínio",3105,"Triângulo Mineiro/Alto Paranaíba",310061,"Monte Carmelo",3111,"Uberlândia",31,"Minas Gerais","MG",3,"Sudeste"
3143153,"Monte Formoso",31014,"Almenara",3103,"Jequitinhonha",310013,"Teófilo Otoni",3103,"Teófilo Otoni",31,"Minas Gerais","MG",3,"Sudeste"
3143203,"Monte Santo de Minas",31048,"São Sebastião do Paraíso",3110,"Sul/Sudoeste de Minas",310047,"São Sebastião do Paraíso",3108,"Varginha",31,"Minas Gerais","MG",3,"Sudeste"
3143302,"Montes Claros",31007,"Montes Claros",3102,"Norte de Minas",310006,"Montes Claros",3102,"Montes Claros",31,"Minas Gerais","MG",3,"Sudeste"
3143401,"Monte Sião",31051,"Poços de Caldas",3110,"Sul/Sudoeste de Minas",310050,"Pouso Alegre",3109,"Pouso Alegre",31,"Minas Gerais","MG",3,"Sudeste"
3143450,"Montezuma",31005,"Salinas",3102,"Norte de Minas",310012,"Espinosa",3102,"Montes Claros",31,"Minas Gerais","MG",3,"Sudeste"
3143500,"Morada Nova de Minas",31024,"Três Marias",3106,"Central Mineira",310070,"Abaeté",3113,"Divinópolis",31,"Minas Gerais","MG",3,"Sudeste"
3143609,"Morro da Garça",31025,"Curvelo",3106,"Central Mineira",310004,"Curvelo",3101,"Belo Horizonte",31,"Minas Gerais","MG",3,"Sudeste"
3143708,"Morro do Pilar",31028,"Conceição do Mato Dentro",3107,"Metropolitana de Belo Horizonte",310002,"Sete Lagoas",3101,"Belo Horizonte",31,"Minas Gerais","MG",3,"Sudeste"
3143807,"Munhoz",31052,"Pouso Alegre",3110,"Sul/Sudoeste de Minas",310050,"Pouso Alegre",3109,"Pouso Alegre",31,"Minas Gerais","MG",3,"Sudeste"
3143906,"Muriaé",31063,"Muriaé",3112,"Zona da Mata",310031,"Muriaé",3106,"Juíz de Fora",31,"Minas Gerais","MG",3,"Sudeste"
3144003,"Mutum",31041,"Aimorés",3108,"Vale do Rio Doce",310028,"Manhuaçu",3106,"Juíz de Fora",31,"Minas Gerais","MG",3,"Sudeste"
3144102,"Muzambinho",31048,"São Sebastião do Paraíso",3110,"Sul/Sudoeste de Minas",310044,"Guaxupé",3108,"Varginha",31,"Minas Gerais","MG",3,"Sudeste"
3144201,"Nacip Raydan",31037,"Governador Valadares",3108,"Vale do Rio Doce",310020,"Governador Valadares",3104,"Governador Valadares",31,"Minas Gerais","MG",3,"Sudeste"
3144300,"Nanuque",31016,"Nanuque",3104,"Vale do Mucuri",310013,"Teófilo Otoni",3103,"Teófilo Otoni",31,"Minas Gerais","MG",3,"Sudeste"
3144359,"Naque",31039,"Ipatinga",3108,"Vale do Rio Doce",310024,"Ipatinga",3105,"Ipatinga",31,"Minas Gerais","MG",3,"Sudeste"
3144375,"Natalândia",31001,"Unaí",3101,"Noroeste de Minas",310063,"Unaí",3112,"Patos de Minas",31,"Minas Gerais","MG",3,"Sudeste"
3144409,"Natércia",31053,"Santa Rita do Sapucaí",3110,"Sul/Sudoeste de Minas",310050,"Pouso Alegre",3109,"Pouso Alegre",31,"Minas Gerais","MG",3,"Sudeste"
3144508,"Nazareno",31058,"São João Del Rei",3111,"Campo das Vertentes",310039,"São João del Rei",3107,"Barbacena",31,"Minas Gerais","MG",3,"Sudeste"
3144607,"Nepomuceno",31057,"Lavras",3111,"Campo das Vertentes",310043,"Lavras",3108,"Varginha",31,"Minas Gerais","MG",3,"Sudeste"
3144656,"Ninheira",31005,"Salinas",3102,"Norte de Minas",310008,"Salinas",3102,"Montes Claros",31,"Minas Gerais","MG",3,"Sudeste"
3144672,"Nova Belém",31038,"Mantena",3108,"Vale do Rio Doce",310022,"Mantena",3104,"Governador Valadares",31,"Minas Gerais","MG",3,"Sudeste"
3144706,"Nova Era",31031,"Itabira",3107,"Metropolitana de Belo Horizonte",310026,"João Monlevade",3105,"Ipatinga",31,"Minas Gerais","MG",3,"Sudeste"
3144805,"Nova Lima",31030,"Belo Horizonte",3107,"Metropolitana de Belo Horizonte",310001,"Belo Horizonte",3101,"Belo Horizonte",31,"Minas Gerais","MG",3,"Sudeste"
3144904,"Nova Módica",31037,"Governador Valadares",3108,"Vale do Rio Doce",310013,"Teófilo Otoni",3103,"Teófilo Otoni",31,"Minas Gerais","MG",3,"Sudeste"
3145000,"Nova Ponte",31023,"Araxá",3105,"Triângulo Mineiro/Alto Paranaíba",310055,"Uberaba",3110,"Uberaba",31,"Minas Gerais","MG",3,"Sudeste"
3145059,"Nova Porteirinha",31004,"Janaúba",3102,"Norte de Minas",310007,"Janaúba",3102,"Montes Claros",31,"Minas Gerais","MG",3,"Sudeste"
3145109,"Nova Resende",31048,"São Sebastião do Paraíso",3110,"Sul/Sudoeste de Minas",310044,"Guaxupé",3108,"Varginha",31,"Minas Gerais","MG",3,"Sudeste"
3145208,"Nova Serrana",31043,"Divinópolis",3109,"Oeste de Minas",310065,"Divinópolis",3113,"Divinópolis",31,"Minas Gerais","MG",3,"Sudeste"
3145307,"Novo Cruzeiro",31012,"Araçuaí",3103,"Jequitinhonha",310013,"Teófilo Otoni",3103,"Teófilo Otoni",31,"Minas Gerais","MG",3,"Sudeste"
3145356,"Novo Oriente de Minas",31015,"Teófilo Otoni",3104,"Vale do Mucuri",310013,"Teófilo Otoni",3103,"Teófilo Otoni",31,"Minas Gerais","MG",3,"Sudeste"
3145372,"Novorizonte",31005,"Salinas",3102,"Norte de Minas",310008,"Salinas",3102,"Montes Claros",31,"Minas Gerais","MG",3,"Sudeste"
3145406,"Olaria",31065,"Juiz de Fora",3112,"Zona da Mata",310027,"Juiz de Fora",3106,"Juíz de Fora",31,"Minas Gerais","MG",3,"Sudeste"
3145455,"Olhos-d'Água",31009,"Bocaiúva",3102,"Norte de Minas",310006,"Montes Claros",3102,"Montes Claros",31,"Minas Gerais","MG",3,"Sudeste"
3145505,"Olímpio Noronha",31054,"São Lourenço",3110,"Sul/Sudoeste de Minas",310053,"São Lourenço",3109,"Pouso Alegre",31,"Minas Gerais","MG",3,"Sudeste"
3145604,"Oliveira",31046,"Oliveira",3109,"Oeste de Minas",310069,"Oliveira",3113,"Divinópolis",31,"Minas Gerais","MG",3,"Sudeste"
3145703,"Oliveira Fortes",31065,"Juiz de Fora",3112,"Zona da Mata",310027,"Juiz de Fora",3106,"Juíz de Fora",31,"Minas Gerais","MG",3,"Sudeste"
3145802,"Onça de Pitangui",31029,"Pará de Minas",3107,"Metropolitana de Belo Horizonte",310068,"Pará de Minas",3113,"Divinópolis",31,"Minas Gerais","MG",3,"Sudeste"
3145851,"Oratórios",31060,"Ponte Nova",3112,"Zona da Mata",310030,"Ponte Nova",3106,"Juíz de Fora",31,"Minas Gerais","MG",3,"Sudeste"
3145877,"Orizânia",31063,"Muriaé",3112,"Zona da Mata",310034,"Carangola",3106,"Juíz de Fora",31,"Minas Gerais","MG",3,"Sudeste"
3145901,"Ouro Branco",31034,"Conselheiro Lafaiete",3107,"Metropolitana de Belo Horizonte",310038,"Conselheiro Lafaiete",3107,"Barbacena",31,"Minas Gerais","MG",3,"Sudeste"
3146008,"Ouro Fino",31051,"Poços de Caldas",3110,"Sul/Sudoeste de Minas",310050,"Pouso Alegre",3109,"Pouso Alegre",31,"Minas Gerais","MG",3,"Sudeste"
3146107,"Ouro Preto",31033,"Ouro Preto",3107,"Metropolitana de Belo Horizonte",310003,"Santa Bárbara - Ouro Preto",3101,"Belo Horizonte",31,"Minas Gerais","MG",3,"Sudeste"
3146206,"Ouro Verde de Minas",31015,"Teófilo Otoni",3104,"Vale do Mucuri",310013,"Teófilo Otoni",3103,"Teófilo Otoni",31,"Minas Gerais","MG",3,"Sudeste"
3146255,"Padre Carvalho",31008,"Grão Mogol",3102,"Norte de Minas",310008,"Salinas",3102,"Montes Claros",31,"Minas Gerais","MG",3,"Sudeste"
3146305,"Padre Paraíso",31012,"Araçuaí",3103,"Jequitinhonha",310013,"Teófilo Otoni",3103,"Teófilo Otoni",31,"Minas Gerais","MG",3,"Sudeste"
3146404,"Paineiras",31024,"Três Marias",3106,"Central Mineira",310070,"Abaeté",3113,"Divinópolis",31,"Minas Gerais","MG",3,"Sudeste"
3146503,"Pains",31044,"Formiga",3109,"Oeste de Minas",310066,"Formiga",3113,"Divinópolis",31,"Minas Gerais","MG",3,"Sudeste"
3146552,"Pai Pedro",31004,"Janaúba",3102,"Norte de Minas",310007,"Janaúba",3102,"Montes Claros",31,"Minas Gerais","MG",3,"Sudeste"
3146602,"Paiva",31065,"Juiz de Fora",3112,"Zona da Mata",310027,"Juiz de Fora",3106,"Juíz de Fora",31,"Minas Gerais","MG",3,"Sudeste"
3146701,"Palma",31066,"Cataguases",3112,"Zona da Mata",310032,"Cataguases",3106,"Juíz de Fora",31,"Minas Gerais","MG",3,"Sudeste"
3146750,"Palmópolis",31014,"Almenara",3103,"Jequitinhonha",310015,"Almenara",3103,"Teófilo Otoni",31,"Minas Gerais","MG",3,"Sudeste"
3146909,"Papagaios",31027,"Sete Lagoas",3107,"Metropolitana de Belo Horizonte",310068,"Pará de Minas",3113,"Divinópolis",31,"Minas Gerais","MG",3,"Sudeste"
3147006,"Paracatu",31002,"Paracatu",3101,"Noroeste de Minas",310062,"Patos de Minas",3112,"Patos de Minas",31,"Minas Gerais","MG",3,"Sudeste"
3147105,"Pará de Minas",31029,"Pará de Minas",3107,"Metropolitana de Belo Horizonte",310068,"Pará de Minas",3113,"Divinópolis",31,"Minas Gerais","MG",3,"Sudeste"
3147204,"Paraguaçu",31049,"Alfenas",3110,"Sul/Sudoeste de Minas",310042,"Alfenas",3108,"Varginha",31,"Minas Gerais","MG",3,"Sudeste"
3147303,"Paraisópolis",31056,"Itajubá",3110,"Sul/Sudoeste de Minas",310052,"Itajubá",3109,"Pouso Alegre",31,"Minas Gerais","MG",3,"Sudeste"
3147402,"Paraopeba",31027,"Sete Lagoas",3107,"Metropolitana de Belo Horizonte",310002,"Sete Lagoas",3101,"Belo Horizonte",31,"Minas Gerais","MG",3,"Sudeste"
3147501,"Passabém",31028,"Conceição do Mato Dentro",3107,"Metropolitana de Belo Horizonte",310005,"Itabira",3101,"Belo Horizonte",31,"Minas Gerais","MG",3,"Sudeste"
3147600,"Passa Quatro",31054,"São Lourenço",3110,"Sul/Sudoeste de Minas",310053,"São Lourenço",3109,"Pouso Alegre",31,"Minas Gerais","MG",3,"Sudeste"
3147709,"Passa Tempo",31046,"Oliveira",3109,"Oeste de Minas",310069,"Oliveira",3113,"Divinópolis",31,"Minas Gerais","MG",3,"Sudeste"
3147808,"Passa Vinte",31055,"Andrelândia",3110,"Sul/Sudoeste de Minas",310027,"Juiz de Fora",3106,"Juíz de Fora",31,"Minas Gerais","MG",3,"Sudeste"
3147907,"Passos",31047,"Passos",3110,"Sul/Sudoeste de Minas",310041,"Passos",3108,"Varginha",31,"Minas Gerais","MG",3,"Sudeste"
3147956,"Patis",31007,"Montes Claros",3102,"Norte de Minas",310006,"Montes Claros",3102,"Montes Claros",31,"Minas Gerais","MG",3,"Sudeste"
3148004,"Patos de Minas",31020,"Patos de Minas",3105,"Triângulo Mineiro/Alto Paranaíba",310062,"Patos de Minas",3112,"Patos de Minas",31,"Minas Gerais","MG",3,"Sudeste"
3148103,"Patrocínio",31019,"Patrocínio",3105,"Triângulo Mineiro/Alto Paranaíba",310064,"Patrocínio",3112,"Patos de Minas",31,"Minas Gerais","MG",3,"Sudeste"
3148202,"Patrocínio do Muriaé",31063,"Muriaé",3112,"Zona da Mata",310031,"Muriaé",3106,"Juíz de Fora",31,"Minas Gerais","MG",3,"Sudeste"
3148301,"Paula Cândido",31062,"Viçosa",3112,"Zona da Mata",310033,"Viçosa",3106,"Juíz de Fora",31,"Minas Gerais","MG",3,"Sudeste"
3148400,"Paulistas",31035,"Guanhães",3108,"Vale do Rio Doce",310021,"Guanhães",3104,"Governador Valadares",31,"Minas Gerais","MG",3,"Sudeste"
3148509,"Pavão",31015,"Teófilo Otoni",3104,"Vale do Mucuri",310013,"Teófilo Otoni",3103,"Teófilo Otoni",31,"Minas Gerais","MG",3,"Sudeste"
3148608,"Peçanha",31036,"Peçanha",3108,"Vale do Rio Doce",310021,"Guanhães",3104,"Governador Valadares",31,"Minas Gerais","MG",3,"Sudeste"
3148707,"Pedra Azul",31013,"Pedra Azul",3103,"Jequitinhonha",310018,"Pedra Azul",3103,"Teófilo Otoni",31,"Minas Gerais","MG",3,"Sudeste"
3148756,"Pedra Bonita",31061,"Manhuaçu",3112,"Zona da Mata",310034,"Carangola",3106,"Juíz de Fora",31,"Minas Gerais","MG",3,"Sudeste"
3148806,"Pedra do Anta",31062,"Viçosa",3112,"Zona da Mata",310033,"Viçosa",3106,"Juíz de Fora",31,"Minas Gerais","MG",3,"Sudeste"
3148905,"Pedra do Indaiá",31044,"Formiga",3109,"Oeste de Minas",310065,"Divinópolis",3113,"Divinópolis",31,"Minas Gerais","MG",3,"Sudeste"
3149002,"Pedra Dourada",31063,"Muriaé",3112,"Zona da Mata",310034,"Carangola",3106,"Juíz de Fora",31,"Minas Gerais","MG",3,"Sudeste"
3149101,"Pedralva",31053,"Santa Rita do Sapucaí",3110,"Sul/Sudoeste de Minas",310052,"Itajubá",3109,"Pouso Alegre",31,"Minas Gerais","MG",3,"Sudeste"
3149150,"Pedras de Maria da Cruz",31003,"Januária",3102,"Norte de Minas",310009,"Januária",3102,"Montes Claros",31,"Minas Gerais","MG",3,"Sudeste"
3149200,"Pedrinópolis",31023,"Araxá",3105,"Triângulo Mineiro/Alto Paranaíba",310056,"Araxá",3110,"Uberaba",31,"Minas Gerais","MG",3,"Sudeste"
3149309,"Pedro Leopoldo",31030,"Belo Horizonte",3107,"Metropolitana de Belo Horizonte",310001,"Belo Horizonte",3101,"Belo Horizonte",31,"Minas Gerais","MG",3,"Sudeste"
3149408,"Pedro Teixeira",31065,"Juiz de Fora",3112,"Zona da Mata",310027,"Juiz de Fora",3106,"Juíz de Fora",31,"Minas Gerais","MG",3,"Sudeste"
3149507,"Pequeri",31065,"Juiz de Fora",3112,"Zona da Mata",310035,"São João Nepomuceno - Bicas",3106,"Juíz de Fora",31,"Minas Gerais","MG",3,"Sudeste"
3149606,"Pequi",31027,"Sete Lagoas",3107,"Metropolitana de Belo Horizonte",310068,"Pará de Minas",3113,"Divinópolis",31,"Minas Gerais","MG",3,"Sudeste"
3149705,"Perdigão",31043,"Divinópolis",3109,"Oeste de Minas",310065,"Divinópolis",3113,"Divinópolis",31,"Minas Gerais","MG",3,"Sudeste"
3149804,"Perdizes",31023,"Araxá",3105,"Triângulo Mineiro/Alto Paranaíba",310056,"Araxá",3110,"Uberaba",31,"Minas Gerais","MG",3,"Sudeste"
3149903,"Perdões",31045,"Campo Belo",3109,"Oeste de Minas",310043,"Lavras",3108,"Varginha",31,"Minas Gerais","MG",3,"Sudeste"
3149952,"Periquito",31039,"Ipatinga",3108,"Vale do Rio Doce",310024,"Ipatinga",3105,"Ipatinga",31,"Minas Gerais","MG",3,"Sudeste"
3150000,"Pescador",31037,"Governador Valadares",3108,"Vale do Rio Doce",310013,"Teófilo Otoni",3103,"Teófilo Otoni",31,"Minas Gerais","MG",3,"Sudeste"
3150109,"Piau",31065,"Juiz de Fora",3112,"Zona da Mata",310027,"Juiz de Fora",3106,"Juíz de Fora",31,"Minas Gerais","MG",3,"Sudeste"
3150158,"Piedade de Caratinga",31040,"Caratinga",3108,"Vale do Rio Doce",310025,"Caratinga",3105,"Ipatinga",31,"Minas Gerais","MG",3,"Sudeste"
3150208,"Piedade de Ponte Nova",31060,"Ponte Nova",3112,"Zona da Mata",310030,"Ponte Nova",3106,"Juíz de Fora",31,"Minas Gerais","MG",3,"Sudeste"
3150307,"Piedade do Rio Grande",31058,"São João Del Rei",3111,"Campo das Vertentes",310039,"São João del Rei",3107,"Barbacena",31,"Minas Gerais","MG",3,"Sudeste"
3150406,"Piedade dos Gerais",31032,"Itaguara",3107,"Metropolitana de Belo Horizonte",310069,"Oliveira",3113,"Divinópolis",31,"Minas Gerais","MG",3,"Sudeste"
3150505,"Pimenta",31044,"Formiga",3109,"Oeste de Minas",310066,"Formiga",3113,"Divinópolis",31,"Minas Gerais","MG",3,"Sudeste"
3150539,"Pingo-d'Água",31040,"Caratinga",3108,"Vale do Rio Doce",310024,"Ipatinga",3105,"Ipatinga",31,"Minas Gerais","MG",3,"Sudeste"
3150570,"Pintópolis",31003,"Januária",3102,"Norte de Minas",310011,"São Francisco",3102,"Montes Claros",31,"Minas Gerais","MG",3,"Sudeste"
3150604,"Piracema",31046,"Oliveira",3109,"Oeste de Minas",310069,"Oliveira",3113,"Divinópolis",31,"Minas Gerais","MG",3,"Sudeste"
3150703,"Pirajuba",31021,"Frutal",3105,"Triângulo Mineiro/Alto Paranaíba",310057,"Frutal",3110,"Uberaba",31,"Minas Gerais","MG",3,"Sudeste"
3150802,"Piranga",31062,"Viçosa",3112,"Zona da Mata",310038,"Conselheiro Lafaiete",3107,"Barbacena",31,"Minas Gerais","MG",3,"Sudeste"
3150901,"Piranguçu",31056,"Itajubá",3110,"Sul/Sudoeste de Minas",310052,"Itajubá",3109,"Pouso Alegre",31,"Minas Gerais","MG",3,"Sudeste"
3151008,"Piranguinho",31056,"Itajubá",3110,"Sul/Sudoeste de Minas",310052,"Itajubá",3109,"Pouso Alegre",31,"Minas Gerais","MG",3,"Sudeste"
3151107,"Pirapetinga",31066,"Cataguases",3112,"Zona da Mata",310036,"Além Paraíba",3106,"Juíz de Fora",31,"Minas Gerais","MG",3,"Sudeste"
3151206,"Pirapora",31006,"Pirapora",3102,"Norte de Minas",310010,"Pirapora",3102,"Montes Claros",31,"Minas Gerais","MG",3,"Sudeste"
3151305,"Piraúba",31064,"Ubá",3112,"Zona da Mata",310029,"Ubá",3106,"Juíz de Fora",31,"Minas Gerais","MG",3,"Sudeste"
3151404,"Pitangui",31029,"Pará de Minas",3107,"Metropolitana de Belo Horizonte",310065,"Divinópolis",3113,"Divinópolis",31,"Minas Gerais","MG",3,"Sudeste"
3151503,"Piumhi",31042,"Piuí",3109,"Oeste de Minas",310049,"Piumhi",3108,"Varginha",31,"Minas Gerais","MG",3,"Sudeste"
3151602,"Planura",31021,"Frutal",3105,"Triângulo Mineiro/Alto Paranaíba",310057,"Frutal",3110,"Uberaba",31,"Minas Gerais","MG",3,"Sudeste"
3151701,"Poço Fundo",31049,"Alfenas",3110,"Sul/Sudoeste de Minas",310042,"Alfenas",3108,"Varginha",31,"Minas Gerais","MG",3,"Sudeste"
3151800,"Poços de Caldas",31051,"Poços de Caldas",3110,"Sul/Sudoeste de Minas",310051,"Poços de Caldas",3109,"Pouso Alegre",31,"Minas Gerais","MG",3,"Sudeste"
3151909,"Pocrane",31041,"Aimorés",3108,"Vale do Rio Doce",310028,"Manhuaçu",3106,"Juíz de Fora",31,"Minas Gerais","MG",3,"Sudeste"
3152006,"Pompéu",31024,"Três Marias",3106,"Central Mineira",310067,"Dores do Indaiá",3113,"Divinópolis",31,"Minas Gerais","MG",3,"Sudeste"
3152105,"Ponte Nova",31060,"Ponte Nova",3112,"Zona da Mata",310030,"Ponte Nova",3106,"Juíz de Fora",31,"Minas Gerais","MG",3,"Sudeste"
3152131,"Ponto Chique",31007,"Montes Claros",3102,"Norte de Minas",310010,"Pirapora",3102,"Montes Claros",31,"Minas Gerais","MG",3,"Sudeste"
3152170,"Ponto dos Volantes",31012,"Araçuaí",3103,"Jequitinhonha",310013,"Teófilo Otoni",3103,"Teófilo Otoni",31,"Minas Gerais","MG",3,"Sudeste"
3152204,"Porteirinha",31004,"Janaúba",3102,"Norte de Minas",310007,"Janaúba",3102,"Montes Claros",31,"Minas Gerais","MG",3,"Sudeste"
3152303,"Porto Firme",31062,"Viçosa",3112,"Zona da Mata",310033,"Viçosa",3106,"Juíz de Fora",31,"Minas Gerais","MG",3,"Sudeste"
3152402,"Poté",31015,"Teófilo Otoni",3104,"Vale do Mucuri",310013,"Teófilo Otoni",3103,"Teófilo Otoni",31,"Minas Gerais","MG",3,"Sudeste"
3152501,"Pouso Alegre",31052,"Pouso Alegre",3110,"Sul/Sudoeste de Minas",310050,"Pouso Alegre",3109,"Pouso Alegre",31,"Minas Gerais","MG",3,"Sudeste"
3152600,"Pouso Alto",31054,"São Lourenço",3110,"Sul/Sudoeste de Minas",310053,"São Lourenço",3109,"Pouso Alegre",31,"Minas Gerais","MG",3,"Sudeste"
3152709,"Prados",31058,"São João Del Rei",3111,"Campo das Vertentes",310039,"São João del Rei",3107,"Barbacena",31,"Minas Gerais","MG",3,"Sudeste"
3152808,"Prata",31018,"Uberlândia",3105,"Triângulo Mineiro/Alto Paranaíba",310059,"Uberlândia",3111,"Uberlândia",31,"Minas Gerais","MG",3,"Sudeste"
3152907,"Pratápolis",31047,"Passos",3110,"Sul/Sudoeste de Minas",310041,"Passos",3108,"Varginha",31,"Minas Gerais","MG",3,"Sudeste"
3153004,"Pratinha",31023,"Araxá",3105,"Triângulo Mineiro/Alto Paranaíba",310056,"Araxá",3110,"Uberaba",31,"Minas Gerais","MG",3,"Sudeste"
3153103,"Presidente Bernardes",31062,"Viçosa",3112,"Zona da Mata",310033,"Viçosa",3106,"Juíz de Fora",31,"Minas Gerais","MG",3,"Sudeste"
3153202,"Presidente Juscelino",31025,"Curvelo",3106,"Central Mineira",310004,"Curvelo",3101,"Belo Horizonte",31,"Minas Gerais","MG",3,"Sudeste"
3153301,"Presidente Kubitschek",31010,"Diamantina",3103,"Jequitinhonha",310016,"Diamantina",3103,"Teófilo Otoni",31,"Minas Gerais","MG",3,"Sudeste"
3153400,"Presidente Olegário",31002,"Paracatu",3101,"Noroeste de Minas",310062,"Patos de Minas",3112,"Patos de Minas",31,"Minas Gerais","MG",3,"Sudeste"
3153509,"Alto Jequitibá",31061,"Manhuaçu",3112,"Zona da Mata",310028,"Manhuaçu",3106,"Juíz de Fora",31,"Minas Gerais","MG",3,"Sudeste"
3153608,"Prudente de Morais",31027,"Sete Lagoas",3107,"Metropolitana de Belo Horizonte",310002,"Sete Lagoas",3101,"Belo Horizonte",31,"Minas Gerais","MG",3,"Sudeste"
3153707,"Quartel Geral",31026,"Bom Despacho",3106,"Central Mineira",310067,"Dores do Indaiá",3113,"Divinópolis",31,"Minas Gerais","MG",3,"Sudeste"
3153806,"Queluzito",31034,"Conselheiro Lafaiete",3107,"Metropolitana de Belo Horizonte",310038,"Conselheiro Lafaiete",3107,"Barbacena",31,"Minas Gerais","MG",3,"Sudeste"
3153905,"Raposos",31030,"Belo Horizonte",3107,"Metropolitana de Belo Horizonte",310001,"Belo Horizonte",3101,"Belo Horizonte",31,"Minas Gerais","MG",3,"Sudeste"
3154002,"Raul Soares",31060,"Ponte Nova",3112,"Zona da Mata",310025,"Caratinga",3105,"Ipatinga",31,"Minas Gerais","MG",3,"Sudeste"
3154101,"Recreio",31066,"Cataguases",3112,"Zona da Mata",310032,"Cataguases",3106,"Juíz de Fora",31,"Minas Gerais","MG",3,"Sudeste"
3154150,"Reduto",31061,"Manhuaçu",3112,"Zona da Mata",310028,"Manhuaçu",3106,"Juíz de Fora",31,"Minas Gerais","MG",3,"Sudeste"
3154200,"Resende Costa",31058,"São João Del Rei",3111,"Campo das Vertentes",310039,"São João del Rei",3107,"Barbacena",31,"Minas Gerais","MG",3,"Sudeste"
3154309,"Resplendor",31041,"Aimorés",3108,"Vale do Rio Doce",310023,"Aimorés - Resplendor",3104,"Governador Valadares",31,"Minas Gerais","MG",3,"Sudeste"
3154408,"Ressaquinha",31059,"Barbacena",3111,"Campo das Vertentes",310037,"Barbacena",3107,"Barbacena",31,"Minas Gerais","MG",3,"Sudeste"
3154457,"Riachinho",31006,"Pirapora",3102,"Norte de Minas",310063,"Unaí",3112,"Patos de Minas",31,"Minas Gerais","MG",3,"Sudeste"
3154507,"Riacho dos Machados",31004,"Janaúba",3102,"Norte de Minas",310007,"Janaúba",3102,"Montes Claros",31,"Minas Gerais","MG",3,"Sudeste"
3154606,"Ribeirão das Neves",31030,"Belo Horizonte",3107,"Metropolitana de Belo Horizonte",310001,"Belo Horizonte",3101,"Belo Horizonte",31,"Minas Gerais","MG",3,"Sudeste"
3154705,"Ribeirão Vermelho",31057,"Lavras",3111,"Campo das Vertentes",310043,"Lavras",3108,"Varginha",31,"Minas Gerais","MG",3,"Sudeste"
3154804,"Rio Acima",31030,"Belo Horizonte",3107,"Metropolitana de Belo Horizonte",310001,"Belo Horizonte",3101,"Belo Horizonte",31,"Minas Gerais","MG",3,"Sudeste"
3154903,"Rio Casca",31060,"Ponte Nova",3112,"Zona da Mata",310030,"Ponte Nova",3106,"Juíz de Fora",31,"Minas Gerais","MG",3,"Sudeste"
3155009,"Rio Doce",31060,"Ponte Nova",3112,"Zona da Mata",310030,"Ponte Nova",3106,"Juíz de Fora",31,"Minas Gerais","MG",3,"Sudeste"
3155108,"Rio do Prado",31014,"Almenara",3103,"Jequitinhonha",310015,"Almenara",3103,"Teófilo Otoni",31,"Minas Gerais","MG",3,"Sudeste"
3155207,"Rio Espera",31062,"Viçosa",3112,"Zona da Mata",310038,"Conselheiro Lafaiete",3107,"Barbacena",31,"Minas Gerais","MG",3,"Sudeste"
3155306,"Rio Manso",31032,"Itaguara",3107,"Metropolitana de Belo Horizonte",310069,"Oliveira",3113,"Divinópolis",31,"Minas Gerais","MG",3,"Sudeste"
3155405,"Rio Novo",31065,"Juiz de Fora",3112,"Zona da Mata",310027,"Juiz de Fora",3106,"Juíz de Fora",31,"Minas Gerais","MG",3,"Sudeste"
3155504,"Rio Paranaíba",31020,"Patos de Minas",3105,"Triângulo Mineiro/Alto Paranaíba",310062,"Patos de Minas",3112,"Patos de Minas",31,"Minas Gerais","MG",3,"Sudeste"
3155603,"Rio Pardo de Minas",31005,"Salinas",3102,"Norte de Minas",310008,"Salinas",3102,"Montes Claros",31,"Minas Gerais","MG",3,"Sudeste"
3155702,"Rio Piracicaba",31031,"Itabira",3107,"Metropolitana de Belo Horizonte",310026,"João Monlevade",3105,"Ipatinga",31,"Minas Gerais","MG",3,"Sudeste"
3155801,"Rio Pomba",31064,"Ubá",3112,"Zona da Mata",310029,"Ubá",3106,"Juíz de Fora",31,"Minas Gerais","MG",3,"Sudeste"
3155900,"Rio Preto",31065,"Juiz de Fora",3112,"Zona da Mata",310027,"Juiz de Fora",3106,"Juíz de Fora",31,"Minas Gerais","MG",3,"Sudeste"
3156007,"Rio Vermelho",31028,"Conceição do Mato Dentro",3107,"Metropolitana de Belo Horizonte",310021,"Guanhães",3104,"Governador Valadares",31,"Minas Gerais","MG",3,"Sudeste"
3156106,"Ritápolis",31058,"São João Del Rei",3111,"Campo das Vertentes",310039,"São João del Rei",3107,"Barbacena",31,"Minas Gerais","MG",3,"Sudeste"
3156205,"Rochedo de Minas",31065,"Juiz de Fora",3112,"Zona da Mata",310035,"São João Nepomuceno - Bicas",3106,"Juíz de Fora",31,"Minas Gerais","MG",3,"Sudeste"
3156304,"Rodeiro",31064,"Ubá",3112,"Zona da Mata",310029,"Ubá",3106,"Juíz de Fora",31,"Minas Gerais","MG",3,"Sudeste"
3156403,"Romaria",31019,"Patrocínio",3105,"Triângulo Mineiro/Alto Paranaíba",310061,"Monte Carmelo",3111,"Uberlândia",31,"Minas Gerais","MG",3,"Sudeste"
3156452,"Rosário da Limeira",31063,"Muriaé",3112,"Zona da Mata",310031,"Muriaé",3106,"Juíz de Fora",31,"Minas Gerais","MG",3,"Sudeste"
3156502,"Rubelita",31005,"Salinas",3102,"Norte de Minas",310008,"Salinas",3102,"Montes Claros",31,"Minas Gerais","MG",3,"Sudeste"
3156601,"Rubim",31014,"Almenara",3103,"Jequitinhonha",310015,"Almenara",3103,"Teófilo Otoni",31,"Minas Gerais","MG",3,"Sudeste"
3156700,"Sabará",31030,"Belo Horizonte",3107,"Metropolitana de Belo Horizonte",310001,"Belo Horizonte",3101,"Belo Horizonte",31,"Minas Gerais","MG",3,"Sudeste"
3156809,"Sabinópolis",31035,"Guanhães",3108,"Vale do Rio Doce",310021,"Guanhães",3104,"Governador Valadares",31,"Minas Gerais","MG",3,"Sudeste"
3156908,"Sacramento",31023,"Araxá",3105,"Triângulo Mineiro/Alto Paranaíba",310055,"Uberaba",3110,"Uberaba",31,"Minas Gerais","MG",3,"Sudeste"
3157005,"Salinas",31005,"Salinas",3102,"Norte de Minas",310008,"Salinas",3102,"Montes Claros",31,"Minas Gerais","MG",3,"Sudeste"
3157104,"Salto da Divisa",31014,"Almenara",3103,"Jequitinhonha",310015,"Almenara",3103,"Teófilo Otoni",31,"Minas Gerais","MG",3,"Sudeste"
3157203,"Santa Bárbara",31031,"Itabira",3107,"Metropolitana de Belo Horizonte",310003,"Santa Bárbara - Ouro Preto",3101,"Belo Horizonte",31,"Minas Gerais","MG",3,"Sudeste"
3157252,"Santa Bárbara do Leste",31040,"Caratinga",3108,"Vale do Rio Doce",310025,"Caratinga",3105,"Ipatinga",31,"Minas Gerais","MG",3,"Sudeste"
3157278,"Santa Bárbara do Monte Verde",31065,"Juiz de Fora",3112,"Zona da Mata",310027,"Juiz de Fora",3106,"Juíz de Fora",31,"Minas Gerais","MG",3,"Sudeste"
3157302,"Santa Bárbara do Tugúrio",31059,"Barbacena",3111,"Campo das Vertentes",310037,"Barbacena",3107,"Barbacena",31,"Minas Gerais","MG",3,"Sudeste"
3157336,"Santa Cruz de Minas",31058,"São João Del Rei",3111,"Campo das Vertentes",310039,"São João del Rei",3107,"Barbacena",31,"Minas Gerais","MG",3,"Sudeste"
3157377,"Santa Cruz de Salinas",31005,"Salinas",3102,"Norte de Minas",310008,"Salinas",3102,"Montes Claros",31,"Minas Gerais","MG",3,"Sudeste"
3157401,"Santa Cruz do Escalvado",31060,"Ponte Nova",3112,"Zona da Mata",310030,"Ponte Nova",3106,"Juíz de Fora",31,"Minas Gerais","MG",3,"Sudeste"
3157500,"Santa Efigênia de Minas",31035,"Guanhães",3108,"Vale do Rio Doce",310020,"Governador Valadares",3104,"Governador Valadares",31,"Minas Gerais","MG",3,"Sudeste"
3157609,"Santa Fé de Minas",31006,"Pirapora",3102,"Norte de Minas",310010,"Pirapora",3102,"Montes Claros",31,"Minas Gerais","MG",3,"Sudeste"
3157658,"Santa Helena de Minas",31016,"Nanuque",3104,"Vale do Mucuri",310019,"Águas Formosas",3103,"Teófilo Otoni",31,"Minas Gerais","MG",3,"Sudeste"
3157708,"Santa Juliana",31023,"Araxá",3105,"Triângulo Mineiro/Alto Paranaíba",310055,"Uberaba",3110,"Uberaba",31,"Minas Gerais","MG",3,"Sudeste"
3157807,"Santa Luzia",31030,"Belo Horizonte",3107,"Metropolitana de Belo Horizonte",310001,"Belo Horizonte",3101,"Belo Horizonte",31,"Minas Gerais","MG",3,"Sudeste"
3157906,"Santa Margarida",31061,"Manhuaçu",3112,"Zona da Mata",310028,"Manhuaçu",3106,"Juíz de Fora",31,"Minas Gerais","MG",3,"Sudeste"
3158003,"Santa Maria de Itabira",31031,"Itabira",3107,"Metropolitana de Belo Horizonte",310005,"Itabira",3101,"Belo Horizonte",31,"Minas Gerais","MG",3,"Sudeste"
3158102,"Santa Maria do Salto",31014,"Almenara",3103,"Jequitinhonha",310015,"Almenara",3103,"Teófilo Otoni",31,"Minas Gerais","MG",3,"Sudeste"
3158201,"Santa Maria do Suaçuí",31036,"Peçanha",3108,"Vale do Rio Doce",310021,"Guanhães",3104,"Governador Valadares",31,"Minas Gerais","MG",3,"Sudeste"
3158300,"Santana da Vargem",31050,"Varginha",3110,"Sul/Sudoeste de Minas",310046,"Três Pontas - Boa Esperança",3108,"Varginha",31,"Minas Gerais","MG",3,"Sudeste"
3158409,"Santana de Cataguases",31066,"Cataguases",3112,"Zona da Mata",310032,"Cataguases",3106,"Juíz de Fora",31,"Minas Gerais","MG",3,"Sudeste"
3158508,"Santana de Pirapama",31027,"Sete Lagoas",3107,"Metropolitana de Belo Horizonte",310002,"Sete Lagoas",3101,"Belo Horizonte",31,"Minas Gerais","MG",3,"Sudeste"
3158607,"Santana do Deserto",31065,"Juiz de Fora",3112,"Zona da Mata",310027,"Juiz de Fora",3106,"Juíz de Fora",31,"Minas Gerais","MG",3,"Sudeste"
3158706,"Santana do Garambéu",31058,"São João Del Rei",3111,"Campo das Vertentes",310037,"Barbacena",3107,"Barbacena",31,"Minas Gerais","MG",3,"Sudeste"
3158805,"Santana do Jacaré",31045,"Campo Belo",3109,"Oeste de Minas",310048,"Campo Belo",3108,"Varginha",31,"Minas Gerais","MG",3,"Sudeste"
3158904,"Santana do Manhuaçu",31061,"Manhuaçu",3112,"Zona da Mata",310028,"Manhuaçu",3106,"Juíz de Fora",31,"Minas Gerais","MG",3,"Sudeste"
3158953,"Santana do Paraíso",31039,"Ipatinga",3108,"Vale do Rio Doce",310024,"Ipatinga",3105,"Ipatinga",31,"Minas Gerais","MG",3,"Sudeste"
3159001,"Santana do Riacho",31027,"Sete Lagoas",3107,"Metropolitana de Belo Horizonte",310002,"Sete Lagoas",3101,"Belo Horizonte",31,"Minas Gerais","MG",3,"Sudeste"
3159100,"Santana dos Montes",31034,"Conselheiro Lafaiete",3107,"Metropolitana de Belo Horizonte",310038,"Conselheiro Lafaiete",3107,"Barbacena",31,"Minas Gerais","MG",3,"Sudeste"
3159209,"Santa Rita de Caldas",31051,"Poços de Caldas",3110,"Sul/Sudoeste de Minas",310051,"Poços de Caldas",3109,"Pouso Alegre",31,"Minas Gerais","MG",3,"Sudeste"
3159308,"Santa Rita de Jacutinga",31065,"Juiz de Fora",3112,"Zona da Mata",310027,"Juiz de Fora",3106,"Juíz de Fora",31,"Minas Gerais","MG",3,"Sudeste"
3159357,"Santa Rita de Minas",31040,"Caratinga",3108,"Vale do Rio Doce",310025,"Caratinga",3105,"Ipatinga",31,"Minas Gerais","MG",3,"Sudeste"
3159407,"Santa Rita de Ibitipoca",31065,"Juiz de Fora",3112,"Zona da Mata",310037,"Barbacena",3107,"Barbacena",31,"Minas Gerais","MG",3,"Sudeste"
3159506,"Santa Rita do Itueto",31041,"Aimorés",3108,"Vale do Rio Doce",310023,"Aimorés - Resplendor",3104,"Governador Valadares",31,"Minas Gerais","MG",3,"Sudeste"
3159605,"Santa Rita do Sapucaí",31053,"Santa Rita do Sapucaí",3110,"Sul/Sudoeste de Minas",310050,"Pouso Alegre",3109,"Pouso Alegre",31,"Minas Gerais","MG",3,"Sudeste"
3159704,"Santa Rosa da Serra",31020,"Patos de Minas",3105,"Triângulo Mineiro/Alto Paranaíba",310056,"Araxá",3110,"Uberaba",31,"Minas Gerais","MG",3,"Sudeste"
3159803,"Santa Vitória",31017,"Ituiutaba",3105,"Triângulo Mineiro/Alto Paranaíba",310060,"Ituiutaba",3111,"Uberlândia",31,"Minas Gerais","MG",3,"Sudeste"
3159902,"Santo Antônio do Amparo",31046,"Oliveira",3109,"Oeste de Minas",310043,"Lavras",3108,"Varginha",31,"Minas Gerais","MG",3,"Sudeste"
3160009,"Santo Antônio do Aventureiro",31066,"Cataguases",3112,"Zona da Mata",310036,"Além Paraíba",3106,"Juíz de Fora",31,"Minas Gerais","MG",3,"Sudeste"
3160108,"Santo Antônio do Grama",31060,"Ponte Nova",3112,"Zona da Mata",310030,"Ponte Nova",3106,"Juíz de Fora",31,"Minas Gerais","MG",3,"Sudeste"
3160207,"Santo Antônio do Itambé",31028,"Conceição do Mato Dentro",3107,"Metropolitana de Belo Horizonte",310016,"Diamantina",3103,"Teófilo Otoni",31,"Minas Gerais","MG",3,"Sudeste"
3160306,"Santo Antônio do Jacinto",31014,"Almenara",3103,"Jequitinhonha",310015,"Almenara",3103,"Teófilo Otoni",31,"Minas Gerais","MG",3,"Sudeste"
3160405,"Santo Antônio do Monte",31043,"Divinópolis",3109,"Oeste de Minas",310065,"Divinópolis",3113,"Divinópolis",31,"Minas Gerais","MG",3,"Sudeste"
3160454,"Santo Antônio do Retiro",31005,"Salinas",3102,"Norte de Minas",310012,"Espinosa",3102,"Montes Claros",31,"Minas Gerais","MG",3,"Sudeste"
3160504,"Santo Antônio do Rio Abaixo",31028,"Conceição do Mato Dentro",3107,"Metropolitana de Belo Horizonte",310005,"Itabira",3101,"Belo Horizonte",31,"Minas Gerais","MG",3,"Sudeste"
3160603,"Santo Hipólito",31025,"Curvelo",3106,"Central Mineira",310004,"Curvelo",3101,"Belo Horizonte",31,"Minas Gerais","MG",3,"Sudeste"
3160702,"Santos Dumont",31065,"Juiz de Fora",3112,"Zona da Mata",310027,"Juiz de Fora",3106,"Juíz de Fora",31,"Minas Gerais","MG",3,"Sudeste"
3160801,"São Bento Abade",31050,"Varginha",3110,"Sul/Sudoeste de Minas",310045,"Três Corações",3108,"Varginha",31,"Minas Gerais","MG",3,"Sudeste"
3160900,"São Brás do Suaçuí",31034,"Conselheiro Lafaiete",3107,"Metropolitana de Belo Horizonte",310038,"Conselheiro Lafaiete",3107,"Barbacena",31,"Minas Gerais","MG",3,"Sudeste"
3160959,"São Domingos das Dores",31040,"Caratinga",3108,"Vale do Rio Doce",310025,"Caratinga",3105,"Ipatinga",31,"Minas Gerais","MG",3,"Sudeste"
3161007,"São Domingos do Prata",31031,"Itabira",3107,"Metropolitana de Belo Horizonte",310026,"João Monlevade",3105,"Ipatinga",31,"Minas Gerais","MG",3,"Sudeste"
3161056,"São Félix de Minas",31038,"Mantena",3108,"Vale do Rio Doce",310022,"Mantena",3104,"Governador Valadares",31,"Minas Gerais","MG",3,"Sudeste"
3161106,"São Francisco",31003,"Januária",3102,"Norte de Minas",310011,"São Francisco",3102,"Montes Claros",31,"Minas Gerais","MG",3,"Sudeste"
3161205,"São Francisco de Paula",31046,"Oliveira",3109,"Oeste de Minas",310069,"Oliveira",3113,"Divinópolis",31,"Minas Gerais","MG",3,"Sudeste"
3161304,"São Francisco de Sales",31021,"Frutal",3105,"Triângulo Mineiro/Alto Paranaíba",310058,"Iturama",3110,"Uberaba",31,"Minas Gerais","MG",3,"Sudeste"
3161403,"São Francisco do Glória",31063,"Muriaé",3112,"Zona da Mata",310031,"Muriaé",3106,"Juíz de Fora",31,"Minas Gerais","MG",3,"Sudeste"
3161502,"São Geraldo",31064,"Ubá",3112,"Zona da Mata",310029,"Ubá",3106,"Juíz de Fora",31,"Minas Gerais","MG",3,"Sudeste"
3161601,"São Geraldo da Piedade",31037,"Governador Valadares",3108,"Vale do Rio Doce",310020,"Governador Valadares",3104,"Governador Valadares",31,"Minas Gerais","MG",3,"Sudeste"
3161650,"São Geraldo do Baixio",31037,"Governador Valadares",3108,"Vale do Rio Doce",310020,"Governador Valadares",3104,"Governador Valadares",31,"Minas Gerais","MG",3,"Sudeste"
3161700,"São Gonçalo do Abaeté",31002,"Paracatu",3101,"Noroeste de Minas",310062,"Patos de Minas",3112,"Patos de Minas",31,"Minas Gerais","MG",3,"Sudeste"
3161809,"São Gonçalo do Pará",31043,"Divinópolis",3109,"Oeste de Minas",310065,"Divinópolis",3113,"Divinópolis",31,"Minas Gerais","MG",3,"Sudeste"
3161908,"São Gonçalo do Rio Abaixo",31031,"Itabira",3107,"Metropolitana de Belo Horizonte",310026,"João Monlevade",3105,"Ipatinga",31,"Minas Gerais","MG",3,"Sudeste"
3162005,"São Gonçalo do Sapucaí",31053,"Santa Rita do Sapucaí",3110,"Sul/Sudoeste de Minas",310040,"Varginha",3108,"Varginha",31,"Minas Gerais","MG",3,"Sudeste"
3162104,"São Gotardo",31020,"Patos de Minas",3105,"Triângulo Mineiro/Alto Paranaíba",310062,"Patos de Minas",3112,"Patos de Minas",31,"Minas Gerais","MG",3,"Sudeste"
3162203,"São João Batista do Glória",31047,"Passos",3110,"Sul/Sudoeste de Minas",310041,"Passos",3108,"Varginha",31,"Minas Gerais","MG",3,"Sudeste"
3162252,"São João da Lagoa",31007,"Montes Claros",3102,"Norte de Minas",310006,"Montes Claros",3102,"Montes Claros",31,"Minas Gerais","MG",3,"Sudeste"
3162302,"São João da Mata",31053,"Santa Rita do Sapucaí",3110,"Sul/Sudoeste de Minas",310050,"Pouso Alegre",3109,"Pouso Alegre",31,"Minas Gerais","MG",3,"Sudeste"
3162401,"São João da Ponte",31007,"Montes Claros",3102,"Norte de Minas",310006,"Montes Claros",3102,"Montes Claros",31,"Minas Gerais","MG",3,"Sudeste"
3162450,"São João das Missões",31003,"Januária",3102,"Norte de Minas",310009,"Januária",3102,"Montes Claros",31,"Minas Gerais","MG",3,"Sudeste"
3162500,"São João del Rei",31058,"São João Del Rei",3111,"Campo das Vertentes",310039,"São João del Rei",3107,"Barbacena",31,"Minas Gerais","MG",3,"Sudeste"
3162559,"São João do Manhuaçu",31061,"Manhuaçu",3112,"Zona da Mata",310028,"Manhuaçu",3106,"Juíz de Fora",31,"Minas Gerais","MG",3,"Sudeste"
3162575,"São João do Manteninha",31038,"Mantena",3108,"Vale do Rio Doce",310022,"Mantena",3104,"Governador Valadares",31,"Minas Gerais","MG",3,"Sudeste"
3162609,"São João do Oriente",31040,"Caratinga",3108,"Vale do Rio Doce",310024,"Ipatinga",3105,"Ipatinga",31,"Minas Gerais","MG",3,"Sudeste"
3162658,"São João do Pacuí",31007,"Montes Claros",3102,"Norte de Minas",310006,"Montes Claros",3102,"Montes Claros",31,"Minas Gerais","MG",3,"Sudeste"
3162708,"São João do Paraíso",31005,"Salinas",3102,"Norte de Minas",310008,"Salinas",3102,"Montes Claros",31,"Minas Gerais","MG",3,"Sudeste"
3162807,"São João Evangelista",31035,"Guanhães",3108,"Vale do Rio Doce",310021,"Guanhães",3104,"Governador Valadares",31,"Minas Gerais","MG",3,"Sudeste"
3162906,"São João Nepomuceno",31065,"Juiz de Fora",3112,"Zona da Mata",310035,"São João Nepomuceno - Bicas",3106,"Juíz de Fora",31,"Minas Gerais","MG",3,"Sudeste"
3162922,"São Joaquim de Bicas",31030,"Belo Horizonte",3107,"Metropolitana de Belo Horizonte",310001,"Belo Horizonte",3101,"Belo Horizonte",31,"Minas Gerais","MG",3,"Sudeste"
3162948,"São José da Barra",31047,"Passos",3110,"Sul/Sudoeste de Minas",310041,"Passos",3108,"Varginha",31,"Minas Gerais","MG",3,"Sudeste"
3162955,"São José da Lapa",31030,"Belo Horizonte",3107,"Metropolitana de Belo Horizonte",310001,"Belo Horizonte",3101,"Belo Horizonte",31,"Minas Gerais","MG",3,"Sudeste"
3163003,"São José da Safira",31037,"Governador Valadares",3108,"Vale do Rio Doce",310020,"Governador Valadares",3104,"Governador Valadares",31,"Minas Gerais","MG",3,"Sudeste"
3163102,"São José da Varginha",31029,"Pará de Minas",3107,"Metropolitana de Belo Horizonte",310068,"Pará de Minas",3113,"Divinópolis",31,"Minas Gerais","MG",3,"Sudeste"
3163201,"São José do Alegre",31053,"Santa Rita do Sapucaí",3110,"Sul/Sudoeste de Minas",310052,"Itajubá",3109,"Pouso Alegre",31,"Minas Gerais","MG",3,"Sudeste"
3163300,"São José do Divino",31037,"Governador Valadares",3108,"Vale do Rio Doce",310013,"Teófilo Otoni",3103,"Teófilo Otoni",31,"Minas Gerais","MG",3,"Sudeste"
3163409,"São José do Goiabal",31031,"Itabira",3107,"Metropolitana de Belo Horizonte",310024,"Ipatinga",3105,"Ipatinga",31,"Minas Gerais","MG",3,"Sudeste"
3163508,"São José do Jacuri",31036,"Peçanha",3108,"Vale do Rio Doce",310021,"Guanhães",3104,"Governador Valadares",31,"Minas Gerais","MG",3,"Sudeste"
3163607,"São José do Mantimento",31061,"Manhuaçu",3112,"Zona da Mata",310028,"Manhuaçu",3106,"Juíz de Fora",31,"Minas Gerais","MG",3,"Sudeste"
3163706,"São Lourenço",31054,"São Lourenço",3110,"Sul/Sudoeste de Minas",310053,"São Lourenço",3109,"Pouso Alegre",31,"Minas Gerais","MG",3,"Sudeste"
3163805,"São Miguel do Anta",31062,"Viçosa",3112,"Zona da Mata",310033,"Viçosa",3106,"Juíz de Fora",31,"Minas Gerais","MG",3,"Sudeste"
3163904,"São Pedro da União",31048,"São Sebastião do Paraíso",3110,"Sul/Sudoeste de Minas",310044,"Guaxupé",3108,"Varginha",31,"Minas Gerais","MG",3,"Sudeste"
3164001,"São Pedro dos Ferros",31060,"Ponte Nova",3112,"Zona da Mata",310030,"Ponte Nova",3106,"Juíz de Fora",31,"Minas Gerais","MG",3,"Sudeste"
3164100,"São Pedro do Suaçuí",31036,"Peçanha",3108,"Vale do Rio Doce",310021,"Guanhães",3104,"Governador Valadares",31,"Minas Gerais","MG",3,"Sudeste"
3164209,"São Romão",31006,"Pirapora",3102,"Norte de Minas",310011,"São Francisco",3102,"Montes Claros",31,"Minas Gerais","MG",3,"Sudeste"
3164308,"São Roque de Minas",31042,"Piuí",3109,"Oeste de Minas",310049,"Piumhi",3108,"Varginha",31,"Minas Gerais","MG",3,"Sudeste"
3164407,"São Sebastião da Bela Vista",31053,"Santa Rita do Sapucaí",3110,"Sul/Sudoeste de Minas",310050,"Pouso Alegre",3109,"Pouso Alegre",31,"Minas Gerais","MG",3,"Sudeste"
3164431,"São Sebastião da Vargem Alegre",31063,"Muriaé",3112,"Zona da Mata",310031,"Muriaé",3106,"Juíz de Fora",31,"Minas Gerais","MG",3,"Sudeste"
3164472,"São Sebastião do Anta",31040,"Caratinga",3108,"Vale do Rio Doce",310025,"Caratinga",3105,"Ipatinga",31,"Minas Gerais","MG",3,"Sudeste"
3164506,"São Sebastião do Maranhão",31036,"Peçanha",3108,"Vale do Rio Doce",310021,"Guanhães",3104,"Governador Valadares",31,"Minas Gerais","MG",3,"Sudeste"
3164605,"São Sebastião do Oeste",31043,"Divinópolis",3109,"Oeste de Minas",310065,"Divinópolis",3113,"Divinópolis",31,"Minas Gerais","MG",3,"Sudeste"
3164704,"São Sebastião do Paraíso",31048,"São Sebastião do Paraíso",3110,"Sul/Sudoeste de Minas",310047,"São Sebastião do Paraíso",3108,"Varginha",31,"Minas Gerais","MG",3,"Sudeste"
3164803,"São Sebastião do Rio Preto",31028,"Conceição do Mato Dentro",3107,"Metropolitana de Belo Horizonte",310005,"Itabira",3101,"Belo Horizonte",31,"Minas Gerais","MG",3,"Sudeste"
3164902,"São Sebastião do Rio Verde",31054,"São Lourenço",3110,"Sul/Sudoeste de Minas",310053,"São Lourenço",3109,"Pouso Alegre",31,"Minas Gerais","MG",3,"Sudeste"
3165008,"São Tiago",31058,"São João Del Rei",3111,"Campo das Vertentes",310039,"São João del Rei",3107,"Barbacena",31,"Minas Gerais","MG",3,"Sudeste"
3165107,"São Tomás de Aquino",31048,"São Sebastião do Paraíso",3110,"Sul/Sudoeste de Minas",310047,"São Sebastião do Paraíso",3108,"Varginha",31,"Minas Gerais","MG",3,"Sudeste"
3165206,"São Tomé das Letras",31050,"Varginha",3110,"Sul/Sudoeste de Minas",310045,"Três Corações",3108,"Varginha",31,"Minas Gerais","MG",3,"Sudeste"
3165305,"São Vicente de Minas",31055,"Andrelândia",3110,"Sul/Sudoeste de Minas",310039,"São João del Rei",3107,"Barbacena",31,"Minas Gerais","MG",3,"Sudeste"
3165404,"Sapucaí-Mirim",31052,"Pouso Alegre",3110,"Sul/Sudoeste de Minas",310052,"Itajubá",3109,"Pouso Alegre",31,"Minas Gerais","MG",3,"Sudeste"
3165503,"Sardoá",31035,"Guanhães",3108,"Vale do Rio Doce",310020,"Governador Valadares",3104,"Governador Valadares",31,"Minas Gerais","MG",3,"Sudeste"
3165537,"Sarzedo",31030,"Belo Horizonte",3107,"Metropolitana de Belo Horizonte",310001,"Belo Horizonte",3101,"Belo Horizonte",31,"Minas Gerais","MG",3,"Sudeste"
3165552,"Setubinha",31015,"Teófilo Otoni",3104,"Vale do Mucuri",310013,"Teófilo Otoni",3103,"Teófilo Otoni",31,"Minas Gerais","MG",3,"Sudeste"
3165560,"Sem-Peixe",31060,"Ponte Nova",3112,"Zona da Mata",310030,"Ponte Nova",3106,"Juíz de Fora",31,"Minas Gerais","MG",3,"Sudeste"
3165578,"Senador Amaral",31052,"Pouso Alegre",3110,"Sul/Sudoeste de Minas",310050,"Pouso Alegre",3109,"Pouso Alegre",31,"Minas Gerais","MG",3,"Sudeste"
3165602,"Senador Cortes",31065,"Juiz de Fora",3112,"Zona da Mata",310035,"São João Nepomuceno - Bicas",3106,"Juíz de Fora",31,"Minas Gerais","MG",3,"Sudeste"
3165701,"Senador Firmino",31064,"Ubá",3112,"Zona da Mata",310029,"Ubá",3106,"Juíz de Fora",31,"Minas Gerais","MG",3,"Sudeste"
3165800,"Senador José Bento",31052,"Pouso Alegre",3110,"Sul/Sudoeste de Minas",310050,"Pouso Alegre",3109,"Pouso Alegre",31,"Minas Gerais","MG",3,"Sudeste"
3165909,"Senador Modestino Gonçalves",31010,"Diamantina",3103,"Jequitinhonha",310016,"Diamantina",3103,"Teófilo Otoni",31,"Minas Gerais","MG",3,"Sudeste"
3166006,"Senhora de Oliveira",31062,"Viçosa",3112,"Zona da Mata",310038,"Conselheiro Lafaiete",3107,"Barbacena",31,"Minas Gerais","MG",3,"Sudeste"
3166105,"Senhora do Porto",31035,"Guanhães",3108,"Vale do Rio Doce",310021,"Guanhães",3104,"Governador Valadares",31,"Minas Gerais","MG",3,"Sudeste"
3166204,"Senhora dos Remédios",31059,"Barbacena",3111,"Campo das Vertentes",310037,"Barbacena",3107,"Barbacena",31,"Minas Gerais","MG",3,"Sudeste"
3166303,"Sericita",31060,"Ponte Nova",3112,"Zona da Mata",310030,"Ponte Nova",3106,"Juíz de Fora",31,"Minas Gerais","MG",3,"Sudeste"
3166402,"Seritinga",31055,"Andrelândia",3110,"Sul/Sudoeste de Minas",310054,"Caxambu - Baependi",3109,"Pouso Alegre",31,"Minas Gerais","MG",3,"Sudeste"
3166501,"Serra Azul de Minas",31028,"Conceição do Mato Dentro",3107,"Metropolitana de Belo Horizonte",310016,"Diamantina",3103,"Teófilo Otoni",31,"Minas Gerais","MG",3,"Sudeste"
3166600,"Serra da Saudade",31026,"Bom Despacho",3106,"Central Mineira",310067,"Dores do Indaiá",3113,"Divinópolis",31,"Minas Gerais","MG",3,"Sudeste"
3166709,"Serra dos Aimorés",31016,"Nanuque",3104,"Vale do Mucuri",310013,"Teófilo Otoni",3103,"Teófilo Otoni",31,"Minas Gerais","MG",3,"Sudeste"
3166808,"Serra do Salitre",31019,"Patrocínio",3105,"Triângulo Mineiro/Alto Paranaíba",310064,"Patrocínio",3112,"Patos de Minas",31,"Minas Gerais","MG",3,"Sudeste"
3166907,"Serrania",31049,"Alfenas",3110,"Sul/Sudoeste de Minas",310042,"Alfenas",3108,"Varginha",31,"Minas Gerais","MG",3,"Sudeste"
3166956,"Serranópolis de Minas",31004,"Janaúba",3102,"Norte de Minas",310007,"Janaúba",3102,"Montes Claros",31,"Minas Gerais","MG",3,"Sudeste"
3167004,"Serranos",31055,"Andrelândia",3110,"Sul/Sudoeste de Minas",310054,"Caxambu - Baependi",3109,"Pouso Alegre",31,"Minas Gerais","MG",3,"Sudeste"
3167103,"Serro",31028,"Conceição do Mato Dentro",3107,"Metropolitana de Belo Horizonte",310016,"Diamantina",3103,"Teófilo Otoni",31,"Minas Gerais","MG",3,"Sudeste"
3167202,"Sete Lagoas",31027,"Sete Lagoas",3107,"Metropolitana de Belo Horizonte",310002,"Sete Lagoas",3101,"Belo Horizonte",31,"Minas Gerais","MG",3,"Sudeste"
3167301,"Silveirânia",31064,"Ubá",3112,"Zona da Mata",310029,"Ubá",3106,"Juíz de Fora",31,"Minas Gerais","MG",3,"Sudeste"
3167400,"Silvianópolis",31053,"Santa Rita do Sapucaí",3110,"Sul/Sudoeste de Minas",310050,"Pouso Alegre",3109,"Pouso Alegre",31,"Minas Gerais","MG",3,"Sudeste"
3167509,"Simão Pereira",31065,"Juiz de Fora",3112,"Zona da Mata",310027,"Juiz de Fora",3106,"Juíz de Fora",31,"Minas Gerais","MG",3,"Sudeste"
3167608,"Simonésia",31061,"Manhuaçu",3112,"Zona da Mata",310028,"Manhuaçu",3106,"Juíz de Fora",31,"Minas Gerais","MG",3,"Sudeste"
3167707,"Sobrália",31037,"Governador Valadares",3108,"Vale do Rio Doce",310020,"Governador Valadares",3104,"Governador Valadares",31,"Minas Gerais","MG",3,"Sudeste"
3167806,"Soledade de Minas",31054,"São Lourenço",3110,"Sul/Sudoeste de Minas",310053,"São Lourenço",3109,"Pouso Alegre",31,"Minas Gerais","MG",3,"Sudeste"
3167905,"Tabuleiro",31064,"Ubá",3112,"Zona da Mata",310029,"Ubá",3106,"Juíz de Fora",31,"Minas Gerais","MG",3,"Sudeste"
3168002,"Taiobeiras",31005,"Salinas",3102,"Norte de Minas",310008,"Salinas",3102,"Montes Claros",31,"Minas Gerais","MG",3,"Sudeste"
3168051,"Taparuba",31041,"Aimorés",3108,"Vale do Rio Doce",310028,"Manhuaçu",3106,"Juíz de Fora",31,"Minas Gerais","MG",3,"Sudeste"
3168101,"Tapira",31023,"Araxá",3105,"Triângulo Mineiro/Alto Paranaíba",310056,"Araxá",3110,"Uberaba",31,"Minas Gerais","MG",3,"Sudeste"
3168200,"Tapiraí",31042,"Piuí",3109,"Oeste de Minas",310066,"Formiga",3113,"Divinópolis",31,"Minas Gerais","MG",3,"Sudeste"
3168309,"Taquaraçu de Minas",31031,"Itabira",3107,"Metropolitana de Belo Horizonte",310001,"Belo Horizonte",3101,"Belo Horizonte",31,"Minas Gerais","MG",3,"Sudeste"
3168408,"Tarumirim",31040,"Caratinga",3108,"Vale do Rio Doce",310020,"Governador Valadares",3104,"Governador Valadares",31,"Minas Gerais","MG",3,"Sudeste"
3168507,"Teixeiras",31062,"Viçosa",3112,"Zona da Mata",310033,"Viçosa",3106,"Juíz de Fora",31,"Minas Gerais","MG",3,"Sudeste"
3168606,"Teófilo Otoni",31015,"Teófilo Otoni",3104,"Vale do Mucuri",310013,"Teófilo Otoni",3103,"Teófilo Otoni",31,"Minas Gerais","MG",3,"Sudeste"
3168705,"Timóteo",31039,"Ipatinga",3108,"Vale do Rio Doce",310024,"Ipatinga",3105,"Ipatinga",31,"Minas Gerais","MG",3,"Sudeste"
3168804,"Tiradentes",31058,"São João Del Rei",3111,"Campo das Vertentes",310039,"São João del Rei",3107,"Barbacena",31,"Minas Gerais","MG",3,"Sudeste"
3168903,"Tiros",31020,"Patos de Minas",3105,"Triângulo Mineiro/Alto Paranaíba",310062,"Patos de Minas",3112,"Patos de Minas",31,"Minas Gerais","MG",3,"Sudeste"
3169000,"Tocantins",31064,"Ubá",3112,"Zona da Mata",310029,"Ubá",3106,"Juíz de Fora",31,"Minas Gerais","MG",3,"Sudeste"
3169059,"Tocos do Moji",31052,"Pouso Alegre",3110,"Sul/Sudoeste de Minas",310050,"Pouso Alegre",3109,"Pouso Alegre",31,"Minas Gerais","MG",3,"Sudeste"
3169109,"Toledo",31052,"Pouso Alegre",3110,"Sul/Sudoeste de Minas",310050,"Pouso Alegre",3109,"Pouso Alegre",31,"Minas Gerais","MG",3,"Sudeste"
3169208,"Tombos",31063,"Muriaé",3112,"Zona da Mata",310034,"Carangola",3106,"Juíz de Fora",31,"Minas Gerais","MG",3,"Sudeste"
3169307,"Três Corações",31050,"Varginha",3110,"Sul/Sudoeste de Minas",310045,"Três Corações",3108,"Varginha",31,"Minas Gerais","MG",3,"Sudeste"
3169356,"Três Marias",31024,"Três Marias",3106,"Central Mineira",310004,"Curvelo",3101,"Belo Horizonte",31,"Minas Gerais","MG",3,"Sudeste"
3169406,"Três Pontas",31050,"Varginha",3110,"Sul/Sudoeste de Minas",310046,"Três Pontas - Boa Esperança",3108,"Varginha",31,"Minas Gerais","MG",3,"Sudeste"
3169505,"Tumiritinga",31037,"Governador Valadares",3108,"Vale do Rio Doce",310020,"Governador Valadares",3104,"Governador Valadares",31,"Minas Gerais","MG",3,"Sudeste"
3169604,"Tupaciguara",31018,"Uberlândia",3105,"Triângulo Mineiro/Alto Paranaíba",310059,"Uberlândia",3111,"Uberlândia",31,"Minas Gerais","MG",3,"Sudeste"
3169703,"Turmalina",31011,"Capelinha",3103,"Jequitinhonha",310014,"Capelinha",3103,"Teófilo Otoni",31,"Minas Gerais","MG",3,"Sudeste"
3169802,"Turvolândia",31053,"Santa Rita do Sapucaí",3110,"Sul/Sudoeste de Minas",310050,"Pouso Alegre",3109,"Pouso Alegre",31,"Minas Gerais","MG",3,"Sudeste"
3169901,"Ubá",31064,"Ubá",3112,"Zona da Mata",310029,"Ubá",3106,"Juíz de Fora",31,"Minas Gerais","MG",3,"Sudeste"
3170008,"Ubaí",31007,"Montes Claros",3102,"Norte de Minas",310011,"São Francisco",3102,"Montes Claros",31,"Minas Gerais","MG",3,"Sudeste"
3170057,"Ubaporanga",31040,"Caratinga",3108,"Vale do Rio Doce",310025,"Caratinga",3105,"Ipatinga",31,"Minas Gerais","MG",3,"Sudeste"
3170107,"Uberaba",31022,"Uberaba",3105,"Triângulo Mineiro/Alto Paranaíba",310055,"Uberaba",3110,"Uberaba",31,"Minas Gerais","MG",3,"Sudeste"
3170206,"Uberlândia",31018,"Uberlândia",3105,"Triângulo Mineiro/Alto Paranaíba",310059,"Uberlândia",3111,"Uberlândia",31,"Minas Gerais","MG",3,"Sudeste"
3170305,"Umburatiba",31016,"Nanuque",3104,"Vale do Mucuri",310019,"Águas Formosas",3103,"Teófilo Otoni",31,"Minas Gerais","MG",3,"Sudeste"
3170404,"Unaí",31001,"Unaí",3101,"Noroeste de Minas",310063,"Unaí",3112,"Patos de Minas",31,"Minas Gerais","MG",3,"Sudeste"
3170438,"União de Minas",31021,"Frutal",3105,"Triângulo Mineiro/Alto Paranaíba",310058,"Iturama",3110,"Uberaba",31,"Minas Gerais","MG",3,"Sudeste"
3170479,"Uruana de Minas",31001,"Unaí",3101,"Noroeste de Minas",310063,"Unaí",3112,"Patos de Minas",31,"Minas Gerais","MG",3,"Sudeste"
3170503,"Urucânia",31060,"Ponte Nova",3112,"Zona da Mata",310030,"Ponte Nova",3106,"Juíz de Fora",31,"Minas Gerais","MG",3,"Sudeste"
3170529,"Urucuia",31003,"Januária",3102,"Norte de Minas",310063,"Unaí",3112,"Patos de Minas",31,"Minas Gerais","MG",3,"Sudeste"
3170578,"Vargem Alegre",31040,"Caratinga",3108,"Vale do Rio Doce",310025,"Caratinga",3105,"Ipatinga",31,"Minas Gerais","MG",3,"Sudeste"
3170602,"Vargem Bonita",31042,"Piuí",3109,"Oeste de Minas",310049,"Piumhi",3108,"Varginha",31,"Minas Gerais","MG",3,"Sudeste"
3170651,"Vargem Grande do Rio Pardo",31005,"Salinas",3102,"Norte de Minas",310008,"Salinas",3102,"Montes Claros",31,"Minas Gerais","MG",3,"Sudeste"
3170701,"Varginha",31050,"Varginha",3110,"Sul/Sudoeste de Minas",310040,"Varginha",3108,"Varginha",31,"Minas Gerais","MG",3,"Sudeste"
3170750,"Varjão de Minas",31002,"Paracatu",3101,"Noroeste de Minas",310062,"Patos de Minas",3112,"Patos de Minas",31,"Minas Gerais","MG",3,"Sudeste"
3170800,"Várzea da Palma",31006,"Pirapora",3102,"Norte de Minas",310010,"Pirapora",3102,"Montes Claros",31,"Minas Gerais","MG",3,"Sudeste"
3170909,"Varzelândia",31007,"Montes Claros",3102,"Norte de Minas",310006,"Montes Claros",3102,"Montes Claros",31,"Minas Gerais","MG",3,"Sudeste"
3171006,"Vazante",31002,"Paracatu",3101,"Noroeste de Minas",310062,"Patos de Minas",3112,"Patos de Minas",31,"Minas Gerais","MG",3,"Sudeste"
3171030,"Verdelândia",31007,"Montes Claros",3102,"Norte de Minas",310007,"Janaúba",3102,"Montes Claros",31,"Minas Gerais","MG",3,"Sudeste"
3171071,"Veredinha",31011,"Capelinha",3103,"Jequitinhonha",310014,"Capelinha",3103,"Teófilo Otoni",31,"Minas Gerais","MG",3,"Sudeste"
3171105,"Veríssimo",31022,"Uberaba",3105,"Triângulo Mineiro/Alto Paranaíba",310055,"Uberaba",3110,"Uberaba",31,"Minas Gerais","MG",3,"Sudeste"
3171154,"Vermelho Novo",31060,"Ponte Nova",3112,"Zona da Mata",310025,"Caratinga",3105,"Ipatinga",31,"Minas Gerais","MG",3,"Sudeste"
3171204,"Vespasiano",31030,"Belo Horizonte",3107,"Metropolitana de Belo Horizonte",310001,"Belo Horizonte",3101,"Belo Horizonte",31,"Minas Gerais","MG",3,"Sudeste"
3171303,"Viçosa",31062,"Viçosa",3112,"Zona da Mata",310033,"Viçosa",3106,"Juíz de Fora",31,"Minas Gerais","MG",3,"Sudeste"
3171402,"Vieiras",31063,"Muriaé",3112,"Zona da Mata",310031,"Muriaé",3106,"Juíz de Fora",31,"Minas Gerais","MG",3,"Sudeste"
3171501,"Mathias Lobato",31037,"Governador Valadares",3108,"Vale do Rio Doce",310020,"Governador Valadares",3104,"Governador Valadares",31,"Minas Gerais","MG",3,"Sudeste"
3171600,"Virgem da Lapa",31012,"Araçuaí",3103,"Jequitinhonha",310017,"Araçuaí",3103,"Teófilo Otoni",31,"Minas Gerais","MG",3,"Sudeste"
3171709,"Virgínia",31056,"Itajubá",3110,"Sul/Sudoeste de Minas",310053,"São Lourenço",3109,"Pouso Alegre",31,"Minas Gerais","MG",3,"Sudeste"
3171808,"Virginópolis",31035,"Guanhães",3108,"Vale do Rio Doce",310021,"Guanhães",3104,"Governador Valadares",31,"Minas Gerais","MG",3,"Sudeste"
3171907,"Virgolândia",31037,"Governador Valadares",3108,"Vale do Rio Doce",310020,"Governador Valadares",3104,"Governador Valadares",31,"Minas Gerais","MG",3,"Sudeste"
3172004,"Visconde do Rio Branco",31064,"Ubá",3112,"Zona da Mata",310029,"Ubá",3106,"Juíz de Fora",31,"Minas Gerais","MG",3,"Sudeste"
3172103,"Volta Grande",31066,"Cataguases",3112,"Zona da Mata",310036,"Além Paraíba",3106,"Juíz de Fora",31,"Minas Gerais","MG",3,"Sudeste"
3172202,"Wenceslau Braz",31056,"Itajubá",3110,"Sul/Sudoeste de Minas",310052,"Itajubá",3109,"Pouso Alegre",31,"Minas Gerais","MG",3,"Sudeste"
3200102,"Afonso Cláudio",32007,"Afonso Cláudio",3203,"Central Espírito-santense",320002,"Afonso Cláudio - Venda Nova do Imigrante - Santa Maria de Jetibá",3201,"Vitória",32,"Espírito Santo","ES",3,"Sudeste"
3200136,"Águia Branca",32002,"Nova Venécia",3201,"Noroeste Espírito-santense",320005,"Colatina",3203,"Colatina",32,"Espírito Santo","ES",3,"Sudeste"
3200169,"Água Doce do Norte",32001,"Barra de São Francisco",3201,"Noroeste Espírito-santense",320006,"Nova Venécia",3203,"Colatina",32,"Espírito Santo","ES",3,"Sudeste"
3200201,"Alegre",32011,"Alegre",3204,"Sul Espírito-santense",320008,"Alegre",3204,"Cachoeiro do Itapemirim",32,"Espírito Santo","ES",3,"Sudeste"
3200300,"Alfredo Chaves",32010,"Guarapari",3203,"Central Espírito-santense",320001,"Vitória",3201,"Vitória",32,"Espírito Santo","ES",3,"Sudeste"
3200359,"Alto Rio Novo",32003,"Colatina",3201,"Noroeste Espírito-santense",320005,"Colatina",3203,"Colatina",32,"Espírito Santo","ES",3,"Sudeste"
3200409,"Anchieta",32010,"Guarapari",3203,"Central Espírito-santense",320001,"Vitória",3201,"Vitória",32,"Espírito Santo","ES",3,"Sudeste"
3200508,"Apiacá",32012,"Cachoeiro de Itapemirim",3204,"Sul Espírito-santense",320008,"Alegre",3204,"Cachoeiro do Itapemirim",32,"Espírito Santo","ES",3,"Sudeste"
3200607,"Aracruz",32006,"Linhares",3202,"Litoral Norte Espírito-santense",320004,"Linhares",3202,"São Mateus",32,"Espírito Santo","ES",3,"Sudeste"
3200706,"Atílio Vivácqua",32012,"Cachoeiro de Itapemirim",3204,"Sul Espírito-santense",320007,"Cachoeiro de Itapemirim",3204,"Cachoeiro do Itapemirim",32,"Espírito Santo","ES",3,"Sudeste"
3200805,"Baixo Guandu",32003,"Colatina",3201,"Noroeste Espírito-santense",320005,"Colatina",3203,"Colatina",32,"Espírito Santo","ES",3,"Sudeste"
3200904,"Barra de São Francisco",32001,"Barra de São Francisco",3201,"Noroeste Espírito-santense",320006,"Nova Venécia",3203,"Colatina",32,"Espírito Santo","ES",3,"Sudeste"
3201001,"Boa Esperança",32002,"Nova Venécia",3201,"Noroeste Espírito-santense",320003,"São Mateus",3202,"São Mateus",32,"Espírito Santo","ES",3,"Sudeste"
3201100,"Bom Jesus do Norte",32012,"Cachoeiro de Itapemirim",3204,"Sul Espírito-santense",320008,"Alegre",3204,"Cachoeiro do Itapemirim",32,"Espírito Santo","ES",3,"Sudeste"
3201159,"Brejetuba",32007,"Afonso Cláudio",3203,"Central Espírito-santense",320002,"Afonso Cláudio - Venda Nova do Imigrante - Santa Maria de Jetibá",3201,"Vitória",32,"Espírito Santo","ES",3,"Sudeste"
3201209,"Cachoeiro de Itapemirim",32012,"Cachoeiro de Itapemirim",3204,"Sul Espírito-santense",320007,"Cachoeiro de Itapemirim",3204,"Cachoeiro do Itapemirim",32,"Espírito Santo","ES",3,"Sudeste"
3201308,"Cariacica",32009,"Vitória",3203,"Central Espírito-santense",320001,"Vitória",3201,"Vitória",32,"Espírito Santo","ES",3,"Sudeste"
3201407,"Castelo",32012,"Cachoeiro de Itapemirim",3204,"Sul Espírito-santense",320007,"Cachoeiro de Itapemirim",3204,"Cachoeiro do Itapemirim",32,"Espírito Santo","ES",3,"Sudeste"
3201506,"Colatina",32003,"Colatina",3201,"Noroeste Espírito-santense",320005,"Colatina",3203,"Colatina",32,"Espírito Santo","ES",3,"Sudeste"
3201605,"Conceição da Barra",32005,"São Mateus",3202,"Litoral Norte Espírito-santense",320003,"São Mateus",3202,"São Mateus",32,"Espírito Santo","ES",3,"Sudeste"
3201704,"Conceição do Castelo",32007,"Afonso Cláudio",3203,"Central Espírito-santense",320002,"Afonso Cláudio - Venda Nova do Imigrante - Santa Maria de Jetibá",3201,"Vitória",32,"Espírito Santo","ES",3,"Sudeste"
3201803,"Divino de São Lourenço",32011,"Alegre",3204,"Sul Espírito-santense",320008,"Alegre",3204,"Cachoeiro do Itapemirim",32,"Espírito Santo","ES",3,"Sudeste"
3201902,"Domingos Martins",32007,"Afonso Cláudio",3203,"Central Espírito-santense",320002,"Afonso Cláudio - Venda Nova do Imigrante - Santa Maria de Jetibá",3201,"Vitória",32,"Espírito Santo","ES",3,"Sudeste"
3202009,"Dores do Rio Preto",32011,"Alegre",3204,"Sul Espírito-santense",320008,"Alegre",3204,"Cachoeiro do Itapemirim",32,"Espírito Santo","ES",3,"Sudeste"
3202108,"Ecoporanga",32001,"Barra de São Francisco",3201,"Noroeste Espírito-santense",320006,"Nova Venécia",3203,"Colatina",32,"Espírito Santo","ES",3,"Sudeste"
3202207,"Fundão",32006,"Linhares",3202,"Litoral Norte Espírito-santense",320001,"Vitória",3201,"Vitória",32,"Espírito Santo","ES",3,"Sudeste"
3202256,"Governador Lindenberg",32003,"Colatina",3201,"Noroeste Espírito-santense",320005,"Colatina",3203,"Colatina",32,"Espírito Santo","ES",3,"Sudeste"
3202306,"Guaçuí",32011,"Alegre",3204,"Sul Espírito-santense",320008,"Alegre",3204,"Cachoeiro do Itapemirim",32,"Espírito Santo","ES",3,"Sudeste"
3202405,"Guarapari",32010,"Guarapari",3203,"Central Espírito-santense",320001,"Vitória",3201,"Vitória",32,"Espírito Santo","ES",3,"Sudeste"
3202454,"Ibatiba",32011,"Alegre",3204,"Sul Espírito-santense",320008,"Alegre",3204,"Cachoeiro do Itapemirim",32,"Espírito Santo","ES",3,"Sudeste"
3202504,"Ibiraçu",32006,"Linhares",3202,"Litoral Norte Espírito-santense",320004,"Linhares",3202,"São Mateus",32,"Espírito Santo","ES",3,"Sudeste"
3202553,"Ibitirama",32011,"Alegre",3204,"Sul Espírito-santense",320008,"Alegre",3204,"Cachoeiro do Itapemirim",32,"Espírito Santo","ES",3,"Sudeste"
3202603,"Iconha",32010,"Guarapari",3203,"Central Espírito-santense",320007,"Cachoeiro de Itapemirim",3204,"Cachoeiro do Itapemirim",32,"Espírito Santo","ES",3,"Sudeste"
3202652,"Irupi",32011,"Alegre",3204,"Sul Espírito-santense",320008,"Alegre",3204,"Cachoeiro do Itapemirim",32,"Espírito Santo","ES",3,"Sudeste"
3202702,"Itaguaçu",32008,"Santa Teresa",3203,"Central Espírito-santense",320005,"Colatina",3203,"Colatina",32,"Espírito Santo","ES",3,"Sudeste"
3202801,"Itapemirim",32013,"Itapemirim",3204,"Sul Espírito-santense",320007,"Cachoeiro de Itapemirim",3204,"Cachoeiro do Itapemirim",32,"Espírito Santo","ES",3,"Sudeste"
3202900,"Itarana",32008,"Santa Teresa",3203,"Central Espírito-santense",320002,"Afonso Cláudio - Venda Nova do Imigrante - Santa Maria de Jetibá",3201,"Vitória",32,"Espírito Santo","ES",3,"Sudeste"
3203007,"Iúna",32011,"Alegre",3204,"Sul Espírito-santense",320008,"Alegre",3204,"Cachoeiro do Itapemirim",32,"Espírito Santo","ES",3,"Sudeste"
3203056,"Jaguaré",32005,"São Mateus",3202,"Litoral Norte Espírito-santense",320003,"São Mateus",3202,"São Mateus",32,"Espírito Santo","ES",3,"Sudeste"
3203106,"Jerônimo Monteiro",32012,"Cachoeiro de Itapemirim",3204,"Sul Espírito-santense",320007,"Cachoeiro de Itapemirim",3204,"Cachoeiro do Itapemirim",32,"Espírito Santo","ES",3,"Sudeste"
3203130,"João Neiva",32006,"Linhares",3202,"Litoral Norte Espírito-santense",320004,"Linhares",3202,"São Mateus",32,"Espírito Santo","ES",3,"Sudeste"
3203163,"Laranja da Terra",32007,"Afonso Cláudio",3203,"Central Espírito-santense",320002,"Afonso Cláudio - Venda Nova do Imigrante - Santa Maria de Jetibá",3201,"Vitória",32,"Espírito Santo","ES",3,"Sudeste"
3203205,"Linhares",32006,"Linhares",3202,"Litoral Norte Espírito-santense",320004,"Linhares",3202,"São Mateus",32,"Espírito Santo","ES",3,"Sudeste"
3203304,"Mantenópolis",32001,"Barra de São Francisco",3201,"Noroeste Espírito-santense",320005,"Colatina",3203,"Colatina",32,"Espírito Santo","ES",3,"Sudeste"
3203320,"Marataízes",32013,"Itapemirim",3204,"Sul Espírito-santense",320007,"Cachoeiro de Itapemirim",3204,"Cachoeiro do Itapemirim",32,"Espírito Santo","ES",3,"Sudeste"
3203346,"Marechal Floriano",32007,"Afonso Cláudio",3203,"Central Espírito-santense",320002,"Afonso Cláudio - Venda Nova do Imigrante - Santa Maria de Jetibá",3201,"Vitória",32,"Espírito Santo","ES",3,"Sudeste"
3203353,"Marilândia",32003,"Colatina",3201,"Noroeste Espírito-santense",320005,"Colatina",3203,"Colatina",32,"Espírito Santo","ES",3,"Sudeste"
3203403,"Mimoso do Sul",32012,"Cachoeiro de Itapemirim",3204,"Sul Espírito-santense",320007,"Cachoeiro de Itapemirim",3204,"Cachoeiro do Itapemirim",32,"Espírito Santo","ES",3,"Sudeste"
3203502,"Montanha",32004,"Montanha",3202,"Litoral Norte Espírito-santense",320003,"São Mateus",3202,"São Mateus",32,"Espírito Santo","ES",3,"Sudeste"
3203601,"Mucurici",32004,"Montanha",3202,"Litoral Norte Espírito-santense",320003,"São Mateus",3202,"São Mateus",32,"Espírito Santo","ES",3,"Sudeste"
3203700,"Muniz Freire",32011,"Alegre",3204,"Sul Espírito-santense",320008,"Alegre",3204,"Cachoeiro do Itapemirim",32,"Espírito Santo","ES",3,"Sudeste"
3203809,"Muqui",32012,"Cachoeiro de Itapemirim",3204,"Sul Espírito-santense",320007,"Cachoeiro de Itapemirim",3204,"Cachoeiro do Itapemirim",32,"Espírito Santo","ES",3,"Sudeste"
3203908,"Nova Venécia",32002,"Nova Venécia",3201,"Noroeste Espírito-santense",320006,"Nova Venécia",3203,"Colatina",32,"Espírito Santo","ES",3,"Sudeste"
3204005,"Pancas",32003,"Colatina",3201,"Noroeste Espírito-santense",320005,"Colatina",3203,"Colatina",32,"Espírito Santo","ES",3,"Sudeste"
3204054,"Pedro Canário",32005,"São Mateus",3202,"Litoral Norte Espírito-santense",320003,"São Mateus",3202,"São Mateus",32,"Espírito Santo","ES",3,"Sudeste"
3204104,"Pinheiros",32004,"Montanha",3202,"Litoral Norte Espírito-santense",320003,"São Mateus",3202,"São Mateus",32,"Espírito Santo","ES",3,"Sudeste"
3204203,"Piúma",32010,"Guarapari",3203,"Central Espírito-santense",320001,"Vitória",3201,"Vitória",32,"Espírito Santo","ES",3,"Sudeste"
3204252,"Ponto Belo",32004,"Montanha",3202,"Litoral Norte Espírito-santense",320003,"São Mateus",3202,"São Mateus",32,"Espírito Santo","ES",3,"Sudeste"
3204302,"Presidente Kennedy",32013,"Itapemirim",3204,"Sul Espírito-santense",320007,"Cachoeiro de Itapemirim",3204,"Cachoeiro do Itapemirim",32,"Espírito Santo","ES",3,"Sudeste"
3204351,"Rio Bananal",32006,"Linhares",3202,"Litoral Norte Espírito-santense",320004,"Linhares",3202,"São Mateus",32,"Espírito Santo","ES",3,"Sudeste"
3204401,"Rio Novo do Sul",32010,"Guarapari",3203,"Central Espírito-santense",320007,"Cachoeiro de Itapemirim",3204,"Cachoeiro do Itapemirim",32,"Espírito Santo","ES",3,"Sudeste"
3204500,"Santa Leopoldina",32008,"Santa Teresa",3203,"Central Espírito-santense",320002,"Afonso Cláudio - Venda Nova do Imigrante - Santa Maria de Jetibá",3201,"Vitória",32,"Espírito Santo","ES",3,"Sudeste"
3204559,"Santa Maria de Jetibá",32008,"Santa Teresa",3203,"Central Espírito-santense",320002,"Afonso Cláudio - Venda Nova do Imigrante - Santa Maria de Jetibá",3201,"Vitória",32,"Espírito Santo","ES",3,"Sudeste"
3204609,"Santa Teresa",32008,"Santa Teresa",3203,"Central Espírito-santense",320002,"Afonso Cláudio - Venda Nova do Imigrante - Santa Maria de Jetibá",3201,"Vitória",32,"Espírito Santo","ES",3,"Sudeste"
3204658,"São Domingos do Norte",32003,"Colatina",3201,"Noroeste Espírito-santense",320005,"Colatina",3203,"Colatina",32,"Espírito Santo","ES",3,"Sudeste"
3204708,"São Gabriel da Palha",32002,"Nova Venécia",3201,"Noroeste Espírito-santense",320005,"Colatina",3203,"Colatina",32,"Espírito Santo","ES",3,"Sudeste"
3204807,"São José do Calçado",32012,"Cachoeiro de Itapemirim",3204,"Sul Espírito-santense",320008,"Alegre",3204,"Cachoeiro do Itapemirim",32,"Espírito Santo","ES",3,"Sudeste"
3204906,"São Mateus",32005,"São Mateus",3202,"Litoral Norte Espírito-santense",320003,"São Mateus",3202,"São Mateus",32,"Espírito Santo","ES",3,"Sudeste"
3204955,"São Roque do Canaã",32008,"Santa Teresa",3203,"Central Espírito-santense",320005,"Colatina",3203,"Colatina",32,"Espírito Santo","ES",3,"Sudeste"
3205002,"Serra",32009,"Vitória",3203,"Central Espírito-santense",320001,"Vitória",3201,"Vitória",32,"Espírito Santo","ES",3,"Sudeste"
3205010,"Sooretama",32006,"Linhares",3202,"Litoral Norte Espírito-santense",320004,"Linhares",3202,"São Mateus",32,"Espírito Santo","ES",3,"Sudeste"
3205036,"Vargem Alta",32012,"Cachoeiro de Itapemirim",3204,"Sul Espírito-santense",320007,"Cachoeiro de Itapemirim",3204,"Cachoeiro do Itapemirim",32,"Espírito Santo","ES",3,"Sudeste"
3205069,"Venda Nova do Imigrante",32007,"Afonso Cláudio",3203,"Central Espírito-santense",320002,"Afonso Cláudio - Venda Nova do Imigrante - Santa Maria de Jetibá",3201,"Vitória",32,"Espírito Santo","ES",3,"Sudeste"
3205101,"Viana",32009,"Vitória",3203,"Central Espírito-santense",320001,"Vitória",3201,"Vitória",32,"Espírito Santo","ES",3,"Sudeste"
3205150,"Vila Pavão",32002,"Nova Venécia",3201,"Noroeste Espírito-santense",320006,"Nova Venécia",3203,"Colatina",32,"Espírito Santo","ES",3,"Sudeste"
3205176,"Vila Valério",32002,"Nova Venécia",3201,"Noroeste Espírito-santense",320005,"Colatina",3203,"Colatina",32,"Espírito Santo","ES",3,"Sudeste"
3205200,"Vila Velha",32009,"Vitória",3203,"Central Espírito-santense",320001,"Vitória",3201,"Vitória",32,"Espírito Santo","ES",3,"Sudeste"
3205309,"Vitória",32009,"Vitória",3203,"Central Espírito-santense",320001,"Vitória",3201,"Vitória",32,"Espírito Santo","ES",3,"Sudeste"
3300100,"Angra dos Reis",33013,"Baía da Ilha Grande",3305,"Sul Fluminense",330002,"Angra dos Reis",3301,"Rio de Janeiro",33,"Rio de Janeiro","RJ",3,"Sudeste"
3300159,"Aperibé",33002,"Santo Antônio de Pádua",3301,"Noroeste Fluminense",330012,"Santo Antônio de Pádua",3304,"Campos dos Goytacazes",33,"Rio de Janeiro","RJ",3,"Sudeste"
3300209,"Araruama",33010,"Lagos",3304,"Baixadas",330013,"Cabo Frio",3305,"Macaé - Rio das Ostras - Cabo Frio",33,"Rio de Janeiro","RJ",3,"Sudeste"
3300225,"Areal",33005,"Três Rios",3303,"Centro Fluminense",330007,"Petrópolis",3303,"Petrópolis",33,"Rio de Janeiro","RJ",3,"Sudeste"
3300233,"Armação dos Búzios",33010,"Lagos",3304,"Baixadas",330013,"Cabo Frio",3305,"Macaé - Rio das Ostras - Cabo Frio",33,"Rio de Janeiro","RJ",3,"Sudeste"
3300258,"Arraial do Cabo",33010,"Lagos",3304,"Baixadas",330013,"Cabo Frio",3305,"Macaé - Rio das Ostras - Cabo Frio",33,"Rio de Janeiro","RJ",3,"Sudeste"
3300308,"Barra do Piraí",33012,"Barra do Piraí",3305,"Sul Fluminense",330004,"Volta Redonda - Barra Mansa",3302,"Volta Redonda - Barra Mansa",33,"Rio de Janeiro","RJ",3,"Sudeste"
3300407,"Barra Mansa",33011,"Vale do Paraíba Fluminense",3305,"Sul Fluminense",330004,"Volta Redonda - Barra Mansa",3302,"Volta Redonda - Barra Mansa",33,"Rio de Janeiro","RJ",3,"Sudeste"
3300456,"Belford Roxo",33018,"Rio de Janeiro",3306,"Metropolitana do Rio de Janeiro",330001,"Rio de Janeiro",3301,"Rio de Janeiro",33,"Rio de Janeiro","RJ",3,"Sudeste"
3300506,"Bom Jardim",33007,"Nova Friburgo",3303,"Centro Fluminense",330008,"Nova Friburgo",3303,"Petrópolis",33,"Rio de Janeiro","RJ",3,"Sudeste"
3300605,"Bom Jesus do Itabapoana",33001,"Itaperuna",3301,"Noroeste Fluminense",330011,"Itaperuna",3304,"Campos dos Goytacazes",33,"Rio de Janeiro","RJ",3,"Sudeste"
3300704,"Cabo Frio",33010,"Lagos",3304,"Baixadas",330013,"Cabo Frio",3305,"Macaé - Rio das Ostras - Cabo Frio",33,"Rio de Janeiro","RJ",3,"Sudeste"
3300803,"Cachoeiras de Macacu",33016,"Macacu-Caceribu",3306,"Metropolitana do Rio de Janeiro",330003,"Rio Bonito",3301,"Rio de Janeiro",33,"Rio de Janeiro","RJ",3,"Sudeste"
3300902,"Cambuci",33002,"Santo Antônio de Pádua",3301,"Noroeste Fluminense",330012,"Santo Antônio de Pádua",3304,"Campos dos Goytacazes",33,"Rio de Janeiro","RJ",3,"Sudeste"
3300936,"Carapebus",33004,"Macaé",3302,"Norte Fluminense",330014,"Macaé - Rio das Ostras",3305,"Macaé - Rio das Ostras - Cabo Frio",33,"Rio de Janeiro","RJ",3,"Sudeste"
3300951,"Comendador Levy Gasparian",33005,"Três Rios",3303,"Centro Fluminense",330009,"Três Rios - Paraíba do Sul",3303,"Petrópolis",33,"Rio de Janeiro","RJ",3,"Sudeste"
3301009,"Campos dos Goytacazes",33003,"Campos dos Goytacazes",3302,"Norte Fluminense",330010,"Campos dos Goytacazes",3304,"Campos dos Goytacazes",33,"Rio de Janeiro","RJ",3,"Sudeste"
3301108,"Cantagalo",33006,"Cantagalo-Cordeiro",3303,"Centro Fluminense",330008,"Nova Friburgo",3303,"Petrópolis",33,"Rio de Janeiro","RJ",3,"Sudeste"
3301157,"Cardoso Moreira",33003,"Campos dos Goytacazes",3302,"Norte Fluminense",330010,"Campos dos Goytacazes",3304,"Campos dos Goytacazes",33,"Rio de Janeiro","RJ",3,"Sudeste"
3301207,"Carmo",33006,"Cantagalo-Cordeiro",3303,"Centro Fluminense",330008,"Nova Friburgo",3303,"Petrópolis",33,"Rio de Janeiro","RJ",3,"Sudeste"
3301306,"Casimiro de Abreu",33009,"Bacia de São João",3304,"Baixadas",330014,"Macaé - Rio das Ostras",3305,"Macaé - Rio das Ostras - Cabo Frio",33,"Rio de Janeiro","RJ",3,"Sudeste"
3301405,"Conceição de Macabu",33004,"Macaé",3302,"Norte Fluminense",330014,"Macaé - Rio das Ostras",3305,"Macaé - Rio das Ostras - Cabo Frio",33,"Rio de Janeiro","RJ",3,"Sudeste"
3301504,"Cordeiro",33006,"Cantagalo-Cordeiro",3303,"Centro Fluminense",330008,"Nova Friburgo",3303,"Petrópolis",33,"Rio de Janeiro","RJ",3,"Sudeste"
3301603,"Duas Barras",33007,"Nova Friburgo",3303,"Centro Fluminense",330008,"Nova Friburgo",3303,"Petrópolis",33,"Rio de Janeiro","RJ",3,"Sudeste"
3301702,"Duque de Caxias",33018,"Rio de Janeiro",3306,"Metropolitana do Rio de Janeiro",330001,"Rio de Janeiro",3301,"Rio de Janeiro",33,"Rio de Janeiro","RJ",3,"Sudeste"
3301801,"Engenheiro Paulo de Frontin",33014,"Vassouras",3306,"Metropolitana do Rio de Janeiro",330004,"Volta Redonda - Barra Mansa",3302,"Volta Redonda - Barra Mansa",33,"Rio de Janeiro","RJ",3,"Sudeste"
3301850,"Guapimirim",33018,"Rio de Janeiro",3306,"Metropolitana do Rio de Janeiro",330001,"Rio de Janeiro",3301,"Rio de Janeiro",33,"Rio de Janeiro","RJ",3,"Sudeste"
3301876,"Iguaba Grande",33010,"Lagos",3304,"Baixadas",330013,"Cabo Frio",3305,"Macaé - Rio das Ostras - Cabo Frio",33,"Rio de Janeiro","RJ",3,"Sudeste"
3301900,"Itaboraí",33018,"Rio de Janeiro",3306,"Metropolitana do Rio de Janeiro",330001,"Rio de Janeiro",3301,"Rio de Janeiro",33,"Rio de Janeiro","RJ",3,"Sudeste"
3302007,"Itaguaí",33017,"Itaguaí",3306,"Metropolitana do Rio de Janeiro",330001,"Rio de Janeiro",3301,"Rio de Janeiro",33,"Rio de Janeiro","RJ",3,"Sudeste"
3302056,"Italva",33001,"Itaperuna",3301,"Noroeste Fluminense",330010,"Campos dos Goytacazes",3304,"Campos dos Goytacazes",33,"Rio de Janeiro","RJ",3,"Sudeste"
3302106,"Itaocara",33002,"Santo Antônio de Pádua",3301,"Noroeste Fluminense",330012,"Santo Antônio de Pádua",3304,"Campos dos Goytacazes",33,"Rio de Janeiro","RJ",3,"Sudeste"
3302205,"Itaperuna",33001,"Itaperuna",3301,"Noroeste Fluminense",330011,"Itaperuna",3304,"Campos dos Goytacazes",33,"Rio de Janeiro","RJ",3,"Sudeste"
3302254,"Itatiaia",33011,"Vale do Paraíba Fluminense",3305,"Sul Fluminense",330005,"Resende",3302,"Volta Redonda - Barra Mansa",33,"Rio de Janeiro","RJ",3,"Sudeste"
3302270,"Japeri",33018,"Rio de Janeiro",3306,"Metropolitana do Rio de Janeiro",330001,"Rio de Janeiro",3301,"Rio de Janeiro",33,"Rio de Janeiro","RJ",3,"Sudeste"
3302304,"Laje do Muriaé",33001,"Itaperuna",3301,"Noroeste Fluminense",330011,"Itaperuna",3304,"Campos dos Goytacazes",33,"Rio de Janeiro","RJ",3,"Sudeste"
3302403,"Macaé",33004,"Macaé",3302,"Norte Fluminense",330014,"Macaé - Rio das Ostras",3305,"Macaé - Rio das Ostras - Cabo Frio",33,"Rio de Janeiro","RJ",3,"Sudeste"
3302452,"Macuco",33006,"Cantagalo-Cordeiro",3303,"Centro Fluminense",330008,"Nova Friburgo",3303,"Petrópolis",33,"Rio de Janeiro","RJ",3,"Sudeste"
3302502,"Magé",33018,"Rio de Janeiro",3306,"Metropolitana do Rio de Janeiro",330001,"Rio de Janeiro",3301,"Rio de Janeiro",33,"Rio de Janeiro","RJ",3,"Sudeste"
3302601,"Mangaratiba",33017,"Itaguaí",3306,"Metropolitana do Rio de Janeiro",330001,"Rio de Janeiro",3301,"Rio de Janeiro",33,"Rio de Janeiro","RJ",3,"Sudeste"
3302700,"Maricá",33018,"Rio de Janeiro",3306,"Metropolitana do Rio de Janeiro",330001,"Rio de Janeiro",3301,"Rio de Janeiro",33,"Rio de Janeiro","RJ",3,"Sudeste"
3302809,"Mendes",33014,"Vassouras",3306,"Metropolitana do Rio de Janeiro",330004,"Volta Redonda - Barra Mansa",3302,"Volta Redonda - Barra Mansa",33,"Rio de Janeiro","RJ",3,"Sudeste"
3302858,"Mesquita",33018,"Rio de Janeiro",3306,"Metropolitana do Rio de Janeiro",330001,"Rio de Janeiro",3301,"Rio de Janeiro",33,"Rio de Janeiro","RJ",3,"Sudeste"
3302908,"Miguel Pereira",33014,"Vassouras",3306,"Metropolitana do Rio de Janeiro",330006,"Valença",3302,"Volta Redonda - Barra Mansa",33,"Rio de Janeiro","RJ",3,"Sudeste"
3303005,"Miracema",33002,"Santo Antônio de Pádua",3301,"Noroeste Fluminense",330012,"Santo Antônio de Pádua",3304,"Campos dos Goytacazes",33,"Rio de Janeiro","RJ",3,"Sudeste"
3303104,"Natividade",33001,"Itaperuna",3301,"Noroeste Fluminense",330011,"Itaperuna",3304,"Campos dos Goytacazes",33,"Rio de Janeiro","RJ",3,"Sudeste"
3303203,"Nilópolis",33018,"Rio de Janeiro",3306,"Metropolitana do Rio de Janeiro",330001,"Rio de Janeiro",3301,"Rio de Janeiro",33,"Rio de Janeiro","RJ",3,"Sudeste"
3303302,"Niterói",33018,"Rio de Janeiro",3306,"Metropolitana do Rio de Janeiro",330001,"Rio de Janeiro",3301,"Rio de Janeiro",33,"Rio de Janeiro","RJ",3,"Sudeste"
3303401,"Nova Friburgo",33007,"Nova Friburgo",3303,"Centro Fluminense",330008,"Nova Friburgo",3303,"Petrópolis",33,"Rio de Janeiro","RJ",3,"Sudeste"
3303500,"Nova Iguaçu",33018,"Rio de Janeiro",3306,"Metropolitana do Rio de Janeiro",330001,"Rio de Janeiro",3301,"Rio de Janeiro",33,"Rio de Janeiro","RJ",3,"Sudeste"
3303609,"Paracambi",33014,"Vassouras",3306,"Metropolitana do Rio de Janeiro",330001,"Rio de Janeiro",3301,"Rio de Janeiro",33,"Rio de Janeiro","RJ",3,"Sudeste"
3303708,"Paraíba do Sul",33005,"Três Rios",3303,"Centro Fluminense",330009,"Três Rios - Paraíba do Sul",3303,"Petrópolis",33,"Rio de Janeiro","RJ",3,"Sudeste"
3303807,"Paraty",33013,"Baía da Ilha Grande",3305,"Sul Fluminense",330002,"Angra dos Reis",3301,"Rio de Janeiro",33,"Rio de Janeiro","RJ",3,"Sudeste"
3303856,"Paty do Alferes",33014,"Vassouras",3306,"Metropolitana do Rio de Janeiro",330006,"Valença",3302,"Volta Redonda - Barra Mansa",33,"Rio de Janeiro","RJ",3,"Sudeste"
3303906,"Petrópolis",33015,"Serrana",3306,"Metropolitana do Rio de Janeiro",330007,"Petrópolis",3303,"Petrópolis",33,"Rio de Janeiro","RJ",3,"Sudeste"
3303955,"Pinheiral",33011,"Vale do Paraíba Fluminense",3305,"Sul Fluminense",330004,"Volta Redonda - Barra Mansa",3302,"Volta Redonda - Barra Mansa",33,"Rio de Janeiro","RJ",3,"Sudeste"
3304003,"Piraí",33011,"Vale do Paraíba Fluminense",3305,"Sul Fluminense",330004,"Volta Redonda - Barra Mansa",3302,"Volta Redonda - Barra Mansa",33,"Rio de Janeiro","RJ",3,"Sudeste"
3304102,"Porciúncula",33001,"Itaperuna",3301,"Noroeste Fluminense",330011,"Itaperuna",3304,"Campos dos Goytacazes",33,"Rio de Janeiro","RJ",3,"Sudeste"
3304110,"Porto Real",33011,"Vale do Paraíba Fluminense",3305,"Sul Fluminense",330005,"Resende",3302,"Volta Redonda - Barra Mansa",33,"Rio de Janeiro","RJ",3,"Sudeste"
3304128,"Quatis",33011,"Vale do Paraíba Fluminense",3305,"Sul Fluminense",330005,"Resende",3302,"Volta Redonda - Barra Mansa",33,"Rio de Janeiro","RJ",3,"Sudeste"
3304144,"Queimados",33018,"Rio de Janeiro",3306,"Metropolitana do Rio de Janeiro",330001,"Rio de Janeiro",3301,"Rio de Janeiro",33,"Rio de Janeiro","RJ",3,"Sudeste"
3304151,"Quissamã",33004,"Macaé",3302,"Norte Fluminense",330014,"Macaé - Rio das Ostras",3305,"Macaé - Rio das Ostras - Cabo Frio",33,"Rio de Janeiro","RJ",3,"Sudeste"
3304201,"Resende",33011,"Vale do Paraíba Fluminense",3305,"Sul Fluminense",330005,"Resende",3302,"Volta Redonda - Barra Mansa",33,"Rio de Janeiro","RJ",3,"Sudeste"
3304300,"Rio Bonito",33016,"Macacu-Caceribu",3306,"Metropolitana do Rio de Janeiro",330003,"Rio Bonito",3301,"Rio de Janeiro",33,"Rio de Janeiro","RJ",3,"Sudeste"
3304409,"Rio Claro",33011,"Vale do Paraíba Fluminense",3305,"Sul Fluminense",330004,"Volta Redonda - Barra Mansa",3302,"Volta Redonda - Barra Mansa",33,"Rio de Janeiro","RJ",3,"Sudeste"
3304508,"Rio das Flores",33012,"Barra do Piraí",3305,"Sul Fluminense",330006,"Valença",3302,"Volta Redonda - Barra Mansa",33,"Rio de Janeiro","RJ",3,"Sudeste"
3304524,"Rio das Ostras",33009,"Bacia de São João",3304,"Baixadas",330014,"Macaé - Rio das Ostras",3305,"Macaé - Rio das Ostras - Cabo Frio",33,"Rio de Janeiro","RJ",3,"Sudeste"
3304557,"Rio de Janeiro",33018,"Rio de Janeiro",3306,"Metropolitana do Rio de Janeiro",330001,"Rio de Janeiro",3301,"Rio de Janeiro",33,"Rio de Janeiro","RJ",3,"Sudeste"
3304607,"Santa Maria Madalena",33008,"Santa Maria Madalena",3303,"Centro Fluminense",330008,"Nova Friburgo",3303,"Petrópolis",33,"Rio de Janeiro","RJ",3,"Sudeste"
3304706,"Santo Antônio de Pádua",33002,"Santo Antônio de Pádua",3301,"Noroeste Fluminense",330012,"Santo Antônio de Pádua",3304,"Campos dos Goytacazes",33,"Rio de Janeiro","RJ",3,"Sudeste"
3304755,"São Francisco de Itabapoana",33003,"Campos dos Goytacazes",3302,"Norte Fluminense",330010,"Campos dos Goytacazes",3304,"Campos dos Goytacazes",33,"Rio de Janeiro","RJ",3,"Sudeste"
3304805,"São Fidélis",33003,"Campos dos Goytacazes",3302,"Norte Fluminense",330010,"Campos dos Goytacazes",3304,"Campos dos Goytacazes",33,"Rio de Janeiro","RJ",3,"Sudeste"
3304904,"São Gonçalo",33018,"Rio de Janeiro",3306,"Metropolitana do Rio de Janeiro",330001,"Rio de Janeiro",3301,"Rio de Janeiro",33,"Rio de Janeiro","RJ",3,"Sudeste"
3305000,"São João da Barra",33003,"Campos dos Goytacazes",3302,"Norte Fluminense",330010,"Campos dos Goytacazes",3304,"Campos dos Goytacazes",33,"Rio de Janeiro","RJ",3,"Sudeste"
3305109,"São João de Meriti",33018,"Rio de Janeiro",3306,"Metropolitana do Rio de Janeiro",330001,"Rio de Janeiro",3301,"Rio de Janeiro",33,"Rio de Janeiro","RJ",3,"Sudeste"
3305133,"São José de Ubá",33002,"Santo Antônio de Pádua",3301,"Noroeste Fluminense",330011,"Itaperuna",3304,"Campos dos Goytacazes",33,"Rio de Janeiro","RJ",3,"Sudeste"
3305158,"São José do Vale do Rio Preto",33015,"Serrana",3306,"Metropolitana do Rio de Janeiro",330007,"Petrópolis",3303,"Petrópolis",33,"Rio de Janeiro","RJ",3,"Sudeste"
3305208,"São Pedro da Aldeia",33010,"Lagos",3304,"Baixadas",330013,"Cabo Frio",3305,"Macaé - Rio das Ostras - Cabo Frio",33,"Rio de Janeiro","RJ",3,"Sudeste"
3305307,"São Sebastião do Alto",33008,"Santa Maria Madalena",3303,"Centro Fluminense",330008,"Nova Friburgo",3303,"Petrópolis",33,"Rio de Janeiro","RJ",3,"Sudeste"
3305406,"Sapucaia",33005,"Três Rios",3303,"Centro Fluminense",330009,"Três Rios - Paraíba do Sul",3303,"Petrópolis",33,"Rio de Janeiro","RJ",3,"Sudeste"
3305505,"Saquarema",33010,"Lagos",3304,"Baixadas",330001,"Rio de Janeiro",3301,"Rio de Janeiro",33,"Rio de Janeiro","RJ",3,"Sudeste"
3305554,"Seropédica",33017,"Itaguaí",3306,"Metropolitana do Rio de Janeiro",330001,"Rio de Janeiro",3301,"Rio de Janeiro",33,"Rio de Janeiro","RJ",3,"Sudeste"
3305604,"Silva Jardim",33009,"Bacia de São João",3304,"Baixadas",330003,"Rio Bonito",3301,"Rio de Janeiro",33,"Rio de Janeiro","RJ",3,"Sudeste"
3305703,"Sumidouro",33007,"Nova Friburgo",3303,"Centro Fluminense",330008,"Nova Friburgo",3303,"Petrópolis",33,"Rio de Janeiro","RJ",3,"Sudeste"
3305752,"Tanguá",33018,"Rio de Janeiro",3306,"Metropolitana do Rio de Janeiro",330001,"Rio de Janeiro",3301,"Rio de Janeiro",33,"Rio de Janeiro","RJ",3,"Sudeste"
3305802,"Teresópolis",33015,"Serrana",3306,"Metropolitana do Rio de Janeiro",330007,"Petrópolis",3303,"Petrópolis",33,"Rio de Janeiro","RJ",3,"Sudeste"
3305901,"Trajano de Moraes",33008,"Santa Maria Madalena",3303,"Centro Fluminense",330008,"Nova Friburgo",3303,"Petrópolis",33,"Rio de Janeiro","RJ",3,"Sudeste"
3306008,"Três Rios",33005,"Três Rios",3303,"Centro Fluminense",330009,"Três Rios - Paraíba do Sul",3303,"Petrópolis",33,"Rio de Janeiro","RJ",3,"Sudeste"
3306107,"Valença",33012,"Barra do Piraí",3305,"Sul Fluminense",330006,"Valença",3302,"Volta Redonda - Barra Mansa",33,"Rio de Janeiro","RJ",3,"Sudeste"
3306156,"Varre-Sai",33001,"Itaperuna",3301,"Noroeste Fluminense",330011,"Itaperuna",3304,"Campos dos Goytacazes",33,"Rio de Janeiro","RJ",3,"Sudeste"
3306206,"Vassouras",33014,"Vassouras",3306,"Metropolitana do Rio de Janeiro",330006,"Valença",3302,"Volta Redonda - Barra Mansa",33,"Rio de Janeiro","RJ",3,"Sudeste"
3306305,"Volta Redonda",33011,"Vale do Paraíba Fluminense",3305,"Sul Fluminense",330004,"Volta Redonda - Barra Mansa",3302,"Volta Redonda - Barra Mansa",33,"Rio de Janeiro","RJ",3,"Sudeste"
3500105,"Adamantina",35035,"Adamantina",3508,"Presidente Prudente",350019,"Adamantina - Lucélia",3505,"Presidente Prudente",35,"São Paulo","SP",3,"Sudeste"
3500204,"Adolfo",35004,"São José do Rio Preto",3501,"São José do Rio Preto",350025,"São José do Rio Preto",3507,"São José do Rio Preto",35,"São Paulo","SP",3,"Sudeste"
3500303,"Aguaí",35029,"Pirassununga",3507,"Campinas",350044,"São João da Boa Vista",3510,"Campinas",35,"São Paulo","SP",3,"Sudeste"
3500402,"Águas da Prata",35030,"São João da Boa Vista",3507,"Campinas",350044,"São João da Boa Vista",3510,"Campinas",35,"São Paulo","SP",3,"Sudeste"
3500501,"Águas de Lindóia",35033,"Amparo",3507,"Campinas",350048,"Amparo",3510,"Campinas",35,"São Paulo","SP",3,"Sudeste"
3500550,"Águas de Santa Bárbara",35022,"Avaré",3504,"Bauru",350007,"Avaré",3502,"Sorocaba",35,"São Paulo","SP",3,"Sudeste"
3500600,"Águas de São Pedro",35028,"Piracicaba",3506,"Piracicaba",350040,"Piracicaba",3510,"Campinas",35,"São Paulo","SP",3,"Sudeste"
3500709,"Agudos",35020,"Bauru",3504,"Bauru",350009,"Bauru",3503,"Bauru",35,"São Paulo","SP",3,"Sudeste"
3500758,"Alambari",35042,"Itapetininga",3511,"Itapetininga",350006,"Itapetininga",3502,"Sorocaba",35,"São Paulo","SP",3,"Sudeste"
3500808,"Alfredo Marcondes",35036,"Presidente Prudente",3508,"Presidente Prudente",350018,"Presidente Prudente",3505,"Presidente Prudente",35,"São Paulo","SP",3,"Sudeste"
3500907,"Altair",35004,"São José do Rio Preto",3501,"São José do Rio Preto",350025,"São José do Rio Preto",3507,"São José do Rio Preto",35,"São Paulo","SP",3,"Sudeste"
3501004,"Altinópolis",35015,"Batatais",3502,"Ribeirão Preto",350031,"Ribeirão Preto",3508,"Ribeirão Preto",35,"São Paulo","SP",3,"Sudeste"
3501103,"Alto Alegre",35018,"Birigui",3503,"Araçatuba",350023,"Birigui - Penápolis",3506,"Araçatuba",35,"São Paulo","SP",3,"Sudeste"
3501152,"Alumínio",35046,"Sorocaba",3512,"Macro Metropolitana Paulista",350003,"Sorocaba",3502,"Sorocaba",35,"São Paulo","SP",3,"Sudeste"
3501202,"Álvares Florence",35003,"Votuporanga",3501,"São José do Rio Preto",350027,"Votuporanga",3507,"São José do Rio Preto",35,"São Paulo","SP",3,"Sudeste"
3501301,"Álvares Machado",35036,"Presidente Prudente",3508,"Presidente Prudente",350018,"Presidente Prudente",3505,"Presidente Prudente",35,"São Paulo","SP",3,"Sudeste"
3501400,"Álvaro de Carvalho",35038,"Marília",3509,"Marília",350013,"Marília",3504,"Marília",35,"São Paulo","SP",3,"Sudeste"
3501509,"Alvinlândia",35038,"Marília",3509,"Marília",350013,"Marília",3504,"Marília",35,"São Paulo","SP",3,"Sudeste"
3501608,"Americana",35032,"Campinas",3507,"Campinas",350038,"Campinas",3510,"Campinas",35,"São Paulo","SP",3,"Sudeste"
3501707,"Américo Brasiliense",35024,"Araraquara",3505,"Araraquara",350036,"Araraquara",3509,"Araraquara",35,"São Paulo","SP",3,"Sudeste"
3501806,"Américo de Campos",35003,"Votuporanga",3501,"São José do Rio Preto",350027,"Votuporanga",3507,"São José do Rio Preto",35,"São Paulo","SP",3,"Sudeste"
3501905,"Amparo",35033,"Amparo",3507,"Campinas",350048,"Amparo",3510,"Campinas",35,"São Paulo","SP",3,"Sudeste"
3502002,"Analândia",35025,"São Carlos",3505,"Araraquara",350046,"Rio Claro",3510,"Campinas",35,"São Paulo","SP",3,"Sudeste"
3502101,"Andradina",35016,"Andradina",3503,"Araçatuba",350024,"Andradina",3506,"Araçatuba",35,"São Paulo","SP",3,"Sudeste"
3502200,"Angatuba",35042,"Itapetininga",3511,"Itapetininga",350006,"Itapetininga",3502,"Sorocaba",35,"São Paulo","SP",3,"Sudeste"
3502309,"Anhembi",35023,"Botucatu",3504,"Bauru",350011,"Botucatu",3503,"Bauru",35,"São Paulo","SP",3,"Sudeste"
3502408,"Anhumas",35036,"Presidente Prudente",3508,"Presidente Prudente",350018,"Presidente Prudente",3505,"Presidente Prudente",35,"São Paulo","SP",3,"Sudeste"
3502507,"Aparecida",35051,"Guaratinguetá",3513,"Vale do Paraíba Paulista",350052,"Guaratinguetá",3511,"São José dos Campos",35,"São Paulo","SP",3,"Sudeste"
3502606,"Aparecida d'Oeste",35001,"Jales",3501,"São José do Rio Preto",350028,"Jales",3507,"São José do Rio Preto",35,"São Paulo","SP",3,"Sudeste"
3502705,"Apiaí",35044,"Capão Bonito",3511,"Itapetininga",350004,"Itapeva",3502,"Sorocaba",35,"São Paulo","SP",3,"Sudeste"
3502754,"Araçariguama",35046,"Sorocaba",3512,"Macro Metropolitana Paulista",350003,"Sorocaba",3502,"Sorocaba",35,"São Paulo","SP",3,"Sudeste"
3502804,"Araçatuba",35017,"Araçatuba",3503,"Araçatuba",350022,"Araçatuba",3506,"Araçatuba",35,"São Paulo","SP",3,"Sudeste"
3502903,"Araçoiaba da Serra",35046,"Sorocaba",3512,"Macro Metropolitana Paulista",350003,"Sorocaba",3502,"Sorocaba",35,"São Paulo","SP",3,"Sudeste"
3503000,"Aramina",35011,"Ituverava",3502,"Ribeirão Preto",350035,"Ituverava",3508,"Ribeirão Preto",35,"São Paulo","SP",3,"Sudeste"
3503109,"Arandu",35022,"Avaré",3504,"Bauru",350007,"Avaré",3502,"Sorocaba",35,"São Paulo","SP",3,"Sudeste"
3503158,"Arapeí",35052,"Bananal",3513,"Vale do Paraíba Paulista",350053,"Cruzeiro",3511,"São José dos Campos",35,"São Paulo","SP",3,"Sudeste"
3503208,"Araraquara",35024,"Araraquara",3505,"Araraquara",350036,"Araraquara",3509,"Araraquara",35,"São Paulo","SP",3,"Sudeste"
3503307,"Araras",35027,"Limeira",3506,"Piracicaba",350045,"Araras",3510,"Campinas",35,"São Paulo","SP",3,"Sudeste"
3503356,"Arco-Íris",35037,"Tupã",3509,"Marília",350016,"Tupã",3504,"Marília",35,"São Paulo","SP",3,"Sudeste"
3503406,"Arealva",35020,"Bauru",3504,"Bauru",350009,"Bauru",3503,"Bauru",35,"São Paulo","SP",3,"Sudeste"
3503505,"Areias",35052,"Bananal",3513,"Vale do Paraíba Paulista",350053,"Cruzeiro",3511,"São José dos Campos",35,"São Paulo","SP",3,"Sudeste"
3503604,"Areiópolis",35020,"Bauru",3504,"Bauru",350011,"Botucatu",3503,"Bauru",35,"São Paulo","SP",3,"Sudeste"
3503703,"Ariranha",35005,"Catanduva",3501,"São José do Rio Preto",350026,"Catanduva",3507,"São José do Rio Preto",35,"São Paulo","SP",3,"Sudeste"
3503802,"Artur Nogueira",35031,"Mogi Mirim",3507,"Campinas",350038,"Campinas",3510,"Campinas",35,"São Paulo","SP",3,"Sudeste"
3503901,"Arujá",35059,"Guarulhos",3515,"Metropolitana de São Paulo",350001,"São Paulo",3501,"São Paulo",35,"São Paulo","SP",3,"Sudeste"
3503950,"Aspásia",35001,"Jales",3501,"São José do Rio Preto",350028,"Jales",3507,"São José do Rio Preto",35,"São Paulo","SP",3,"Sudeste"
3504008,"Assis",35039,"Assis",3510,"Assis",350014,"Assis",3504,"Marília",35,"São Paulo","SP",3,"Sudeste"
3504107,"Atibaia",35048,"Bragança Paulista",3512,"Macro Metropolitana Paulista",350041,"Bragança Paulista",3510,"Campinas",35,"São Paulo","SP",3,"Sudeste"
3504206,"Auriflama",35006,"Auriflama",3501,"São José do Rio Preto",350022,"Araçatuba",3506,"Araçatuba",35,"São Paulo","SP",3,"Sudeste"
3504305,"Avaí",35020,"Bauru",3504,"Bauru",350009,"Bauru",3503,"Bauru",35,"São Paulo","SP",3,"Sudeste"
3504404,"Avanhandava",35018,"Birigui",3503,"Araçatuba",350023,"Birigui - Penápolis",3506,"Araçatuba",35,"São Paulo","SP",3,"Sudeste"
3504503,"Avaré",35022,"Avaré",3504,"Bauru",350007,"Avaré",3502,"Sorocaba",35,"São Paulo","SP",3,"Sudeste"
3504602,"Bady Bassitt",35004,"São José do Rio Preto",3501,"São José do Rio Preto",350025,"São José do Rio Preto",3507,"São José do Rio Preto",35,"São Paulo","SP",3,"Sudeste"
3504701,"Balbinos",35020,"Bauru",3504,"Bauru",350009,"Bauru",3503,"Bauru",35,"São Paulo","SP",3,"Sudeste"
3504800,"Bálsamo",35004,"São José do Rio Preto",3501,"São José do Rio Preto",350025,"São José do Rio Preto",3507,"São José do Rio Preto",35,"São Paulo","SP",3,"Sudeste"
3504909,"Bananal",35052,"Bananal",3513,"Vale do Paraíba Paulista",350053,"Cruzeiro",3511,"São José dos Campos",35,"São Paulo","SP",3,"Sudeste"
3505005,"Barão de Antonina",35041,"Itapeva",3511,"Itapetininga",350004,"Itapeva",3502,"Sorocaba",35,"São Paulo","SP",3,"Sudeste"
3505104,"Barbosa",35018,"Birigui",3503,"Araçatuba",350023,"Birigui - Penápolis",3506,"Araçatuba",35,"São Paulo","SP",3,"Sudeste"
3505203,"Bariri",35021,"Jaú",3504,"Bauru",350010,"Jaú",3503,"Bauru",35,"São Paulo","SP",3,"Sudeste"
3505302,"Barra Bonita",35021,"Jaú",3504,"Bauru",350010,"Jaú",3503,"Bauru",35,"São Paulo","SP",3,"Sudeste"
3505351,"Barra do Chapéu",35044,"Capão Bonito",3511,"Itapetininga",350004,"Itapeva",3502,"Sorocaba",35,"São Paulo","SP",3,"Sudeste"
3505401,"Barra do Turvo",35055,"Registro",3514,"Litoral Sul Paulista",350005,"Registro",3502,"Sorocaba",35,"São Paulo","SP",3,"Sudeste"
3505500,"Barretos",35009,"Barretos",3502,"Ribeirão Preto",350032,"Barretos",3508,"Ribeirão Preto",35,"São Paulo","SP",3,"Sudeste"
3505609,"Barrinha",35014,"Ribeirão Preto",3502,"Ribeirão Preto",350031,"Ribeirão Preto",3508,"Ribeirão Preto",35,"São Paulo","SP",3,"Sudeste"
3505708,"Barueri",35057,"Osasco",3515,"Metropolitana de São Paulo",350001,"São Paulo",3501,"São Paulo",35,"São Paulo","SP",3,"Sudeste"
3505807,"Bastos",35037,"Tupã",3509,"Marília",350016,"Tupã",3504,"Marília",35,"São Paulo","SP",3,"Sudeste"
3505906,"Batatais",35015,"Batatais",3502,"Ribeirão Preto",350031,"Ribeirão Preto",3508,"Ribeirão Preto",35,"São Paulo","SP",3,"Sudeste"
3506003,"Bauru",35020,"Bauru",3504,"Bauru",350009,"Bauru",3503,"Bauru",35,"São Paulo","SP",3,"Sudeste"
3506102,"Bebedouro",35013,"Jaboticabal",3502,"Ribeirão Preto",350032,"Barretos",3508,"Ribeirão Preto",35,"São Paulo","SP",3,"Sudeste"
3506201,"Bento de Abreu",35017,"Araçatuba",3503,"Araçatuba",350022,"Araçatuba",3506,"Araçatuba",35,"São Paulo","SP",3,"Sudeste"
3506300,"Bernardino de Campos",35040,"Ourinhos",3510,"Assis",350015,"Ourinhos",3504,"Marília",35,"São Paulo","SP",3,"Sudeste"
3506359,"Bertioga",35063,"Santos",3515,"Metropolitana de São Paulo",350002,"Santos",3501,"São Paulo",35,"São Paulo","SP",3,"Sudeste"
3506409,"Bilac",35018,"Birigui",3503,"Araçatuba",350023,"Birigui - Penápolis",3506,"Araçatuba",35,"São Paulo","SP",3,"Sudeste"
3506508,"Birigui",35018,"Birigui",3503,"Araçatuba",350023,"Birigui - Penápolis",3506,"Araçatuba",35,"São Paulo","SP",3,"Sudeste"
3506607,"Biritiba Mirim",35062,"Mogi das Cruzes",3515,"Metropolitana de São Paulo",350001,"São Paulo",3501,"São Paulo",35,"São Paulo","SP",3,"Sudeste"
3506706,"Boa Esperança do Sul",35024,"Araraquara",3505,"Araraquara",350036,"Araraquara",3509,"Araraquara",35,"São Paulo","SP",3,"Sudeste"
3506805,"Bocaina",35021,"Jaú",3504,"Bauru",350010,"Jaú",3503,"Bauru",35,"São Paulo","SP",3,"Sudeste"
3506904,"Bofete",35023,"Botucatu",3504,"Bauru",350011,"Botucatu",3503,"Bauru",35,"São Paulo","SP",3,"Sudeste"
3507001,"Boituva",35043,"Tatuí",3511,"Itapetininga",350003,"Sorocaba",3502,"Sorocaba",35,"São Paulo","SP",3,"Sudeste"
3507100,"Bom Jesus dos Perdões",35048,"Bragança Paulista",3512,"Macro Metropolitana Paulista",350041,"Bragança Paulista",3510,"Campinas",35,"São Paulo","SP",3,"Sudeste"
3507159,"Bom Sucesso de Itararé",35041,"Itapeva",3511,"Itapetininga",350004,"Itapeva",3502,"Sorocaba",35,"São Paulo","SP",3,"Sudeste"
3507209,"Borá",35039,"Assis",3510,"Assis",350014,"Assis",3504,"Marília",35,"São Paulo","SP",3,"Sudeste"
3507308,"Boracéia",35021,"Jaú",3504,"Bauru",350010,"Jaú",3503,"Bauru",35,"São Paulo","SP",3,"Sudeste"
3507407,"Borborema",35024,"Araraquara",3505,"Araraquara",350036,"Araraquara",3509,"Araraquara",35,"São Paulo","SP",3,"Sudeste"
3507456,"Borebi",35020,"Bauru",3504,"Bauru",350009,"Bauru",3503,"Bauru",35,"São Paulo","SP",3,"Sudeste"
3507506,"Botucatu",35023,"Botucatu",3504,"Bauru",350011,"Botucatu",3503,"Bauru",35,"São Paulo","SP",3,"Sudeste"
3507605,"Bragança Paulista",35048,"Bragança Paulista",3512,"Macro Metropolitana Paulista",350041,"Bragança Paulista",3510,"Campinas",35,"São Paulo","SP",3,"Sudeste"
3507704,"Braúna",35018,"Birigui",3503,"Araçatuba",350023,"Birigui - Penápolis",3506,"Araçatuba",35,"São Paulo","SP",3,"Sudeste"
3507753,"Brejo Alegre",35018,"Birigui",3503,"Araçatuba",350023,"Birigui - Penápolis",3506,"Araçatuba",35,"São Paulo","SP",3,"Sudeste"
3507803,"Brodowski",35014,"Ribeirão Preto",3502,"Ribeirão Preto",350031,"Ribeirão Preto",3508,"Ribeirão Preto",35,"São Paulo","SP",3,"Sudeste"
3507902,"Brotas",35026,"Rio Claro",3506,"Piracicaba",350010,"Jaú",3503,"Bauru",35,"São Paulo","SP",3,"Sudeste"
3508009,"Buri",35041,"Itapeva",3511,"Itapetininga",350004,"Itapeva",3502,"Sorocaba",35,"São Paulo","SP",3,"Sudeste"
3508108,"Buritama",35018,"Birigui",3503,"Araçatuba",350023,"Birigui - Penápolis",3506,"Araçatuba",35,"São Paulo","SP",3,"Sudeste"
3508207,"Buritizal",35011,"Ituverava",3502,"Ribeirão Preto",350035,"Ituverava",3508,"Ribeirão Preto",35,"São Paulo","SP",3,"Sudeste"
3508306,"Cabrália Paulista",35020,"Bauru",3504,"Bauru",350009,"Bauru",3503,"Bauru",35,"São Paulo","SP",3,"Sudeste"
3508405,"Cabreúva",35046,"Sorocaba",3512,"Macro Metropolitana Paulista",350039,"Jundiaí",3510,"Campinas",35,"São Paulo","SP",3,"Sudeste"
3508504,"Caçapava",35050,"São José dos Campos",3513,"Vale do Paraíba Paulista",350049,"São José dos Campos",3511,"São José dos Campos",35,"São Paulo","SP",3,"Sudeste"
3508603,"Cachoeira Paulista",35051,"Guaratinguetá",3513,"Vale do Paraíba Paulista",350053,"Cruzeiro",3511,"São José dos Campos",35,"São Paulo","SP",3,"Sudeste"
3508702,"Caconde",35030,"São João da Boa Vista",3507,"Campinas",350047,"São José do Rio Pardo - Mococa",3510,"Campinas",35,"São Paulo","SP",3,"Sudeste"
3508801,"Cafelândia",35019,"Lins",3504,"Bauru",350012,"Lins",3503,"Bauru",35,"São Paulo","SP",3,"Sudeste"
3508900,"Caiabu",35036,"Presidente Prudente",3508,"Presidente Prudente",350018,"Presidente Prudente",3505,"Presidente Prudente",35,"São Paulo","SP",3,"Sudeste"
3509007,"Caieiras",35058,"Franco da Rocha",3515,"Metropolitana de São Paulo",350001,"São Paulo",3501,"São Paulo",35,"São Paulo","SP",3,"Sudeste"
3509106,"Caiuá",35036,"Presidente Prudente",3508,"Presidente Prudente",350021,"Presidente Epitácio-Presidente Venceslau",3505,"Presidente Prudente",35,"São Paulo","SP",3,"Sudeste"
3509205,"Cajamar",35057,"Osasco",3515,"Metropolitana de São Paulo",350001,"São Paulo",3501,"São Paulo",35,"São Paulo","SP",3,"Sudeste"
3509254,"Cajati",35055,"Registro",3514,"Litoral Sul Paulista",350005,"Registro",3502,"Sorocaba",35,"São Paulo","SP",3,"Sudeste"
3509304,"Cajobi",35005,"Catanduva",3501,"São José do Rio Preto",350032,"Barretos",3508,"Ribeirão Preto",35,"São Paulo","SP",3,"Sudeste"
3509403,"Cajuru",35015,"Batatais",3502,"Ribeirão Preto",350031,"Ribeirão Preto",3508,"Ribeirão Preto",35,"São Paulo","SP",3,"Sudeste"
3509452,"Campina do Monte Alegre",35042,"Itapetininga",3511,"Itapetininga",350006,"Itapetininga",3502,"Sorocaba",35,"São Paulo","SP",3,"Sudeste"
3509502,"Campinas",35032,"Campinas",3507,"Campinas",350038,"Campinas",3510,"Campinas",35,"São Paulo","SP",3,"Sudeste"
3509601,"Campo Limpo Paulista",35047,"Jundiaí",3512,"Macro Metropolitana Paulista",350039,"Jundiaí",3510,"Campinas",35,"São Paulo","SP",3,"Sudeste"
3509700,"Campos do Jordão",35049,"Campos do Jordão",3513,"Vale do Paraíba Paulista",350050,"Taubaté - Pindamonhangaba",3511,"São José dos Campos",35,"São Paulo","SP",3,"Sudeste"
3509809,"Campos Novos Paulista",35039,"Assis",3510,"Assis",350013,"Marília",3504,"Marília",35,"São Paulo","SP",3,"Sudeste"
3509908,"Cananéia",35055,"Registro",3514,"Litoral Sul Paulista",350005,"Registro",3502,"Sorocaba",35,"São Paulo","SP",3,"Sudeste"
3509957,"Canas",35051,"Guaratinguetá",3513,"Vale do Paraíba Paulista",350052,"Guaratinguetá",3511,"São José dos Campos",35,"São Paulo","SP",3,"Sudeste"
3510005,"Cândido Mota",35039,"Assis",3510,"Assis",350014,"Assis",3504,"Marília",35,"São Paulo","SP",3,"Sudeste"
3510104,"Cândido Rodrigues",35013,"Jaboticabal",3502,"Ribeirão Preto",350036,"Araraquara",3509,"Araraquara",35,"São Paulo","SP",3,"Sudeste"
3510153,"Canitar",35040,"Ourinhos",3510,"Assis",350015,"Ourinhos",3504,"Marília",35,"São Paulo","SP",3,"Sudeste"
3510203,"Capão Bonito",35044,"Capão Bonito",3511,"Itapetininga",350004,"Itapeva",3502,"Sorocaba",35,"São Paulo","SP",3,"Sudeste"
3510302,"Capela do Alto",35046,"Sorocaba",3512,"Macro Metropolitana Paulista",350003,"Sorocaba",3502,"Sorocaba",35,"São Paulo","SP",3,"Sudeste"
3510401,"Capivari",35028,"Piracicaba",3506,"Piracicaba",350040,"Piracicaba",3510,"Campinas",35,"São Paulo","SP",3,"Sudeste"
3510500,"Caraguatatuba",35054,"Caraguatatuba",3513,"Vale do Paraíba Paulista",350051,"Caraguatatuba - Ubatuba - São Sebastião",3511,"São José dos Campos",35,"São Paulo","SP",3,"Sudeste"
3510609,"Carapicuíba",35057,"Osasco",3515,"Metropolitana de São Paulo",350001,"São Paulo",3501,"São Paulo",35,"São Paulo","SP",3,"Sudeste"
3510708,"Cardoso",35003,"Votuporanga",3501,"São José do Rio Preto",350027,"Votuporanga",3507,"São José do Rio Preto",35,"São Paulo","SP",3,"Sudeste"
3510807,"Casa Branca",35030,"São João da Boa Vista",3507,"Campinas",350044,"São João da Boa Vista",3510,"Campinas",35,"São Paulo","SP",3,"Sudeste"
3510906,"Cássia dos Coqueiros",35015,"Batatais",3502,"Ribeirão Preto",350031,"Ribeirão Preto",3508,"Ribeirão Preto",35,"São Paulo","SP",3,"Sudeste"
3511003,"Castilho",35016,"Andradina",3503,"Araçatuba",350024,"Andradina",3506,"Araçatuba",35,"São Paulo","SP",3,"Sudeste"
3511102,"Catanduva",35005,"Catanduva",3501,"São José do Rio Preto",350026,"Catanduva",3507,"São José do Rio Preto",35,"São Paulo","SP",3,"Sudeste"
3511201,"Catiguá",35005,"Catanduva",3501,"São José do Rio Preto",350026,"Catanduva",3507,"São José do Rio Preto",35,"São Paulo","SP",3,"Sudeste"
3511300,"Cedral",35004,"São José do Rio Preto",3501,"São José do Rio Preto",350025,"São José do Rio Preto",3507,"São José do Rio Preto",35,"São Paulo","SP",3,"Sudeste"
3511409,"Cerqueira César",35022,"Avaré",3504,"Bauru",350007,"Avaré",3502,"Sorocaba",35,"São Paulo","SP",3,"Sudeste"
3511508,"Cerquilho",35043,"Tatuí",3511,"Itapetininga",350003,"Sorocaba",3502,"Sorocaba",35,"São Paulo","SP",3,"Sudeste"
3511607,"Cesário Lange",35043,"Tatuí",3511,"Itapetininga",350008,"Tatuí",3502,"Sorocaba",35,"São Paulo","SP",3,"Sudeste"
3511706,"Charqueada",35028,"Piracicaba",3506,"Piracicaba",350040,"Piracicaba",3510,"Campinas",35,"São Paulo","SP",3,"Sudeste"
3511904,"Clementina",35018,"Birigui",3503,"Araçatuba",350023,"Birigui - Penápolis",3506,"Araçatuba",35,"São Paulo","SP",3,"Sudeste"
3512001,"Colina",35009,"Barretos",3502,"Ribeirão Preto",350032,"Barretos",3508,"Ribeirão Preto",35,"São Paulo","SP",3,"Sudeste"
3512100,"Colômbia",35009,"Barretos",3502,"Ribeirão Preto",350032,"Barretos",3508,"Ribeirão Preto",35,"São Paulo","SP",3,"Sudeste"
3512209,"Conchal",35027,"Limeira",3506,"Piracicaba",350045,"Araras",3510,"Campinas",35,"São Paulo","SP",3,"Sudeste"
3512308,"Conchas",35023,"Botucatu",3504,"Bauru",350011,"Botucatu",3503,"Bauru",35,"São Paulo","SP",3,"Sudeste"
3512407,"Cordeirópolis",35027,"Limeira",3506,"Piracicaba",350042,"Limeira",3510,"Campinas",35,"São Paulo","SP",3,"Sudeste"
3512506,"Coroados",35018,"Birigui",3503,"Araçatuba",350023,"Birigui - Penápolis",3506,"Araçatuba",35,"São Paulo","SP",3,"Sudeste"
3512605,"Coronel Macedo",35041,"Itapeva",3511,"Itapetininga",350007,"Avaré",3502,"Sorocaba",35,"São Paulo","SP",3,"Sudeste"
3512704,"Corumbataí",35026,"Rio Claro",3506,"Piracicaba",350046,"Rio Claro",3510,"Campinas",35,"São Paulo","SP",3,"Sudeste"
3512803,"Cosmópolis",35032,"Campinas",3507,"Campinas",350038,"Campinas",3510,"Campinas",35,"São Paulo","SP",3,"Sudeste"
3512902,"Cosmorama",35003,"Votuporanga",3501,"São José do Rio Preto",350027,"Votuporanga",3507,"São José do Rio Preto",35,"São Paulo","SP",3,"Sudeste"
3513009,"Cotia",35060,"Itapecerica da Serra",3515,"Metropolitana de São Paulo",350001,"São Paulo",3501,"São Paulo",35,"São Paulo","SP",3,"Sudeste"
3513108,"Cravinhos",35014,"Ribeirão Preto",3502,"Ribeirão Preto",350031,"Ribeirão Preto",3508,"Ribeirão Preto",35,"São Paulo","SP",3,"Sudeste"
3513207,"Cristais Paulista",35012,"Franca",3502,"Ribeirão Preto",350033,"Franca",3508,"Ribeirão Preto",35,"São Paulo","SP",3,"Sudeste"
3513306,"Cruzália",35039,"Assis",3510,"Assis",350014,"Assis",3504,"Marília",35,"São Paulo","SP",3,"Sudeste"
3513405,"Cruzeiro",35051,"Guaratinguetá",3513,"Vale do Paraíba Paulista",350053,"Cruzeiro",3511,"São José dos Campos",35,"São Paulo","SP",3,"Sudeste"
3513504,"Cubatão",35063,"Santos",3515,"Metropolitana de São Paulo",350002,"Santos",3501,"São Paulo",35,"São Paulo","SP",3,"Sudeste"
3513603,"Cunha",35053,"Paraibuna/Paraitinga",3513,"Vale do Paraíba Paulista",350052,"Guaratinguetá",3511,"São José dos Campos",35,"São Paulo","SP",3,"Sudeste"
3513702,"Descalvado",35025,"São Carlos",3505,"Araraquara",350037,"São Carlos",3509,"Araraquara",35,"São Paulo","SP",3,"Sudeste"
3513801,"Diadema",35061,"São Paulo",3515,"Metropolitana de São Paulo",350001,"São Paulo",3501,"São Paulo",35,"São Paulo","SP",3,"Sudeste"
3513850,"Dirce Reis",35001,"Jales",3501,"São José do Rio Preto",350028,"Jales",3507,"São José do Rio Preto",35,"São Paulo","SP",3,"Sudeste"
3513900,"Divinolândia",35030,"São João da Boa Vista",3507,"Campinas",350047,"São José do Rio Pardo - Mococa",3510,"Campinas",35,"São Paulo","SP",3,"Sudeste"
3514007,"Dobrada",35024,"Araraquara",3505,"Araraquara",350036,"Araraquara",3509,"Araraquara",35,"São Paulo","SP",3,"Sudeste"
3514106,"Dois Córregos",35021,"Jaú",3504,"Bauru",350010,"Jaú",3503,"Bauru",35,"São Paulo","SP",3,"Sudeste"
3514205,"Dolcinópolis",35001,"Jales",3501,"São José do Rio Preto",350028,"Jales",3507,"São José do Rio Preto",35,"São Paulo","SP",3,"Sudeste"
3514304,"Dourado",35025,"São Carlos",3505,"Araraquara",350037,"São Carlos",3509,"Araraquara",35,"São Paulo","SP",3,"Sudeste"
3514403,"Dracena",35034,"Dracena",3508,"Presidente Prudente",350020,"Dracena",3505,"Presidente Prudente",35,"São Paulo","SP",3,"Sudeste"
3514502,"Duartina",35020,"Bauru",3504,"Bauru",350009,"Bauru",3503,"Bauru",35,"São Paulo","SP",3,"Sudeste"
3514601,"Dumont",35014,"Ribeirão Preto",3502,"Ribeirão Preto",350031,"Ribeirão Preto",3508,"Ribeirão Preto",35,"São Paulo","SP",3,"Sudeste"
3514700,"Echaporã",35038,"Marília",3509,"Marília",350013,"Marília",3504,"Marília",35,"São Paulo","SP",3,"Sudeste"
3514809,"Eldorado",35055,"Registro",3514,"Litoral Sul Paulista",350005,"Registro",3502,"Sorocaba",35,"São Paulo","SP",3,"Sudeste"
3514908,"Elias Fausto",35032,"Campinas",3507,"Campinas",350038,"Campinas",3510,"Campinas",35,"São Paulo","SP",3,"Sudeste"
3514924,"Elisiário",35005,"Catanduva",3501,"São José do Rio Preto",350026,"Catanduva",3507,"São José do Rio Preto",35,"São Paulo","SP",3,"Sudeste"
3514957,"Embaúba",35005,"Catanduva",3501,"São José do Rio Preto",350026,"Catanduva",3507,"São José do Rio Preto",35,"São Paulo","SP",3,"Sudeste"
3515004,"Embu das Artes",35060,"Itapecerica da Serra",3515,"Metropolitana de São Paulo",350001,"São Paulo",3501,"São Paulo",35,"São Paulo","SP",3,"Sudeste"
3515103,"Embu-Guaçu",35060,"Itapecerica da Serra",3515,"Metropolitana de São Paulo",350001,"São Paulo",3501,"São Paulo",35,"São Paulo","SP",3,"Sudeste"
3515129,"Emilianópolis",35036,"Presidente Prudente",3508,"Presidente Prudente",350018,"Presidente Prudente",3505,"Presidente Prudente",35,"São Paulo","SP",3,"Sudeste"
3515152,"Engenheiro Coelho",35031,"Mogi Mirim",3507,"Campinas",350042,"Limeira",3510,"Campinas",35,"São Paulo","SP",3,"Sudeste"
3515186,"Espírito Santo do Pinhal",35030,"São João da Boa Vista",3507,"Campinas",350044,"São João da Boa Vista",3510,"Campinas",35,"São Paulo","SP",3,"Sudeste"
3515194,"Espírito Santo do Turvo",35040,"Ourinhos",3510,"Assis",350015,"Ourinhos",3504,"Marília",35,"São Paulo","SP",3,"Sudeste"
3515202,"Estrela d'Oeste",35002,"Fernandópolis",3501,"São José do Rio Preto",350029,"Fernandópolis",3507,"São José do Rio Preto",35,"São Paulo","SP",3,"Sudeste"
3515301,"Estrela do Norte",35036,"Presidente Prudente",3508,"Presidente Prudente",350018,"Presidente Prudente",3505,"Presidente Prudente",35,"São Paulo","SP",3,"Sudeste"
3515350,"Euclides da Cunha Paulista",35036,"Presidente Prudente",3508,"Presidente Prudente",350018,"Presidente Prudente",3505,"Presidente Prudente",35,"São Paulo","SP",3,"Sudeste"
3515400,"Fartura",35040,"Ourinhos",3510,"Assis",350017,"Piraju",3504,"Marília",35,"São Paulo","SP",3,"Sudeste"
3515509,"Fernandópolis",35002,"Fernandópolis",3501,"São José do Rio Preto",350029,"Fernandópolis",3507,"São José do Rio Preto",35,"São Paulo","SP",3,"Sudeste"
3515608,"Fernando Prestes",35013,"Jaboticabal",3502,"Ribeirão Preto",350026,"Catanduva",3507,"São José do Rio Preto",35,"São Paulo","SP",3,"Sudeste"
3515657,"Fernão",35038,"Marília",3509,"Marília",350013,"Marília",3504,"Marília",35,"São Paulo","SP",3,"Sudeste"
3515707,"Ferraz de Vasconcelos",35062,"Mogi das Cruzes",3515,"Metropolitana de São Paulo",350001,"São Paulo",3501,"São Paulo",35,"São Paulo","SP",3,"Sudeste"
3515806,"Flora Rica",35035,"Adamantina",3508,"Presidente Prudente",350020,"Dracena",3505,"Presidente Prudente",35,"São Paulo","SP",3,"Sudeste"
3515905,"Floreal",35006,"Auriflama",3501,"São José do Rio Preto",350027,"Votuporanga",3507,"São José do Rio Preto",35,"São Paulo","SP",3,"Sudeste"
3516002,"Flórida Paulista",35035,"Adamantina",3508,"Presidente Prudente",350019,"Adamantina - Lucélia",3505,"Presidente Prudente",35,"São Paulo","SP",3,"Sudeste"
3516101,"Florínea",35039,"Assis",3510,"Assis",350014,"Assis",3504,"Marília",35,"São Paulo","SP",3,"Sudeste"
3516200,"Franca",35012,"Franca",3502,"Ribeirão Preto",350033,"Franca",3508,"Ribeirão Preto",35,"São Paulo","SP",3,"Sudeste"
3516309,"Francisco Morato",35058,"Franco da Rocha",3515,"Metropolitana de São Paulo",350001,"São Paulo",3501,"São Paulo",35,"São Paulo","SP",3,"Sudeste"
3516408,"Franco da Rocha",35058,"Franco da Rocha",3515,"Metropolitana de São Paulo",350001,"São Paulo",3501,"São Paulo",35,"São Paulo","SP",3,"Sudeste"
3516507,"Gabriel Monteiro",35018,"Birigui",3503,"Araçatuba",350023,"Birigui - Penápolis",3506,"Araçatuba",35,"São Paulo","SP",3,"Sudeste"
3516606,"Gália",35038,"Marília",3509,"Marília",350013,"Marília",3504,"Marília",35,"São Paulo","SP",3,"Sudeste"
3516705,"Garça",35038,"Marília",3509,"Marília",350013,"Marília",3504,"Marília",35,"São Paulo","SP",3,"Sudeste"
3516804,"Gastão Vidigal",35006,"Auriflama",3501,"São José do Rio Preto",350022,"Araçatuba",3506,"Araçatuba",35,"São Paulo","SP",3,"Sudeste"
3516853,"Gavião Peixoto",35024,"Araraquara",3505,"Araraquara",350036,"Araraquara",3509,"Araraquara",35,"São Paulo","SP",3,"Sudeste"
3516903,"General Salgado",35006,"Auriflama",3501,"São José do Rio Preto",350022,"Araçatuba",3506,"Araçatuba",35,"São Paulo","SP",3,"Sudeste"
3517000,"Getulina",35019,"Lins",3504,"Bauru",350013,"Marília",3504,"Marília",35,"São Paulo","SP",3,"Sudeste"
3517109,"Glicério",35018,"Birigui",3503,"Araçatuba",350023,"Birigui - Penápolis",3506,"Araçatuba",35,"São Paulo","SP",3,"Sudeste"
3517208,"Guaiçara",35019,"Lins",3504,"Bauru",350012,"Lins",3503,"Bauru",35,"São Paulo","SP",3,"Sudeste"
3517307,"Guaimbê",35019,"Lins",3504,"Bauru",350013,"Marília",3504,"Marília",35,"São Paulo","SP",3,"Sudeste"
3517406,"Guaíra",35010,"São Joaquim da Barra",3502,"Ribeirão Preto",350032,"Barretos",3508,"Ribeirão Preto",35,"São Paulo","SP",3,"Sudeste"
3517505,"Guapiaçu",35004,"São José do Rio Preto",3501,"São José do Rio Preto",350025,"São José do Rio Preto",3507,"São José do Rio Preto",35,"São Paulo","SP",3,"Sudeste"
3517604,"Guapiara",35044,"Capão Bonito",3511,"Itapetininga",350004,"Itapeva",3502,"Sorocaba",35,"São Paulo","SP",3,"Sudeste"
3517703,"Guará",35011,"Ituverava",3502,"Ribeirão Preto",350035,"Ituverava",3508,"Ribeirão Preto",35,"São Paulo","SP",3,"Sudeste"
3517802,"Guaraçaí",35016,"Andradina",3503,"Araçatuba",350024,"Andradina",3506,"Araçatuba",35,"São Paulo","SP",3,"Sudeste"
3517901,"Guaraci",35004,"São José do Rio Preto",3501,"São José do Rio Preto",350032,"Barretos",3508,"Ribeirão Preto",35,"São Paulo","SP",3,"Sudeste"
3518008,"Guarani d'Oeste",35002,"Fernandópolis",3501,"São José do Rio Preto",350029,"Fernandópolis",3507,"São José do Rio Preto",35,"São Paulo","SP",3,"Sudeste"
3518107,"Guarantã",35020,"Bauru",3504,"Bauru",350012,"Lins",3503,"Bauru",35,"São Paulo","SP",3,"Sudeste"
3518206,"Guararapes",35017,"Araçatuba",3503,"Araçatuba",350022,"Araçatuba",3506,"Araçatuba",35,"São Paulo","SP",3,"Sudeste"
3518305,"Guararema",35062,"Mogi das Cruzes",3515,"Metropolitana de São Paulo",350001,"São Paulo",3501,"São Paulo",35,"São Paulo","SP",3,"Sudeste"
3518404,"Guaratinguetá",35051,"Guaratinguetá",3513,"Vale do Paraíba Paulista",350052,"Guaratinguetá",3511,"São José dos Campos",35,"São Paulo","SP",3,"Sudeste"
3518503,"Guareí",35042,"Itapetininga",3511,"Itapetininga",350006,"Itapetininga",3502,"Sorocaba",35,"São Paulo","SP",3,"Sudeste"
3518602,"Guariba",35013,"Jaboticabal",3502,"Ribeirão Preto",350031,"Ribeirão Preto",3508,"Ribeirão Preto",35,"São Paulo","SP",3,"Sudeste"
3518701,"Guarujá",35063,"Santos",3515,"Metropolitana de São Paulo",350002,"Santos",3501,"São Paulo",35,"São Paulo","SP",3,"Sudeste"
3518800,"Guarulhos",35059,"Guarulhos",3515,"Metropolitana de São Paulo",350001,"São Paulo",3501,"São Paulo",35,"São Paulo","SP",3,"Sudeste"
3518859,"Guatapará",35014,"Ribeirão Preto",3502,"Ribeirão Preto",350031,"Ribeirão Preto",3508,"Ribeirão Preto",35,"São Paulo","SP",3,"Sudeste"
3518909,"Guzolândia",35006,"Auriflama",3501,"São José do Rio Preto",350022,"Araçatuba",3506,"Araçatuba",35,"São Paulo","SP",3,"Sudeste"
3519006,"Herculândia",35037,"Tupã",3509,"Marília",350016,"Tupã",3504,"Marília",35,"São Paulo","SP",3,"Sudeste"
3519055,"Holambra",35032,"Campinas",3507,"Campinas",350038,"Campinas",3510,"Campinas",35,"São Paulo","SP",3,"Sudeste"
3519071,"Hortolândia",35032,"Campinas",3507,"Campinas",350038,"Campinas",3510,"Campinas",35,"São Paulo","SP",3,"Sudeste"
3519105,"Iacanga",35020,"Bauru",3504,"Bauru",350009,"Bauru",3503,"Bauru",35,"São Paulo","SP",3,"Sudeste"
3519204,"Iacri",35037,"Tupã",3509,"Marília",350016,"Tupã",3504,"Marília",35,"São Paulo","SP",3,"Sudeste"
3519253,"Iaras",35022,"Avaré",3504,"Bauru",350007,"Avaré",3502,"Sorocaba",35,"São Paulo","SP",3,"Sudeste"
3519303,"Ibaté",35025,"São Carlos",3505,"Araraquara",350037,"São Carlos",3509,"Araraquara",35,"São Paulo","SP",3,"Sudeste"
3519402,"Ibirá",35004,"São José do Rio Preto",3501,"São José do Rio Preto",350025,"São José do Rio Preto",3507,"São José do Rio Preto",35,"São Paulo","SP",3,"Sudeste"
3519501,"Ibirarema",35039,"Assis",3510,"Assis",350015,"Ourinhos",3504,"Marília",35,"São Paulo","SP",3,"Sudeste"
3519600,"Ibitinga",35024,"Araraquara",3505,"Araraquara",350036,"Araraquara",3509,"Araraquara",35,"São Paulo","SP",3,"Sudeste"
3519709,"Ibiúna",35045,"Piedade",3512,"Macro Metropolitana Paulista",350003,"Sorocaba",3502,"Sorocaba",35,"São Paulo","SP",3,"Sudeste"
3519808,"Icém",35004,"São José do Rio Preto",3501,"São José do Rio Preto",350025,"São José do Rio Preto",3507,"São José do Rio Preto",35,"São Paulo","SP",3,"Sudeste"
3519907,"Iepê",35039,"Assis",3510,"Assis",350018,"Presidente Prudente",3505,"Presidente Prudente",35,"São Paulo","SP",3,"Sudeste"
3520004,"Igaraçu do Tietê",35021,"Jaú",3504,"Bauru",350010,"Jaú",3503,"Bauru",35,"São Paulo","SP",3,"Sudeste"
3520103,"Igarapava",35011,"Ituverava",3502,"Ribeirão Preto",350035,"Ituverava",3508,"Ribeirão Preto",35,"São Paulo","SP",3,"Sudeste"
3520202,"Igaratá",35050,"São José dos Campos",3513,"Vale do Paraíba Paulista",350049,"São José dos Campos",3511,"São José dos Campos",35,"São Paulo","SP",3,"Sudeste"
3520301,"Iguape",35055,"Registro",3514,"Litoral Sul Paulista",350005,"Registro",3502,"Sorocaba",35,"São Paulo","SP",3,"Sudeste"
3520400,"Ilhabela",35054,"Caraguatatuba",3513,"Vale do Paraíba Paulista",350051,"Caraguatatuba - Ubatuba - São Sebastião",3511,"São José dos Campos",35,"São Paulo","SP",3,"Sudeste"
3520426,"Ilha Comprida",35055,"Registro",3514,"Litoral Sul Paulista",350005,"Registro",3502,"Sorocaba",35,"São Paulo","SP",3,"Sudeste"
3520442,"Ilha Solteira",35016,"Andradina",3503,"Araçatuba",350024,"Andradina",3506,"Araçatuba",35,"São Paulo","SP",3,"Sudeste"
3520509,"Indaiatuba",35032,"Campinas",3507,"Campinas",350038,"Campinas",3510,"Campinas",35,"São Paulo","SP",3,"Sudeste"
3520608,"Indiana",35036,"Presidente Prudente",3508,"Presidente Prudente",350018,"Presidente Prudente",3505,"Presidente Prudente",35,"São Paulo","SP",3,"Sudeste"
3520707,"Indiaporã",35002,"Fernandópolis",3501,"São José do Rio Preto",350029,"Fernandópolis",3507,"São José do Rio Preto",35,"São Paulo","SP",3,"Sudeste"
3520806,"Inúbia Paulista",35035,"Adamantina",3508,"Presidente Prudente",350019,"Adamantina - Lucélia",3505,"Presidente Prudente",35,"São Paulo","SP",3,"Sudeste"
3520905,"Ipaussu",35040,"Ourinhos",3510,"Assis",350015,"Ourinhos",3504,"Marília",35,"São Paulo","SP",3,"Sudeste"
3521002,"Iperó",35046,"Sorocaba",3512,"Macro Metropolitana Paulista",350003,"Sorocaba",3502,"Sorocaba",35,"São Paulo","SP",3,"Sudeste"
3521101,"Ipeúna",35026,"Rio Claro",3506,"Piracicaba",350046,"Rio Claro",3510,"Campinas",35,"São Paulo","SP",3,"Sudeste"
3521150,"Ipiguá",35004,"São José do Rio Preto",3501,"São José do Rio Preto",350025,"São José do Rio Preto",3507,"São José do Rio Preto",35,"São Paulo","SP",3,"Sudeste"
3521200,"Iporanga",35044,"Capão Bonito",3511,"Itapetininga",350005,"Registro",3502,"Sorocaba",35,"São Paulo","SP",3,"Sudeste"
3521309,"Ipuã",35010,"São Joaquim da Barra",3502,"Ribeirão Preto",350034,"São Joaquim da Barra ¿ Orlândia",3508,"Ribeirão Preto",35,"São Paulo","SP",3,"Sudeste"
3521408,"Iracemápolis",35027,"Limeira",3506,"Piracicaba",350042,"Limeira",3510,"Campinas",35,"São Paulo","SP",3,"Sudeste"
3521507,"Irapuã",35008,"Novo Horizonte",3501,"São José do Rio Preto",350025,"São José do Rio Preto",3507,"São José do Rio Preto",35,"São Paulo","SP",3,"Sudeste"
3521606,"Irapuru",35035,"Adamantina",3508,"Presidente Prudente",350020,"Dracena",3505,"Presidente Prudente",35,"São Paulo","SP",3,"Sudeste"
3521705,"Itaberá",35041,"Itapeva",3511,"Itapetininga",350004,"Itapeva",3502,"Sorocaba",35,"São Paulo","SP",3,"Sudeste"
3521804,"Itaí",35022,"Avaré",3504,"Bauru",350007,"Avaré",3502,"Sorocaba",35,"São Paulo","SP",3,"Sudeste"
3521903,"Itajobi",35008,"Novo Horizonte",3501,"São José do Rio Preto",350026,"Catanduva",3507,"São José do Rio Preto",35,"São Paulo","SP",3,"Sudeste"
3522000,"Itaju",35021,"Jaú",3504,"Bauru",350010,"Jaú",3503,"Bauru",35,"São Paulo","SP",3,"Sudeste"
3522109,"Itanhaém",35056,"Itanhaém",3514,"Litoral Sul Paulista",350002,"Santos",3501,"São Paulo",35,"São Paulo","SP",3,"Sudeste"
3522158,"Itaoca",35044,"Capão Bonito",3511,"Itapetininga",350004,"Itapeva",3502,"Sorocaba",35,"São Paulo","SP",3,"Sudeste"
3522208,"Itapecerica da Serra",35060,"Itapecerica da Serra",3515,"Metropolitana de São Paulo",350001,"São Paulo",3501,"São Paulo",35,"São Paulo","SP",3,"Sudeste"
3522307,"Itapetininga",35042,"Itapetininga",3511,"Itapetininga",350006,"Itapetininga",3502,"Sorocaba",35,"São Paulo","SP",3,"Sudeste"
3522406,"Itapeva",35041,"Itapeva",3511,"Itapetininga",350004,"Itapeva",3502,"Sorocaba",35,"São Paulo","SP",3,"Sudeste"
3522505,"Itapevi",35057,"Osasco",3515,"Metropolitana de São Paulo",350001,"São Paulo",3501,"São Paulo",35,"São Paulo","SP",3,"Sudeste"
3522604,"Itapira",35031,"Mogi Mirim",3507,"Campinas",350043,"Mogi Guaçu",3510,"Campinas",35,"São Paulo","SP",3,"Sudeste"
3522653,"Itapirapuã Paulista",35044,"Capão Bonito",3511,"Itapetininga",350004,"Itapeva",3502,"Sorocaba",35,"São Paulo","SP",3,"Sudeste"
3522703,"Itápolis",35024,"Araraquara",3505,"Araraquara",350036,"Araraquara",3509,"Araraquara",35,"São Paulo","SP",3,"Sudeste"
3522802,"Itaporanga",35041,"Itapeva",3511,"Itapetininga",350004,"Itapeva",3502,"Sorocaba",35,"São Paulo","SP",3,"Sudeste"
3522901,"Itapuí",35021,"Jaú",3504,"Bauru",350010,"Jaú",3503,"Bauru",35,"São Paulo","SP",3,"Sudeste"
3523008,"Itapura",35016,"Andradina",3503,"Araçatuba",350024,"Andradina",3506,"Araçatuba",35,"São Paulo","SP",3,"Sudeste"
3523107,"Itaquaquecetuba",35062,"Mogi das Cruzes",3515,"Metropolitana de São Paulo",350001,"São Paulo",3501,"São Paulo",35,"São Paulo","SP",3,"Sudeste"
3523206,"Itararé",35041,"Itapeva",3511,"Itapetininga",350004,"Itapeva",3502,"Sorocaba",35,"São Paulo","SP",3,"Sudeste"
3523305,"Itariri",35056,"Itanhaém",3514,"Litoral Sul Paulista",350002,"Santos",3501,"São Paulo",35,"São Paulo","SP",3,"Sudeste"
3523404,"Itatiba",35048,"Bragança Paulista",3512,"Macro Metropolitana Paulista",350039,"Jundiaí",3510,"Campinas",35,"São Paulo","SP",3,"Sudeste"
3523503,"Itatinga",35022,"Avaré",3504,"Bauru",350011,"Botucatu",3503,"Bauru",35,"São Paulo","SP",3,"Sudeste"
3523602,"Itirapina",35026,"Rio Claro",3506,"Piracicaba",350037,"São Carlos",3509,"Araraquara",35,"São Paulo","SP",3,"Sudeste"
3523701,"Itirapuã",35012,"Franca",3502,"Ribeirão Preto",350033,"Franca",3508,"Ribeirão Preto",35,"São Paulo","SP",3,"Sudeste"
3523800,"Itobi",35030,"São João da Boa Vista",3507,"Campinas",350047,"São José do Rio Pardo - Mococa",3510,"Campinas",35,"São Paulo","SP",3,"Sudeste"
3523909,"Itu",35046,"Sorocaba",3512,"Macro Metropolitana Paulista",350003,"Sorocaba",3502,"Sorocaba",35,"São Paulo","SP",3,"Sudeste"
3524006,"Itupeva",35047,"Jundiaí",3512,"Macro Metropolitana Paulista",350039,"Jundiaí",3510,"Campinas",35,"São Paulo","SP",3,"Sudeste"
3524105,"Ituverava",35011,"Ituverava",3502,"Ribeirão Preto",350035,"Ituverava",3508,"Ribeirão Preto",35,"São Paulo","SP",3,"Sudeste"
3524204,"Jaborandi",35010,"São Joaquim da Barra",3502,"Ribeirão Preto",350032,"Barretos",3508,"Ribeirão Preto",35,"São Paulo","SP",3,"Sudeste"
3524303,"Jaboticabal",35013,"Jaboticabal",3502,"Ribeirão Preto",350031,"Ribeirão Preto",3508,"Ribeirão Preto",35,"São Paulo","SP",3,"Sudeste"
3524402,"Jacareí",35050,"São José dos Campos",3513,"Vale do Paraíba Paulista",350049,"São José dos Campos",3511,"São José dos Campos",35,"São Paulo","SP",3,"Sudeste"
3524501,"Jaci",35004,"São José do Rio Preto",3501,"São José do Rio Preto",350025,"São José do Rio Preto",3507,"São José do Rio Preto",35,"São Paulo","SP",3,"Sudeste"
3524600,"Jacupiranga",35055,"Registro",3514,"Litoral Sul Paulista",350005,"Registro",3502,"Sorocaba",35,"São Paulo","SP",3,"Sudeste"
3524709,"Jaguariúna",35032,"Campinas",3507,"Campinas",350038,"Campinas",3510,"Campinas",35,"São Paulo","SP",3,"Sudeste"
3524808,"Jales",35001,"Jales",3501,"São José do Rio Preto",350028,"Jales",3507,"São José do Rio Preto",35,"São Paulo","SP",3,"Sudeste"
3524907,"Jambeiro",35053,"Paraibuna/Paraitinga",3513,"Vale do Paraíba Paulista",350049,"São José dos Campos",3511,"São José dos Campos",35,"São Paulo","SP",3,"Sudeste"
3525003,"Jandira",35057,"Osasco",3515,"Metropolitana de São Paulo",350001,"São Paulo",3501,"São Paulo",35,"São Paulo","SP",3,"Sudeste"
3525102,"Jardinópolis",35014,"Ribeirão Preto",3502,"Ribeirão Preto",350031,"Ribeirão Preto",3508,"Ribeirão Preto",35,"São Paulo","SP",3,"Sudeste"
3525201,"Jarinu",35048,"Bragança Paulista",3512,"Macro Metropolitana Paulista",350039,"Jundiaí",3510,"Campinas",35,"São Paulo","SP",3,"Sudeste"
3525300,"Jaú",35021,"Jaú",3504,"Bauru",350010,"Jaú",3503,"Bauru",35,"São Paulo","SP",3,"Sudeste"
3525409,"Jeriquara",35012,"Franca",3502,"Ribeirão Preto",350033,"Franca",3508,"Ribeirão Preto",35,"São Paulo","SP",3,"Sudeste"
3525508,"Joanópolis",35048,"Bragança Paulista",3512,"Macro Metropolitana Paulista",350041,"Bragança Paulista",3510,"Campinas",35,"São Paulo","SP",3,"Sudeste"
3525607,"João Ramalho",35036,"Presidente Prudente",3508,"Presidente Prudente",350018,"Presidente Prudente",3505,"Presidente Prudente",35,"São Paulo","SP",3,"Sudeste"
3525706,"José Bonifácio",35004,"São José do Rio Preto",3501,"São José do Rio Preto",350025,"São José do Rio Preto",3507,"São José do Rio Preto",35,"São Paulo","SP",3,"Sudeste"
3525805,"Júlio Mesquita",35019,"Lins",3504,"Bauru",350013,"Marília",3504,"Marília",35,"São Paulo","SP",3,"Sudeste"
3525854,"Jumirim",35028,"Piracicaba",3506,"Piracicaba",350003,"Sorocaba",3502,"Sorocaba",35,"São Paulo","SP",3,"Sudeste"
3525904,"Jundiaí",35047,"Jundiaí",3512,"Macro Metropolitana Paulista",350039,"Jundiaí",3510,"Campinas",35,"São Paulo","SP",3,"Sudeste"
3526001,"Junqueirópolis",35034,"Dracena",3508,"Presidente Prudente",350020,"Dracena",3505,"Presidente Prudente",35,"São Paulo","SP",3,"Sudeste"
3526100,"Juquiá",35055,"Registro",3514,"Litoral Sul Paulista",350005,"Registro",3502,"Sorocaba",35,"São Paulo","SP",3,"Sudeste"
3526209,"Juquitiba",35060,"Itapecerica da Serra",3515,"Metropolitana de São Paulo",350001,"São Paulo",3501,"São Paulo",35,"São Paulo","SP",3,"Sudeste"
3526308,"Lagoinha",35053,"Paraibuna/Paraitinga",3513,"Vale do Paraíba Paulista",350050,"Taubaté - Pindamonhangaba",3511,"São José dos Campos",35,"São Paulo","SP",3,"Sudeste"
3526407,"Laranjal Paulista",35043,"Tatuí",3511,"Itapetininga",350040,"Piracicaba",3510,"Campinas",35,"São Paulo","SP",3,"Sudeste"
3526506,"Lavínia",35017,"Araçatuba",3503,"Araçatuba",350024,"Andradina",3506,"Araçatuba",35,"São Paulo","SP",3,"Sudeste"
3526605,"Lavrinhas",35051,"Guaratinguetá",3513,"Vale do Paraíba Paulista",350053,"Cruzeiro",3511,"São José dos Campos",35,"São Paulo","SP",3,"Sudeste"
3526704,"Leme",35027,"Limeira",3506,"Piracicaba",350045,"Araras",3510,"Campinas",35,"São Paulo","SP",3,"Sudeste"
3526803,"Lençóis Paulista",35020,"Bauru",3504,"Bauru",350009,"Bauru",3503,"Bauru",35,"São Paulo","SP",3,"Sudeste"
3526902,"Limeira",35027,"Limeira",3506,"Piracicaba",350042,"Limeira",3510,"Campinas",35,"São Paulo","SP",3,"Sudeste"
3527009,"Lindóia",35033,"Amparo",3507,"Campinas",350048,"Amparo",3510,"Campinas",35,"São Paulo","SP",3,"Sudeste"
3527108,"Lins",35019,"Lins",3504,"Bauru",350012,"Lins",3503,"Bauru",35,"São Paulo","SP",3,"Sudeste"
3527207,"Lorena",35051,"Guaratinguetá",3513,"Vale do Paraíba Paulista",350052,"Guaratinguetá",3511,"São José dos Campos",35,"São Paulo","SP",3,"Sudeste"
3527256,"Lourdes",35018,"Birigui",3503,"Araçatuba",350023,"Birigui - Penápolis",3506,"Araçatuba",35,"São Paulo","SP",3,"Sudeste"
3527306,"Louveira",35047,"Jundiaí",3512,"Macro Metropolitana Paulista",350039,"Jundiaí",3510,"Campinas",35,"São Paulo","SP",3,"Sudeste"
3527405,"Lucélia",35035,"Adamantina",3508,"Presidente Prudente",350019,"Adamantina - Lucélia",3505,"Presidente Prudente",35,"São Paulo","SP",3,"Sudeste"
3527504,"Lucianópolis",35020,"Bauru",3504,"Bauru",350009,"Bauru",3503,"Bauru",35,"São Paulo","SP",3,"Sudeste"
3527603,"Luís Antônio",35014,"Ribeirão Preto",3502,"Ribeirão Preto",350031,"Ribeirão Preto",3508,"Ribeirão Preto",35,"São Paulo","SP",3,"Sudeste"
3527702,"Luiziânia",35018,"Birigui",3503,"Araçatuba",350023,"Birigui - Penápolis",3506,"Araçatuba",35,"São Paulo","SP",3,"Sudeste"
3527801,"Lupércio",35038,"Marília",3509,"Marília",350013,"Marília",3504,"Marília",35,"São Paulo","SP",3,"Sudeste"
3527900,"Lutécia",35039,"Assis",3510,"Assis",350014,"Assis",3504,"Marília",35,"São Paulo","SP",3,"Sudeste"
3528007,"Macatuba",35021,"Jaú",3504,"Bauru",350009,"Bauru",3503,"Bauru",35,"São Paulo","SP",3,"Sudeste"
3528106,"Macaubal",35007,"Nhandeara",3501,"São José do Rio Preto",350025,"São José do Rio Preto",3507,"São José do Rio Preto",35,"São Paulo","SP",3,"Sudeste"
3528205,"Macedônia",35002,"Fernandópolis",3501,"São José do Rio Preto",350029,"Fernandópolis",3507,"São José do Rio Preto",35,"São Paulo","SP",3,"Sudeste"
3528304,"Magda",35006,"Auriflama",3501,"São José do Rio Preto",350022,"Araçatuba",3506,"Araçatuba",35,"São Paulo","SP",3,"Sudeste"
3528403,"Mairinque",35046,"Sorocaba",3512,"Macro Metropolitana Paulista",350003,"Sorocaba",3502,"Sorocaba",35,"São Paulo","SP",3,"Sudeste"
3528502,"Mairiporã",35058,"Franco da Rocha",3515,"Metropolitana de São Paulo",350001,"São Paulo",3501,"São Paulo",35,"São Paulo","SP",3,"Sudeste"
3528601,"Manduri",35040,"Ourinhos",3510,"Assis",350007,"Avaré",3502,"Sorocaba",35,"São Paulo","SP",3,"Sudeste"
3528700,"Marabá Paulista",35036,"Presidente Prudente",3508,"Presidente Prudente",350021,"Presidente Epitácio-Presidente Venceslau",3505,"Presidente Prudente",35,"São Paulo","SP",3,"Sudeste"
3528809,"Maracaí",35039,"Assis",3510,"Assis",350014,"Assis",3504,"Marília",35,"São Paulo","SP",3,"Sudeste"
3528858,"Marapoama",35008,"Novo Horizonte",3501,"São José do Rio Preto",350026,"Catanduva",3507,"São José do Rio Preto",35,"São Paulo","SP",3,"Sudeste"
3528908,"Mariápolis",35035,"Adamantina",3508,"Presidente Prudente",350019,"Adamantina - Lucélia",3505,"Presidente Prudente",35,"São Paulo","SP",3,"Sudeste"
3529005,"Marília",35038,"Marília",3509,"Marília",350013,"Marília",3504,"Marília",35,"São Paulo","SP",3,"Sudeste"
3529104,"Marinópolis",35001,"Jales",3501,"São José do Rio Preto",350028,"Jales",3507,"São José do Rio Preto",35,"São Paulo","SP",3,"Sudeste"
3529203,"Martinópolis",35036,"Presidente Prudente",3508,"Presidente Prudente",350018,"Presidente Prudente",3505,"Presidente Prudente",35,"São Paulo","SP",3,"Sudeste"
3529302,"Matão",35024,"Araraquara",3505,"Araraquara",350036,"Araraquara",3509,"Araraquara",35,"São Paulo","SP",3,"Sudeste"
3529401,"Mauá",35061,"São Paulo",3515,"Metropolitana de São Paulo",350001,"São Paulo",3501,"São Paulo",35,"São Paulo","SP",3,"Sudeste"
3529500,"Mendonça",35004,"São José do Rio Preto",3501,"São José do Rio Preto",350025,"São José do Rio Preto",3507,"São José do Rio Preto",35,"São Paulo","SP",3,"Sudeste"
3529609,"Meridiano",35002,"Fernandópolis",3501,"São José do Rio Preto",350029,"Fernandópolis",3507,"São José do Rio Preto",35,"São Paulo","SP",3,"Sudeste"
3529658,"Mesópolis",35001,"Jales",3501,"São José do Rio Preto",350028,"Jales",3507,"São José do Rio Preto",35,"São Paulo","SP",3,"Sudeste"
3529708,"Miguelópolis",35010,"São Joaquim da Barra",3502,"Ribeirão Preto",350035,"Ituverava",3508,"Ribeirão Preto",35,"São Paulo","SP",3,"Sudeste"
3529807,"Mineiros do Tietê",35021,"Jaú",3504,"Bauru",350010,"Jaú",3503,"Bauru",35,"São Paulo","SP",3,"Sudeste"
3529906,"Miracatu",35055,"Registro",3514,"Litoral Sul Paulista",350005,"Registro",3502,"Sorocaba",35,"São Paulo","SP",3,"Sudeste"
3530003,"Mira Estrela",35002,"Fernandópolis",3501,"São José do Rio Preto",350029,"Fernandópolis",3507,"São José do Rio Preto",35,"São Paulo","SP",3,"Sudeste"
3530102,"Mirandópolis",35016,"Andradina",3503,"Araçatuba",350024,"Andradina",3506,"Araçatuba",35,"São Paulo","SP",3,"Sudeste"
3530201,"Mirante do Paranapanema",35036,"Presidente Prudente",3508,"Presidente Prudente",350018,"Presidente Prudente",3505,"Presidente Prudente",35,"São Paulo","SP",3,"Sudeste"
3530300,"Mirassol",35004,"São José do Rio Preto",3501,"São José do Rio Preto",350025,"São José do Rio Preto",3507,"São José do Rio Preto",35,"São Paulo","SP",3,"Sudeste"
3530409,"Mirassolândia",35004,"São José do Rio Preto",3501,"São José do Rio Preto",350025,"São José do Rio Preto",3507,"São José do Rio Preto",35,"São Paulo","SP",3,"Sudeste"
3530508,"Mococa",35030,"São João da Boa Vista",3507,"Campinas",350047,"São José do Rio Pardo - Mococa",3510,"Campinas",35,"São Paulo","SP",3,"Sudeste"
3530607,"Mogi das Cruzes",35062,"Mogi das Cruzes",3515,"Metropolitana de São Paulo",350001,"São Paulo",3501,"São Paulo",35,"São Paulo","SP",3,"Sudeste"
3530706,"Mogi Guaçu",35031,"Mogi Mirim",3507,"Campinas",350043,"Mogi Guaçu",3510,"Campinas",35,"São Paulo","SP",3,"Sudeste"
3530805,"Mogi Mirim",35031,"Mogi Mirim",3507,"Campinas",350043,"Mogi Guaçu",3510,"Campinas",35,"São Paulo","SP",3,"Sudeste"
3530904,"Mombuca",35028,"Piracicaba",3506,"Piracicaba",350040,"Piracicaba",3510,"Campinas",35,"São Paulo","SP",3,"Sudeste"
3531001,"Monções",35007,"Nhandeara",3501,"São José do Rio Preto",350022,"Araçatuba",3506,"Araçatuba",35,"São Paulo","SP",3,"Sudeste"
3531100,"Mongaguá",35056,"Itanhaém",3514,"Litoral Sul Paulista",350002,"Santos",3501,"São Paulo",35,"São Paulo","SP",3,"Sudeste"
3531209,"Monte Alegre do Sul",35033,"Amparo",3507,"Campinas",350048,"Amparo",3510,"Campinas",35,"São Paulo","SP",3,"Sudeste"
3531308,"Monte Alto",35013,"Jaboticabal",3502,"Ribeirão Preto",350031,"Ribeirão Preto",3508,"Ribeirão Preto",35,"São Paulo","SP",3,"Sudeste"
3531407,"Monte Aprazível",35007,"Nhandeara",3501,"São José do Rio Preto",350025,"São José do Rio Preto",3507,"São José do Rio Preto",35,"São Paulo","SP",3,"Sudeste"
3531506,"Monte Azul Paulista",35013,"Jaboticabal",3502,"Ribeirão Preto",350032,"Barretos",3508,"Ribeirão Preto",35,"São Paulo","SP",3,"Sudeste"
3531605,"Monte Castelo",35034,"Dracena",3508,"Presidente Prudente",350020,"Dracena",3505,"Presidente Prudente",35,"São Paulo","SP",3,"Sudeste"
3531704,"Monteiro Lobato",35049,"Campos do Jordão",3513,"Vale do Paraíba Paulista",350049,"São José dos Campos",3511,"São José dos Campos",35,"São Paulo","SP",3,"Sudeste"
3531803,"Monte Mor",35032,"Campinas",3507,"Campinas",350038,"Campinas",3510,"Campinas",35,"São Paulo","SP",3,"Sudeste"
3531902,"Morro Agudo",35010,"São Joaquim da Barra",3502,"Ribeirão Preto",350034,"São Joaquim da Barra ¿ Orlândia",3508,"Ribeirão Preto",35,"São Paulo","SP",3,"Sudeste"
3532009,"Morungaba",35048,"Bragança Paulista",3512,"Macro Metropolitana Paulista",350039,"Jundiaí",3510,"Campinas",35,"São Paulo","SP",3,"Sudeste"
3532058,"Motuca",35024,"Araraquara",3505,"Araraquara",350036,"Araraquara",3509,"Araraquara",35,"São Paulo","SP",3,"Sudeste"
3532108,"Murutinga do Sul",35016,"Andradina",3503,"Araçatuba",350024,"Andradina",3506,"Araçatuba",35,"São Paulo","SP",3,"Sudeste"
3532157,"Nantes",35039,"Assis",3510,"Assis",350018,"Presidente Prudente",3505,"Presidente Prudente",35,"São Paulo","SP",3,"Sudeste"
3532207,"Narandiba",35036,"Presidente Prudente",3508,"Presidente Prudente",350018,"Presidente Prudente",3505,"Presidente Prudente",35,"São Paulo","SP",3,"Sudeste"
3532306,"Natividade da Serra",35053,"Paraibuna/Paraitinga",3513,"Vale do Paraíba Paulista",350050,"Taubaté - Pindamonhangaba",3511,"São José dos Campos",35,"São Paulo","SP",3,"Sudeste"
3532405,"Nazaré Paulista",35048,"Bragança Paulista",3512,"Macro Metropolitana Paulista",350041,"Bragança Paulista",3510,"Campinas",35,"São Paulo","SP",3,"Sudeste"
3532504,"Neves Paulista",35007,"Nhandeara",3501,"São José do Rio Preto",350025,"São José do Rio Preto",3507,"São José do Rio Preto",35,"São Paulo","SP",3,"Sudeste"
3532603,"Nhandeara",35007,"Nhandeara",3501,"São José do Rio Preto",350027,"Votuporanga",3507,"São José do Rio Preto",35,"São Paulo","SP",3,"Sudeste"
3532702,"Nipoã",35007,"Nhandeara",3501,"São José do Rio Preto",350025,"São José do Rio Preto",3507,"São José do Rio Preto",35,"São Paulo","SP",3,"Sudeste"
3532801,"Nova Aliança",35004,"São José do Rio Preto",3501,"São José do Rio Preto",350025,"São José do Rio Preto",3507,"São José do Rio Preto",35,"São Paulo","SP",3,"Sudeste"
3532827,"Nova Campina",35041,"Itapeva",3511,"Itapetininga",350004,"Itapeva",3502,"Sorocaba",35,"São Paulo","SP",3,"Sudeste"
3532843,"Nova Canaã Paulista",35001,"Jales",3501,"São José do Rio Preto",350030,"Santa Fé do Sul",3507,"São José do Rio Preto",35,"São Paulo","SP",3,"Sudeste"
3532868,"Nova Castilho",35006,"Auriflama",3501,"São José do Rio Preto",350022,"Araçatuba",3506,"Araçatuba",35,"São Paulo","SP",3,"Sudeste"
3532900,"Nova Europa",35024,"Araraquara",3505,"Araraquara",350036,"Araraquara",3509,"Araraquara",35,"São Paulo","SP",3,"Sudeste"
3533007,"Nova Granada",35004,"São José do Rio Preto",3501,"São José do Rio Preto",350025,"São José do Rio Preto",3507,"São José do Rio Preto",35,"São Paulo","SP",3,"Sudeste"
3533106,"Nova Guataporanga",35034,"Dracena",3508,"Presidente Prudente",350020,"Dracena",3505,"Presidente Prudente",35,"São Paulo","SP",3,"Sudeste"
3533205,"Nova Independência",35016,"Andradina",3503,"Araçatuba",350024,"Andradina",3506,"Araçatuba",35,"São Paulo","SP",3,"Sudeste"
3533254,"Novais",35005,"Catanduva",3501,"São José do Rio Preto",350026,"Catanduva",3507,"São José do Rio Preto",35,"São Paulo","SP",3,"Sudeste"
3533304,"Nova Luzitânia",35006,"Auriflama",3501,"São José do Rio Preto",350022,"Araçatuba",3506,"Araçatuba",35,"São Paulo","SP",3,"Sudeste"
3533403,"Nova Odessa",35032,"Campinas",3507,"Campinas",350038,"Campinas",3510,"Campinas",35,"São Paulo","SP",3,"Sudeste"
3533502,"Novo Horizonte",35008,"Novo Horizonte",3501,"São José do Rio Preto",350025,"São José do Rio Preto",3507,"São José do Rio Preto",35,"São Paulo","SP",3,"Sudeste"
3533601,"Nuporanga",35010,"São Joaquim da Barra",3502,"Ribeirão Preto",350034,"São Joaquim da Barra ¿ Orlândia",3508,"Ribeirão Preto",35,"São Paulo","SP",3,"Sudeste"
3533700,"Ocauçu",35038,"Marília",3509,"Marília",350013,"Marília",3504,"Marília",35,"São Paulo","SP",3,"Sudeste"
3533809,"Óleo",35040,"Ourinhos",3510,"Assis",350007,"Avaré",3502,"Sorocaba",35,"São Paulo","SP",3,"Sudeste"
3533908,"Olímpia",35004,"São José do Rio Preto",3501,"São José do Rio Preto",350032,"Barretos",3508,"Ribeirão Preto",35,"São Paulo","SP",3,"Sudeste"
3534005,"Onda Verde",35004,"São José do Rio Preto",3501,"São José do Rio Preto",350025,"São José do Rio Preto",3507,"São José do Rio Preto",35,"São Paulo","SP",3,"Sudeste"
3534104,"Oriente",35038,"Marília",3509,"Marília",350013,"Marília",3504,"Marília",35,"São Paulo","SP",3,"Sudeste"
3534203,"Orindiúva",35004,"São José do Rio Preto",3501,"São José do Rio Preto",350025,"São José do Rio Preto",3507,"São José do Rio Preto",35,"São Paulo","SP",3,"Sudeste"
3534302,"Orlândia",35010,"São Joaquim da Barra",3502,"Ribeirão Preto",350034,"São Joaquim da Barra ¿ Orlândia",3508,"Ribeirão Preto",35,"São Paulo","SP",3,"Sudeste"
3534401,"Osasco",35057,"Osasco",3515,"Metropolitana de São Paulo",350001,"São Paulo",3501,"São Paulo",35,"São Paulo","SP",3,"Sudeste"
3534500,"Oscar Bressane",35038,"Marília",3509,"Marília",350013,"Marília",3504,"Marília",35,"São Paulo","SP",3,"Sudeste"
3534609,"Osvaldo Cruz",35035,"Adamantina",3508,"Presidente Prudente",350019,"Adamantina - Lucélia",3505,"Presidente Prudente",35,"São Paulo","SP",3,"Sudeste"
3534708,"Ourinhos",35040,"Ourinhos",3510,"Assis",350015,"Ourinhos",3504,"Marília",35,"São Paulo","SP",3,"Sudeste"
3534757,"Ouroeste",35002,"Fernandópolis",3501,"São José do Rio Preto",350029,"Fernandópolis",3507,"São José do Rio Preto",35,"São Paulo","SP",3,"Sudeste"
3534807,"Ouro Verde",35034,"Dracena",3508,"Presidente Prudente",350020,"Dracena",3505,"Presidente Prudente",35,"São Paulo","SP",3,"Sudeste"
3534906,"Pacaembu",35035,"Adamantina",3508,"Presidente Prudente",350019,"Adamantina - Lucélia",3505,"Presidente Prudente",35,"São Paulo","SP",3,"Sudeste"
3535002,"Palestina",35004,"São José do Rio Preto",3501,"São José do Rio Preto",350025,"São José do Rio Preto",3507,"São José do Rio Preto",35,"São Paulo","SP",3,"Sudeste"
3535101,"Palmares Paulista",35005,"Catanduva",3501,"São José do Rio Preto",350026,"Catanduva",3507,"São José do Rio Preto",35,"São Paulo","SP",3,"Sudeste"
3535200,"Palmeira d'Oeste",35001,"Jales",3501,"São José do Rio Preto",350028,"Jales",3507,"São José do Rio Preto",35,"São Paulo","SP",3,"Sudeste"
3535309,"Palmital",35039,"Assis",3510,"Assis",350014,"Assis",3504,"Marília",35,"São Paulo","SP",3,"Sudeste"
3535408,"Panorama",35034,"Dracena",3508,"Presidente Prudente",350020,"Dracena",3505,"Presidente Prudente",35,"São Paulo","SP",3,"Sudeste"
3535507,"Paraguaçu Paulista",35039,"Assis",3510,"Assis",350014,"Assis",3504,"Marília",35,"São Paulo","SP",3,"Sudeste"
3535606,"Paraibuna",35053,"Paraibuna/Paraitinga",3513,"Vale do Paraíba Paulista",350049,"São José dos Campos",3511,"São José dos Campos",35,"São Paulo","SP",3,"Sudeste"
3535705,"Paraíso",35005,"Catanduva",3501,"São José do Rio Preto",350026,"Catanduva",3507,"São José do Rio Preto",35,"São Paulo","SP",3,"Sudeste"
3535804,"Paranapanema",35022,"Avaré",3504,"Bauru",350007,"Avaré",3502,"Sorocaba",35,"São Paulo","SP",3,"Sudeste"
3535903,"Paranapuã",35001,"Jales",3501,"São José do Rio Preto",350028,"Jales",3507,"São José do Rio Preto",35,"São Paulo","SP",3,"Sudeste"
3536000,"Parapuã",35035,"Adamantina",3508,"Presidente Prudente",350016,"Tupã",3504,"Marília",35,"São Paulo","SP",3,"Sudeste"
3536109,"Pardinho",35023,"Botucatu",3504,"Bauru",350011,"Botucatu",3503,"Bauru",35,"São Paulo","SP",3,"Sudeste"
3536208,"Pariquera-Açu",35055,"Registro",3514,"Litoral Sul Paulista",350005,"Registro",3502,"Sorocaba",35,"São Paulo","SP",3,"Sudeste"
3536257,"Parisi",35003,"Votuporanga",3501,"São José do Rio Preto",350027,"Votuporanga",3507,"São José do Rio Preto",35,"São Paulo","SP",3,"Sudeste"
3536307,"Patrocínio Paulista",35012,"Franca",3502,"Ribeirão Preto",350033,"Franca",3508,"Ribeirão Preto",35,"São Paulo","SP",3,"Sudeste"
3536406,"Paulicéia",35034,"Dracena",3508,"Presidente Prudente",350020,"Dracena",3505,"Presidente Prudente",35,"São Paulo","SP",3,"Sudeste"
3536505,"Paulínia",35032,"Campinas",3507,"Campinas",350038,"Campinas",3510,"Campinas",35,"São Paulo","SP",3,"Sudeste"
3536570,"Paulistânia",35020,"Bauru",3504,"Bauru",350009,"Bauru",3503,"Bauru",35,"São Paulo","SP",3,"Sudeste"
3536604,"Paulo de Faria",35004,"São José do Rio Preto",3501,"São José do Rio Preto",350025,"São José do Rio Preto",3507,"São José do Rio Preto",35,"São Paulo","SP",3,"Sudeste"
3536703,"Pederneiras",35021,"Jaú",3504,"Bauru",350009,"Bauru",3503,"Bauru",35,"São Paulo","SP",3,"Sudeste"
3536802,"Pedra Bela",35033,"Amparo",3507,"Campinas",350041,"Bragança Paulista",3510,"Campinas",35,"São Paulo","SP",3,"Sudeste"
3536901,"Pedranópolis",35002,"Fernandópolis",3501,"São José do Rio Preto",350029,"Fernandópolis",3507,"São José do Rio Preto",35,"São Paulo","SP",3,"Sudeste"
3537008,"Pedregulho",35012,"Franca",3502,"Ribeirão Preto",350033,"Franca",3508,"Ribeirão Preto",35,"São Paulo","SP",3,"Sudeste"
3537107,"Pedreira",35032,"Campinas",3507,"Campinas",350038,"Campinas",3510,"Campinas",35,"São Paulo","SP",3,"Sudeste"
3537156,"Pedrinhas Paulista",35039,"Assis",3510,"Assis",350014,"Assis",3504,"Marília",35,"São Paulo","SP",3,"Sudeste"
3537206,"Pedro de Toledo",35056,"Itanhaém",3514,"Litoral Sul Paulista",350002,"Santos",3501,"São Paulo",35,"São Paulo","SP",3,"Sudeste"
3537305,"Penápolis",35018,"Birigui",3503,"Araçatuba",350023,"Birigui - Penápolis",3506,"Araçatuba",35,"São Paulo","SP",3,"Sudeste"
3537404,"Pereira Barreto",35016,"Andradina",3503,"Araçatuba",350024,"Andradina",3506,"Araçatuba",35,"São Paulo","SP",3,"Sudeste"
3537503,"Pereiras",35043,"Tatuí",3511,"Itapetininga",350008,"Tatuí",3502,"Sorocaba",35,"São Paulo","SP",3,"Sudeste"
3537602,"Peruíbe",35056,"Itanhaém",3514,"Litoral Sul Paulista",350002,"Santos",3501,"São Paulo",35,"São Paulo","SP",3,"Sudeste"
3537701,"Piacatu",35018,"Birigui",3503,"Araçatuba",350023,"Birigui - Penápolis",3506,"Araçatuba",35,"São Paulo","SP",3,"Sudeste"
3537800,"Piedade",35045,"Piedade",3512,"Macro Metropolitana Paulista",350003,"Sorocaba",3502,"Sorocaba",35,"São Paulo","SP",3,"Sudeste"
3537909,"Pilar do Sul",35045,"Piedade",3512,"Macro Metropolitana Paulista",350003,"Sorocaba",3502,"Sorocaba",35,"São Paulo","SP",3,"Sudeste"
3538006,"Pindamonhangaba",35050,"São José dos Campos",3513,"Vale do Paraíba Paulista",350050,"Taubaté - Pindamonhangaba",3511,"São José dos Campos",35,"São Paulo","SP",3,"Sudeste"
3538105,"Pindorama",35005,"Catanduva",3501,"São José do Rio Preto",350026,"Catanduva",3507,"São José do Rio Preto",35,"São Paulo","SP",3,"Sudeste"
3538204,"Pinhalzinho",35033,"Amparo",3507,"Campinas",350041,"Bragança Paulista",3510,"Campinas",35,"São Paulo","SP",3,"Sudeste"
3538303,"Piquerobi",35036,"Presidente Prudente",3508,"Presidente Prudente",350021,"Presidente Epitácio-Presidente Venceslau",3505,"Presidente Prudente",35,"São Paulo","SP",3,"Sudeste"
3538501,"Piquete",35051,"Guaratinguetá",3513,"Vale do Paraíba Paulista",350052,"Guaratinguetá",3511,"São José dos Campos",35,"São Paulo","SP",3,"Sudeste"
3538600,"Piracaia",35048,"Bragança Paulista",3512,"Macro Metropolitana Paulista",350041,"Bragança Paulista",3510,"Campinas",35,"São Paulo","SP",3,"Sudeste"
3538709,"Piracicaba",35028,"Piracicaba",3506,"Piracicaba",350040,"Piracicaba",3510,"Campinas",35,"São Paulo","SP",3,"Sudeste"
3538808,"Piraju",35040,"Ourinhos",3510,"Assis",350017,"Piraju",3504,"Marília",35,"São Paulo","SP",3,"Sudeste"
3538907,"Pirajuí",35020,"Bauru",3504,"Bauru",350009,"Bauru",3503,"Bauru",35,"São Paulo","SP",3,"Sudeste"
3539004,"Pirangi",35013,"Jaboticabal",3502,"Ribeirão Preto",350026,"Catanduva",3507,"São José do Rio Preto",35,"São Paulo","SP",3,"Sudeste"
3539103,"Pirapora do Bom Jesus",35057,"Osasco",3515,"Metropolitana de São Paulo",350001,"São Paulo",3501,"São Paulo",35,"São Paulo","SP",3,"Sudeste"
3539202,"Pirapozinho",35036,"Presidente Prudente",3508,"Presidente Prudente",350018,"Presidente Prudente",3505,"Presidente Prudente",35,"São Paulo","SP",3,"Sudeste"
3539301,"Pirassununga",35029,"Pirassununga",3507,"Campinas",350037,"São Carlos",3509,"Araraquara",35,"São Paulo","SP",3,"Sudeste"
3539400,"Piratininga",35020,"Bauru",3504,"Bauru",350009,"Bauru",3503,"Bauru",35,"São Paulo","SP",3,"Sudeste"
3539509,"Pitangueiras",35013,"Jaboticabal",3502,"Ribeirão Preto",350031,"Ribeirão Preto",3508,"Ribeirão Preto",35,"São Paulo","SP",3,"Sudeste"
3539608,"Planalto",35004,"São José do Rio Preto",3501,"São José do Rio Preto",350025,"São José do Rio Preto",3507,"São José do Rio Preto",35,"São Paulo","SP",3,"Sudeste"
3539707,"Platina",35039,"Assis",3510,"Assis",350014,"Assis",3504,"Marília",35,"São Paulo","SP",3,"Sudeste"
3539806,"Poá",35062,"Mogi das Cruzes",3515,"Metropolitana de São Paulo",350001,"São Paulo",3501,"São Paulo",35,"São Paulo","SP",3,"Sudeste"
3539905,"Poloni",35007,"Nhandeara",3501,"São José do Rio Preto",350025,"São José do Rio Preto",3507,"São José do Rio Preto",35,"São Paulo","SP",3,"Sudeste"
3540002,"Pompéia",35038,"Marília",3509,"Marília",350013,"Marília",3504,"Marília",35,"São Paulo","SP",3,"Sudeste"
3540101,"Pongaí",35020,"Bauru",3504,"Bauru",350012,"Lins",3503,"Bauru",35,"São Paulo","SP",3,"Sudeste"
3540200,"Pontal",35014,"Ribeirão Preto",3502,"Ribeirão Preto",350031,"Ribeirão Preto",3508,"Ribeirão Preto",35,"São Paulo","SP",3,"Sudeste"
3540259,"Pontalinda",35001,"Jales",3501,"São José do Rio Preto",350028,"Jales",3507,"São José do Rio Preto",35,"São Paulo","SP",3,"Sudeste"
3540309,"Pontes Gestal",35003,"Votuporanga",3501,"São José do Rio Preto",350027,"Votuporanga",3507,"São José do Rio Preto",35,"São Paulo","SP",3,"Sudeste"
3540408,"Populina",35001,"Jales",3501,"São José do Rio Preto",350028,"Jales",3507,"São José do Rio Preto",35,"São Paulo","SP",3,"Sudeste"
3540507,"Porangaba",35043,"Tatuí",3511,"Itapetininga",350008,"Tatuí",3502,"Sorocaba",35,"São Paulo","SP",3,"Sudeste"
3540606,"Porto Feliz",35046,"Sorocaba",3512,"Macro Metropolitana Paulista",350003,"Sorocaba",3502,"Sorocaba",35,"São Paulo","SP",3,"Sudeste"
3540705,"Porto Ferreira",35029,"Pirassununga",3507,"Campinas",350037,"São Carlos",3509,"Araraquara",35,"São Paulo","SP",3,"Sudeste"
3540754,"Potim",35051,"Guaratinguetá",3513,"Vale do Paraíba Paulista",350052,"Guaratinguetá",3511,"São José dos Campos",35,"São Paulo","SP",3,"Sudeste"
3540804,"Potirendaba",35004,"São José do Rio Preto",3501,"São José do Rio Preto",350025,"São José do Rio Preto",3507,"São José do Rio Preto",35,"São Paulo","SP",3,"Sudeste"
3540853,"Pracinha",35035,"Adamantina",3508,"Presidente Prudente",350019,"Adamantina - Lucélia",3505,"Presidente Prudente",35,"São Paulo","SP",3,"Sudeste"
3540903,"Pradópolis",35014,"Ribeirão Preto",3502,"Ribeirão Preto",350031,"Ribeirão Preto",3508,"Ribeirão Preto",35,"São Paulo","SP",3,"Sudeste"
3541000,"Praia Grande",35063,"Santos",3515,"Metropolitana de São Paulo",350002,"Santos",3501,"São Paulo",35,"São Paulo","SP",3,"Sudeste"
3541059,"Pratânia",35023,"Botucatu",3504,"Bauru",350011,"Botucatu",3503,"Bauru",35,"São Paulo","SP",3,"Sudeste"
3541109,"Presidente Alves",35020,"Bauru",3504,"Bauru",350009,"Bauru",3503,"Bauru",35,"São Paulo","SP",3,"Sudeste"
3541208,"Presidente Bernardes",35036,"Presidente Prudente",3508,"Presidente Prudente",350018,"Presidente Prudente",3505,"Presidente Prudente",35,"São Paulo","SP",3,"Sudeste"
3541307,"Presidente Epitácio",35036,"Presidente Prudente",3508,"Presidente Prudente",350021,"Presidente Epitácio-Presidente Venceslau",3505,"Presidente Prudente",35,"São Paulo","SP",3,"Sudeste"
3541406,"Presidente Prudente",35036,"Presidente Prudente",3508,"Presidente Prudente",350018,"Presidente Prudente",3505,"Presidente Prudente",35,"São Paulo","SP",3,"Sudeste"
3541505,"Presidente Venceslau",35036,"Presidente Prudente",3508,"Presidente Prudente",350021,"Presidente Epitácio-Presidente Venceslau",3505,"Presidente Prudente",35,"São Paulo","SP",3,"Sudeste"
3541604,"Promissão",35019,"Lins",3504,"Bauru",350012,"Lins",3503,"Bauru",35,"São Paulo","SP",3,"Sudeste"
3541653,"Quadra",35043,"Tatuí",3511,"Itapetininga",350008,"Tatuí",3502,"Sorocaba",35,"São Paulo","SP",3,"Sudeste"
3541703,"Quatá",35039,"Assis",3510,"Assis",350018,"Presidente Prudente",3505,"Presidente Prudente",35,"São Paulo","SP",3,"Sudeste"
3541802,"Queiroz",35037,"Tupã",3509,"Marília",350016,"Tupã",3504,"Marília",35,"São Paulo","SP",3,"Sudeste"
3541901,"Queluz",35051,"Guaratinguetá",3513,"Vale do Paraíba Paulista",350053,"Cruzeiro",3511,"São José dos Campos",35,"São Paulo","SP",3,"Sudeste"
3542008,"Quintana",35037,"Tupã",3509,"Marília",350013,"Marília",3504,"Marília",35,"São Paulo","SP",3,"Sudeste"
3542107,"Rafard",35028,"Piracicaba",3506,"Piracicaba",350040,"Piracicaba",3510,"Campinas",35,"São Paulo","SP",3,"Sudeste"
3542206,"Rancharia",35036,"Presidente Prudente",3508,"Presidente Prudente",350018,"Presidente Prudente",3505,"Presidente Prudente",35,"São Paulo","SP",3,"Sudeste"
3542305,"Redenção da Serra",35053,"Paraibuna/Paraitinga",3513,"Vale do Paraíba Paulista",350050,"Taubaté - Pindamonhangaba",3511,"São José dos Campos",35,"São Paulo","SP",3,"Sudeste"
3542404,"Regente Feijó",35036,"Presidente Prudente",3508,"Presidente Prudente",350018,"Presidente Prudente",3505,"Presidente Prudente",35,"São Paulo","SP",3,"Sudeste"
3542503,"Reginópolis",35020,"Bauru",3504,"Bauru",350009,"Bauru",3503,"Bauru",35,"São Paulo","SP",3,"Sudeste"
3542602,"Registro",35055,"Registro",3514,"Litoral Sul Paulista",350005,"Registro",3502,"Sorocaba",35,"São Paulo","SP",3,"Sudeste"
3542701,"Restinga",35012,"Franca",3502,"Ribeirão Preto",350033,"Franca",3508,"Ribeirão Preto",35,"São Paulo","SP",3,"Sudeste"
3542800,"Ribeira",35044,"Capão Bonito",3511,"Itapetininga",350004,"Itapeva",3502,"Sorocaba",35,"São Paulo","SP",3,"Sudeste"
3542909,"Ribeirão Bonito",35025,"São Carlos",3505,"Araraquara",350037,"São Carlos",3509,"Araraquara",35,"São Paulo","SP",3,"Sudeste"
3543006,"Ribeirão Branco",35044,"Capão Bonito",3511,"Itapetininga",350004,"Itapeva",3502,"Sorocaba",35,"São Paulo","SP",3,"Sudeste"
3543105,"Ribeirão Corrente",35012,"Franca",3502,"Ribeirão Preto",350033,"Franca",3508,"Ribeirão Preto",35,"São Paulo","SP",3,"Sudeste"
3543204,"Ribeirão do Sul",35040,"Ourinhos",3510,"Assis",350015,"Ourinhos",3504,"Marília",35,"São Paulo","SP",3,"Sudeste"
3543238,"Ribeirão dos Índios",35036,"Presidente Prudente",3508,"Presidente Prudente",350018,"Presidente Prudente",3505,"Presidente Prudente",35,"São Paulo","SP",3,"Sudeste"
3543253,"Ribeirão Grande",35044,"Capão Bonito",3511,"Itapetininga",350004,"Itapeva",3502,"Sorocaba",35,"São Paulo","SP",3,"Sudeste"
3543303,"Ribeirão Pires",35061,"São Paulo",3515,"Metropolitana de São Paulo",350001,"São Paulo",3501,"São Paulo",35,"São Paulo","SP",3,"Sudeste"
3543402,"Ribeirão Preto",35014,"Ribeirão Preto",3502,"Ribeirão Preto",350031,"Ribeirão Preto",3508,"Ribeirão Preto",35,"São Paulo","SP",3,"Sudeste"
3543501,"Riversul",35041,"Itapeva",3511,"Itapetininga",350004,"Itapeva",3502,"Sorocaba",35,"São Paulo","SP",3,"Sudeste"
3543600,"Rifaina",35012,"Franca",3502,"Ribeirão Preto",350033,"Franca",3508,"Ribeirão Preto",35,"São Paulo","SP",3,"Sudeste"
3543709,"Rincão",35024,"Araraquara",3505,"Araraquara",350036,"Araraquara",3509,"Araraquara",35,"São Paulo","SP",3,"Sudeste"
3543808,"Rinópolis",35035,"Adamantina",3508,"Presidente Prudente",350016,"Tupã",3504,"Marília",35,"São Paulo","SP",3,"Sudeste"
3543907,"Rio Claro",35026,"Rio Claro",3506,"Piracicaba",350046,"Rio Claro",3510,"Campinas",35,"São Paulo","SP",3,"Sudeste"
3544004,"Rio das Pedras",35028,"Piracicaba",3506,"Piracicaba",350040,"Piracicaba",3510,"Campinas",35,"São Paulo","SP",3,"Sudeste"
3544103,"Rio Grande da Serra",35061,"São Paulo",3515,"Metropolitana de São Paulo",350001,"São Paulo",3501,"São Paulo",35,"São Paulo","SP",3,"Sudeste"
3544202,"Riolândia",35003,"Votuporanga",3501,"São José do Rio Preto",350027,"Votuporanga",3507,"São José do Rio Preto",35,"São Paulo","SP",3,"Sudeste"
3544251,"Rosana",35036,"Presidente Prudente",3508,"Presidente Prudente",350018,"Presidente Prudente",3505,"Presidente Prudente",35,"São Paulo","SP",3,"Sudeste"
3544301,"Roseira",35051,"Guaratinguetá",3513,"Vale do Paraíba Paulista",350052,"Guaratinguetá",3511,"São José dos Campos",35,"São Paulo","SP",3,"Sudeste"
3544400,"Rubiácea",35017,"Araçatuba",3503,"Araçatuba",350022,"Araçatuba",3506,"Araçatuba",35,"São Paulo","SP",3,"Sudeste"
3544509,"Rubinéia",35001,"Jales",3501,"São José do Rio Preto",350030,"Santa Fé do Sul",3507,"São José do Rio Preto",35,"São Paulo","SP",3,"Sudeste"
3544608,"Sabino",35019,"Lins",3504,"Bauru",350012,"Lins",3503,"Bauru",35,"São Paulo","SP",3,"Sudeste"
3544707,"Sagres",35035,"Adamantina",3508,"Presidente Prudente",350019,"Adamantina - Lucélia",3505,"Presidente Prudente",35,"São Paulo","SP",3,"Sudeste"
3544806,"Sales",35008,"Novo Horizonte",3501,"São José do Rio Preto",350025,"São José do Rio Preto",3507,"São José do Rio Preto",35,"São Paulo","SP",3,"Sudeste"
3544905,"Sales Oliveira",35010,"São Joaquim da Barra",3502,"Ribeirão Preto",350034,"São Joaquim da Barra ¿ Orlândia",3508,"Ribeirão Preto",35,"São Paulo","SP",3,"Sudeste"
3545001,"Salesópolis",35062,"Mogi das Cruzes",3515,"Metropolitana de São Paulo",350001,"São Paulo",3501,"São Paulo",35,"São Paulo","SP",3,"Sudeste"
3545100,"Salmourão",35035,"Adamantina",3508,"Presidente Prudente",350019,"Adamantina - Lucélia",3505,"Presidente Prudente",35,"São Paulo","SP",3,"Sudeste"
3545159,"Saltinho",35028,"Piracicaba",3506,"Piracicaba",350040,"Piracicaba",3510,"Campinas",35,"São Paulo","SP",3,"Sudeste"
3545209,"Salto",35046,"Sorocaba",3512,"Macro Metropolitana Paulista",350003,"Sorocaba",3502,"Sorocaba",35,"São Paulo","SP",3,"Sudeste"
3545308,"Salto de Pirapora",35046,"Sorocaba",3512,"Macro Metropolitana Paulista",350003,"Sorocaba",3502,"Sorocaba",35,"São Paulo","SP",3,"Sudeste"
3545407,"Salto Grande",35040,"Ourinhos",3510,"Assis",350015,"Ourinhos",3504,"Marília",35,"São Paulo","SP",3,"Sudeste"
3545506,"Sandovalina",35036,"Presidente Prudente",3508,"Presidente Prudente",350018,"Presidente Prudente",3505,"Presidente Prudente",35,"São Paulo","SP",3,"Sudeste"
3545605,"Santa Adélia",35005,"Catanduva",3501,"São José do Rio Preto",350026,"Catanduva",3507,"São José do Rio Preto",35,"São Paulo","SP",3,"Sudeste"
3545704,"Santa Albertina",35001,"Jales",3501,"São José do Rio Preto",350028,"Jales",3507,"São José do Rio Preto",35,"São Paulo","SP",3,"Sudeste"
3545803,"Santa Bárbara d'Oeste",35032,"Campinas",3507,"Campinas",350038,"Campinas",3510,"Campinas",35,"São Paulo","SP",3,"Sudeste"
3546009,"Santa Branca",35050,"São José dos Campos",3513,"Vale do Paraíba Paulista",350049,"São José dos Campos",3511,"São José dos Campos",35,"São Paulo","SP",3,"Sudeste"
3546108,"Santa Clara d'Oeste",35001,"Jales",3501,"São José do Rio Preto",350030,"Santa Fé do Sul",3507,"São José do Rio Preto",35,"São Paulo","SP",3,"Sudeste"
3546207,"Santa Cruz da Conceição",35027,"Limeira",3506,"Piracicaba",350045,"Araras",3510,"Campinas",35,"São Paulo","SP",3,"Sudeste"
3546256,"Santa Cruz da Esperança",35015,"Batatais",3502,"Ribeirão Preto",350031,"Ribeirão Preto",3508,"Ribeirão Preto",35,"São Paulo","SP",3,"Sudeste"
3546306,"Santa Cruz das Palmeiras",35029,"Pirassununga",3507,"Campinas",350044,"São João da Boa Vista",3510,"Campinas",35,"São Paulo","SP",3,"Sudeste"
3546405,"Santa Cruz do Rio Pardo",35040,"Ourinhos",3510,"Assis",350015,"Ourinhos",3504,"Marília",35,"São Paulo","SP",3,"Sudeste"
3546504,"Santa Ernestina",35013,"Jaboticabal",3502,"Ribeirão Preto",350031,"Ribeirão Preto",3508,"Ribeirão Preto",35,"São Paulo","SP",3,"Sudeste"
3546603,"Santa Fé do Sul",35001,"Jales",3501,"São José do Rio Preto",350030,"Santa Fé do Sul",3507,"São José do Rio Preto",35,"São Paulo","SP",3,"Sudeste"
3546702,"Santa Gertrudes",35027,"Limeira",3506,"Piracicaba",350046,"Rio Claro",3510,"Campinas",35,"São Paulo","SP",3,"Sudeste"
3546801,"Santa Isabel",35059,"Guarulhos",3515,"Metropolitana de São Paulo",350001,"São Paulo",3501,"São Paulo",35,"São Paulo","SP",3,"Sudeste"
3546900,"Santa Lúcia",35024,"Araraquara",3505,"Araraquara",350036,"Araraquara",3509,"Araraquara",35,"São Paulo","SP",3,"Sudeste"
3547007,"Santa Maria da Serra",35028,"Piracicaba",3506,"Piracicaba",350040,"Piracicaba",3510,"Campinas",35,"São Paulo","SP",3,"Sudeste"
3547106,"Santa Mercedes",35034,"Dracena",3508,"Presidente Prudente",350020,"Dracena",3505,"Presidente Prudente",35,"São Paulo","SP",3,"Sudeste"
3547205,"Santana da Ponte Pensa",35001,"Jales",3501,"São José do Rio Preto",350030,"Santa Fé do Sul",3507,"São José do Rio Preto",35,"São Paulo","SP",3,"Sudeste"
3547304,"Santana de Parnaíba",35057,"Osasco",3515,"Metropolitana de São Paulo",350001,"São Paulo",3501,"São Paulo",35,"São Paulo","SP",3,"Sudeste"
3547403,"Santa Rita d'Oeste",35001,"Jales",3501,"São José do Rio Preto",350030,"Santa Fé do Sul",3507,"São José do Rio Preto",35,"São Paulo","SP",3,"Sudeste"
3547502,"Santa Rita do Passa Quatro",35014,"Ribeirão Preto",3502,"Ribeirão Preto",350037,"São Carlos",3509,"Araraquara",35,"São Paulo","SP",3,"Sudeste"
3547601,"Santa Rosa de Viterbo",35014,"Ribeirão Preto",3502,"Ribeirão Preto",350031,"Ribeirão Preto",3508,"Ribeirão Preto",35,"São Paulo","SP",3,"Sudeste"
3547650,"Santa Salete",35001,"Jales",3501,"São José do Rio Preto",350028,"Jales",3507,"São José do Rio Preto",35,"São Paulo","SP",3,"Sudeste"
3547700,"Santo Anastácio",35036,"Presidente Prudente",3508,"Presidente Prudente",350018,"Presidente Prudente",3505,"Presidente Prudente",35,"São Paulo","SP",3,"Sudeste"
3547809,"Santo André",35061,"São Paulo",3515,"Metropolitana de São Paulo",350001,"São Paulo",3501,"São Paulo",35,"São Paulo","SP",3,"Sudeste"
3547908,"Santo Antônio da Alegria",35015,"Batatais",3502,"Ribeirão Preto",350031,"Ribeirão Preto",3508,"Ribeirão Preto",35,"São Paulo","SP",3,"Sudeste"
3548005,"Santo Antônio de Posse",35031,"Mogi Mirim",3507,"Campinas",350038,"Campinas",3510,"Campinas",35,"São Paulo","SP",3,"Sudeste"
3548054,"Santo Antônio do Aracanguá",35017,"Araçatuba",3503,"Araçatuba",350022,"Araçatuba",3506,"Araçatuba",35,"São Paulo","SP",3,"Sudeste"
3548104,"Santo Antônio do Jardim",35030,"São João da Boa Vista",3507,"Campinas",350044,"São João da Boa Vista",3510,"Campinas",35,"São Paulo","SP",3,"Sudeste"
3548203,"Santo Antônio do Pinhal",35049,"Campos do Jordão",3513,"Vale do Paraíba Paulista",350050,"Taubaté - Pindamonhangaba",3511,"São José dos Campos",35,"São Paulo","SP",3,"Sudeste"
3548302,"Santo Expedito",35036,"Presidente Prudente",3508,"Presidente Prudente",350018,"Presidente Prudente",3505,"Presidente Prudente",35,"São Paulo","SP",3,"Sudeste"
3548401,"Santópolis do Aguapeí",35018,"Birigui",3503,"Araçatuba",350023,"Birigui - Penápolis",3506,"Araçatuba",35,"São Paulo","SP",3,"Sudeste"
3548500,"Santos",35063,"Santos",3515,"Metropolitana de São Paulo",350002,"Santos",3501,"São Paulo",35,"São Paulo","SP",3,"Sudeste"
3548609,"São Bento do Sapucaí",35049,"Campos do Jordão",3513,"Vale do Paraíba Paulista",350050,"Taubaté - Pindamonhangaba",3511,"São José dos Campos",35,"São Paulo","SP",3,"Sudeste"
3548708,"São Bernardo do Campo",35061,"São Paulo",3515,"Metropolitana de São Paulo",350001,"São Paulo",3501,"São Paulo",35,"São Paulo","SP",3,"Sudeste"
3548807,"São Caetano do Sul",35061,"São Paulo",3515,"Metropolitana de São Paulo",350001,"São Paulo",3501,"São Paulo",35,"São Paulo","SP",3,"Sudeste"
3548906,"São Carlos",35025,"São Carlos",3505,"Araraquara",350037,"São Carlos",3509,"Araraquara",35,"São Paulo","SP",3,"Sudeste"
3549003,"São Francisco",35001,"Jales",3501,"São José do Rio Preto",350028,"Jales",3507,"São José do Rio Preto",35,"São Paulo","SP",3,"Sudeste"
3549102,"São João da Boa Vista",35030,"São João da Boa Vista",3507,"Campinas",350044,"São João da Boa Vista",3510,"Campinas",35,"São Paulo","SP",3,"Sudeste"
3549201,"São João das Duas Pontes",35002,"Fernandópolis",3501,"São José do Rio Preto",350029,"Fernandópolis",3507,"São José do Rio Preto",35,"São Paulo","SP",3,"Sudeste"
3549250,"São João de Iracema",35006,"Auriflama",3501,"São José do Rio Preto",350029,"Fernandópolis",3507,"São José do Rio Preto",35,"São Paulo","SP",3,"Sudeste"
3549300,"São João do Pau d'Alho",35034,"Dracena",3508,"Presidente Prudente",350020,"Dracena",3505,"Presidente Prudente",35,"São Paulo","SP",3,"Sudeste"
3549409,"São Joaquim da Barra",35010,"São Joaquim da Barra",3502,"Ribeirão Preto",350034,"São Joaquim da Barra ¿ Orlândia",3508,"Ribeirão Preto",35,"São Paulo","SP",3,"Sudeste"
3549508,"São José da Bela Vista",35012,"Franca",3502,"Ribeirão Preto",350033,"Franca",3508,"Ribeirão Preto",35,"São Paulo","SP",3,"Sudeste"
3549607,"São José do Barreiro",35052,"Bananal",3513,"Vale do Paraíba Paulista",350053,"Cruzeiro",3511,"São José dos Campos",35,"São Paulo","SP",3,"Sudeste"
3549706,"São José do Rio Pardo",35030,"São João da Boa Vista",3507,"Campinas",350047,"São José do Rio Pardo - Mococa",3510,"Campinas",35,"São Paulo","SP",3,"Sudeste"
3549805,"São José do Rio Preto",35004,"São José do Rio Preto",3501,"São José do Rio Preto",350025,"São José do Rio Preto",3507,"São José do Rio Preto",35,"São Paulo","SP",3,"Sudeste"
3549904,"São José dos Campos",35050,"São José dos Campos",3513,"Vale do Paraíba Paulista",350049,"São José dos Campos",3511,"São José dos Campos",35,"São Paulo","SP",3,"Sudeste"
3549953,"São Lourenço da Serra",35060,"Itapecerica da Serra",3515,"Metropolitana de São Paulo",350001,"São Paulo",3501,"São Paulo",35,"São Paulo","SP",3,"Sudeste"
3550001,"São Luiz do Paraitinga",35053,"Paraibuna/Paraitinga",3513,"Vale do Paraíba Paulista",350050,"Taubaté - Pindamonhangaba",3511,"São José dos Campos",35,"São Paulo","SP",3,"Sudeste"
3550100,"São Manuel",35023,"Botucatu",3504,"Bauru",350011,"Botucatu",3503,"Bauru",35,"São Paulo","SP",3,"Sudeste"
3550209,"São Miguel Arcanjo",35045,"Piedade",3512,"Macro Metropolitana Paulista",350006,"Itapetininga",3502,"Sorocaba",35,"São Paulo","SP",3,"Sudeste"
3550308,"São Paulo",35061,"São Paulo",3515,"Metropolitana de São Paulo",350001,"São Paulo",3501,"São Paulo",35,"São Paulo","SP",3,"Sudeste"
3550407,"São Pedro",35028,"Piracicaba",3506,"Piracicaba",350040,"Piracicaba",3510,"Campinas",35,"São Paulo","SP",3,"Sudeste"
3550506,"São Pedro do Turvo",35040,"Ourinhos",3510,"Assis",350015,"Ourinhos",3504,"Marília",35,"São Paulo","SP",3,"Sudeste"
3550605,"São Roque",35046,"Sorocaba",3512,"Macro Metropolitana Paulista",350003,"Sorocaba",3502,"Sorocaba",35,"São Paulo","SP",3,"Sudeste"
3550704,"São Sebastião",35054,"Caraguatatuba",3513,"Vale do Paraíba Paulista",350051,"Caraguatatuba - Ubatuba - São Sebastião",3511,"São José dos Campos",35,"São Paulo","SP",3,"Sudeste"
3550803,"São Sebastião da Grama",35030,"São João da Boa Vista",3507,"Campinas",350047,"São José do Rio Pardo - Mococa",3510,"Campinas",35,"São Paulo","SP",3,"Sudeste"
3550902,"São Simão",35014,"Ribeirão Preto",3502,"Ribeirão Preto",350031,"Ribeirão Preto",3508,"Ribeirão Preto",35,"São Paulo","SP",3,"Sudeste"
3551009,"São Vicente",35063,"Santos",3515,"Metropolitana de São Paulo",350002,"Santos",3501,"São Paulo",35,"São Paulo","SP",3,"Sudeste"
3551108,"Sarapuí",35046,"Sorocaba",3512,"Macro Metropolitana Paulista",350003,"Sorocaba",3502,"Sorocaba",35,"São Paulo","SP",3,"Sudeste"
3551207,"Sarutaiá",35040,"Ourinhos",3510,"Assis",350017,"Piraju",3504,"Marília",35,"São Paulo","SP",3,"Sudeste"
3551306,"Sebastianópolis do Sul",35007,"Nhandeara",3501,"São José do Rio Preto",350027,"Votuporanga",3507,"São José do Rio Preto",35,"São Paulo","SP",3,"Sudeste"
3551405,"Serra Azul",35014,"Ribeirão Preto",3502,"Ribeirão Preto",350031,"Ribeirão Preto",3508,"Ribeirão Preto",35,"São Paulo","SP",3,"Sudeste"
3551504,"Serrana",35014,"Ribeirão Preto",3502,"Ribeirão Preto",350031,"Ribeirão Preto",3508,"Ribeirão Preto",35,"São Paulo","SP",3,"Sudeste"
3551603,"Serra Negra",35033,"Amparo",3507,"Campinas",350048,"Amparo",3510,"Campinas",35,"São Paulo","SP",3,"Sudeste"
3551702,"Sertãozinho",35014,"Ribeirão Preto",3502,"Ribeirão Preto",350031,"Ribeirão Preto",3508,"Ribeirão Preto",35,"São Paulo","SP",3,"Sudeste"
3551801,"Sete Barras",35055,"Registro",3514,"Litoral Sul Paulista",350005,"Registro",3502,"Sorocaba",35,"São Paulo","SP",3,"Sudeste"
3551900,"Severínia",35005,"Catanduva",3501,"São José do Rio Preto",350032,"Barretos",3508,"Ribeirão Preto",35,"São Paulo","SP",3,"Sudeste"
3552007,"Silveiras",35052,"Bananal",3513,"Vale do Paraíba Paulista",350053,"Cruzeiro",3511,"São José dos Campos",35,"São Paulo","SP",3,"Sudeste"
3552106,"Socorro",35033,"Amparo",3507,"Campinas",350041,"Bragança Paulista",3510,"Campinas",35,"São Paulo","SP",3,"Sudeste"
3552205,"Sorocaba",35046,"Sorocaba",3512,"Macro Metropolitana Paulista",350003,"Sorocaba",3502,"Sorocaba",35,"São Paulo","SP",3,"Sudeste"
3552304,"Sud Mennucci",35016,"Andradina",3503,"Araçatuba",350024,"Andradina",3506,"Araçatuba",35,"São Paulo","SP",3,"Sudeste"
3552403,"Sumaré",35032,"Campinas",3507,"Campinas",350038,"Campinas",3510,"Campinas",35,"São Paulo","SP",3,"Sudeste"
3552502,"Suzano",35062,"Mogi das Cruzes",3515,"Metropolitana de São Paulo",350001,"São Paulo",3501,"São Paulo",35,"São Paulo","SP",3,"Sudeste"
3552551,"Suzanápolis",35016,"Andradina",3503,"Araçatuba",350028,"Jales",3507,"São José do Rio Preto",35,"São Paulo","SP",3,"Sudeste"
3552601,"Tabapuã",35005,"Catanduva",3501,"São José do Rio Preto",350026,"Catanduva",3507,"São José do Rio Preto",35,"São Paulo","SP",3,"Sudeste"
3552700,"Tabatinga",35024,"Araraquara",3505,"Araraquara",350036,"Araraquara",3509,"Araraquara",35,"São Paulo","SP",3,"Sudeste"
3552809,"Taboão da Serra",35060,"Itapecerica da Serra",3515,"Metropolitana de São Paulo",350001,"São Paulo",3501,"São Paulo",35,"São Paulo","SP",3,"Sudeste"
3552908,"Taciba",35036,"Presidente Prudente",3508,"Presidente Prudente",350018,"Presidente Prudente",3505,"Presidente Prudente",35,"São Paulo","SP",3,"Sudeste"
3553005,"Taguaí",35040,"Ourinhos",3510,"Assis",350007,"Avaré",3502,"Sorocaba",35,"São Paulo","SP",3,"Sudeste"
3553104,"Taiaçu",35013,"Jaboticabal",3502,"Ribeirão Preto",350032,"Barretos",3508,"Ribeirão Preto",35,"São Paulo","SP",3,"Sudeste"
3553203,"Taiúva",35013,"Jaboticabal",3502,"Ribeirão Preto",350032,"Barretos",3508,"Ribeirão Preto",35,"São Paulo","SP",3,"Sudeste"
3553302,"Tambaú",35030,"São João da Boa Vista",3507,"Campinas",350044,"São João da Boa Vista",3510,"Campinas",35,"São Paulo","SP",3,"Sudeste"
3553401,"Tanabi",35004,"São José do Rio Preto",3501,"São José do Rio Preto",350025,"São José do Rio Preto",3507,"São José do Rio Preto",35,"São Paulo","SP",3,"Sudeste"
3553500,"Tapiraí",35045,"Piedade",3512,"Macro Metropolitana Paulista",350003,"Sorocaba",3502,"Sorocaba",35,"São Paulo","SP",3,"Sudeste"
3553609,"Tapiratiba",35030,"São João da Boa Vista",3507,"Campinas",350047,"São José do Rio Pardo - Mococa",3510,"Campinas",35,"São Paulo","SP",3,"Sudeste"
3553658,"Taquaral",35013,"Jaboticabal",3502,"Ribeirão Preto",350032,"Barretos",3508,"Ribeirão Preto",35,"São Paulo","SP",3,"Sudeste"
3553708,"Taquaritinga",35013,"Jaboticabal",3502,"Ribeirão Preto",350036,"Araraquara",3509,"Araraquara",35,"São Paulo","SP",3,"Sudeste"
3553807,"Taquarituba",35041,"Itapeva",3511,"Itapetininga",350007,"Avaré",3502,"Sorocaba",35,"São Paulo","SP",3,"Sudeste"
3553856,"Taquarivaí",35041,"Itapeva",3511,"Itapetininga",350004,"Itapeva",3502,"Sorocaba",35,"São Paulo","SP",3,"Sudeste"
3553906,"Tarabai",35036,"Presidente Prudente",3508,"Presidente Prudente",350018,"Presidente Prudente",3505,"Presidente Prudente",35,"São Paulo","SP",3,"Sudeste"
3553955,"Tarumã",35039,"Assis",3510,"Assis",350014,"Assis",3504,"Marília",35,"São Paulo","SP",3,"Sudeste"
3554003,"Tatuí",35043,"Tatuí",3511,"Itapetininga",350008,"Tatuí",3502,"Sorocaba",35,"São Paulo","SP",3,"Sudeste"
3554102,"Taubaté",35050,"São José dos Campos",3513,"Vale do Paraíba Paulista",350050,"Taubaté - Pindamonhangaba",3511,"São José dos Campos",35,"São Paulo","SP",3,"Sudeste"
3554201,"Tejupá",35040,"Ourinhos",3510,"Assis",350017,"Piraju",3504,"Marília",35,"São Paulo","SP",3,"Sudeste"
3554300,"Teodoro Sampaio",35036,"Presidente Prudente",3508,"Presidente Prudente",350018,"Presidente Prudente",3505,"Presidente Prudente",35,"São Paulo","SP",3,"Sudeste"
3554409,"Terra Roxa",35013,"Jaboticabal",3502,"Ribeirão Preto",350032,"Barretos",3508,"Ribeirão Preto",35,"São Paulo","SP",3,"Sudeste"
3554508,"Tietê",35028,"Piracicaba",3506,"Piracicaba",350003,"Sorocaba",3502,"Sorocaba",35,"São Paulo","SP",3,"Sudeste"
3554607,"Timburi",35040,"Ourinhos",3510,"Assis",350017,"Piraju",3504,"Marília",35,"São Paulo","SP",3,"Sudeste"
3554656,"Torre de Pedra",35043,"Tatuí",3511,"Itapetininga",350008,"Tatuí",3502,"Sorocaba",35,"São Paulo","SP",3,"Sudeste"
3554706,"Torrinha",35026,"Rio Claro",3506,"Piracicaba",350010,"Jaú",3503,"Bauru",35,"São Paulo","SP",3,"Sudeste"
3554755,"Trabiju",35024,"Araraquara",3505,"Araraquara",350036,"Araraquara",3509,"Araraquara",35,"São Paulo","SP",3,"Sudeste"
3554805,"Tremembé",35050,"São José dos Campos",3513,"Vale do Paraíba Paulista",350050,"Taubaté - Pindamonhangaba",3511,"São José dos Campos",35,"São Paulo","SP",3,"Sudeste"
3554904,"Três Fronteiras",35001,"Jales",3501,"São José do Rio Preto",350030,"Santa Fé do Sul",3507,"São José do Rio Preto",35,"São Paulo","SP",3,"Sudeste"
3554953,"Tuiuti",35048,"Bragança Paulista",3512,"Macro Metropolitana Paulista",350041,"Bragança Paulista",3510,"Campinas",35,"São Paulo","SP",3,"Sudeste"
3555000,"Tupã",35037,"Tupã",3509,"Marília",350016,"Tupã",3504,"Marília",35,"São Paulo","SP",3,"Sudeste"
3555109,"Tupi Paulista",35034,"Dracena",3508,"Presidente Prudente",350020,"Dracena",3505,"Presidente Prudente",35,"São Paulo","SP",3,"Sudeste"
3555208,"Turiúba",35018,"Birigui",3503,"Araçatuba",350023,"Birigui - Penápolis",3506,"Araçatuba",35,"São Paulo","SP",3,"Sudeste"
3555307,"Turmalina",35002,"Fernandópolis",3501,"São José do Rio Preto",350028,"Jales",3507,"São José do Rio Preto",35,"São Paulo","SP",3,"Sudeste"
3555356,"Ubarana",35004,"São José do Rio Preto",3501,"São José do Rio Preto",350025,"São José do Rio Preto",3507,"São José do Rio Preto",35,"São Paulo","SP",3,"Sudeste"
3555406,"Ubatuba",35054,"Caraguatatuba",3513,"Vale do Paraíba Paulista",350051,"Caraguatatuba - Ubatuba - São Sebastião",3511,"São José dos Campos",35,"São Paulo","SP",3,"Sudeste"
3555505,"Ubirajara",35020,"Bauru",3504,"Bauru",350009,"Bauru",3503,"Bauru",35,"São Paulo","SP",3,"Sudeste"
3555604,"Uchoa",35004,"São José do Rio Preto",3501,"São José do Rio Preto",350025,"São José do Rio Preto",3507,"São José do Rio Preto",35,"São Paulo","SP",3,"Sudeste"
3555703,"União Paulista",35007,"Nhandeara",3501,"São José do Rio Preto",350025,"São José do Rio Preto",3507,"São José do Rio Preto",35,"São Paulo","SP",3,"Sudeste"
3555802,"Urânia",35001,"Jales",3501,"São José do Rio Preto",350028,"Jales",3507,"São José do Rio Preto",35,"São Paulo","SP",3,"Sudeste"
3555901,"Uru",35020,"Bauru",3504,"Bauru",350012,"Lins",3503,"Bauru",35,"São Paulo","SP",3,"Sudeste"
3556008,"Urupês",35008,"Novo Horizonte",3501,"São José do Rio Preto",350025,"São José do Rio Preto",3507,"São José do Rio Preto",35,"São Paulo","SP",3,"Sudeste"
3556107,"Valentim Gentil",35003,"Votuporanga",3501,"São José do Rio Preto",350027,"Votuporanga",3507,"São José do Rio Preto",35,"São Paulo","SP",3,"Sudeste"
3556206,"Valinhos",35032,"Campinas",3507,"Campinas",350038,"Campinas",3510,"Campinas",35,"São Paulo","SP",3,"Sudeste"
3556305,"Valparaíso",35017,"Araçatuba",3503,"Araçatuba",350022,"Araçatuba",3506,"Araçatuba",35,"São Paulo","SP",3,"Sudeste"
3556354,"Vargem",35048,"Bragança Paulista",3512,"Macro Metropolitana Paulista",350041,"Bragança Paulista",3510,"Campinas",35,"São Paulo","SP",3,"Sudeste"
3556404,"Vargem Grande do Sul",35030,"São João da Boa Vista",3507,"Campinas",350044,"São João da Boa Vista",3510,"Campinas",35,"São Paulo","SP",3,"Sudeste"
3556453,"Vargem Grande Paulista",35060,"Itapecerica da Serra",3515,"Metropolitana de São Paulo",350001,"São Paulo",3501,"São Paulo",35,"São Paulo","SP",3,"Sudeste"
3556503,"Várzea Paulista",35047,"Jundiaí",3512,"Macro Metropolitana Paulista",350039,"Jundiaí",3510,"Campinas",35,"São Paulo","SP",3,"Sudeste"
3556602,"Vera Cruz",35038,"Marília",3509,"Marília",350013,"Marília",3504,"Marília",35,"São Paulo","SP",3,"Sudeste"
3556701,"Vinhedo",35032,"Campinas",3507,"Campinas",350038,"Campinas",3510,"Campinas",35,"São Paulo","SP",3,"Sudeste"
3556800,"Viradouro",35013,"Jaboticabal",3502,"Ribeirão Preto",350032,"Barretos",3508,"Ribeirão Preto",35,"São Paulo","SP",3,"Sudeste"
3556909,"Vista Alegre do Alto",35013,"Jaboticabal",3502,"Ribeirão Preto",350026,"Catanduva",3507,"São José do Rio Preto",35,"São Paulo","SP",3,"Sudeste"
3556958,"Vitória Brasil",35001,"Jales",3501,"São José do Rio Preto",350028,"Jales",3507,"São José do Rio Preto",35,"São Paulo","SP",3,"Sudeste"
3557006,"Votorantim",35046,"Sorocaba",3512,"Macro Metropolitana Paulista",350003,"Sorocaba",3502,"Sorocaba",35,"São Paulo","SP",3,"Sudeste"
3557105,"Votuporanga",35003,"Votuporanga",3501,"São José do Rio Preto",350027,"Votuporanga",3507,"São José do Rio Preto",35,"São Paulo","SP",3,"Sudeste"
3557154,"Zacarias",35004,"São José do Rio Preto",3501,"São José do Rio Preto",350023,"Birigui - Penápolis",3506,"Araçatuba",35,"São Paulo","SP",3,"Sudeste"
3557204,"Chavantes",35040,"Ourinhos",3510,"Assis",350015,"Ourinhos",3504,"Marília",35,"São Paulo","SP",3,"Sudeste"
3557303,"Estiva Gerbi",35031,"Mogi Mirim",3507,"Campinas",350043,"Mogi Guaçu",3510,"Campinas",35,"São Paulo","SP",3,"Sudeste"
4100103,"Abatiá",41015,"Cornélio Procópio",4104,"Norte Pioneiro Paranaense",410022,"Santo Antônio da Platina",4105,"Londrina",41,"Paraná","PR",4,"Sul"
4100202,"Adrianópolis",41035,"Cerro Azul",4110,"Metropolitana de Curitiba",410001,"Curitiba",4101,"Curitiba",41,"Paraná","PR",4,"Sul"
4100301,"Agudos do Sul",41039,"Rio Negro",4110,"Metropolitana de Curitiba",410001,"Curitiba",4101,"Curitiba",41,"Paraná","PR",4,"Sul"
4100400,"Almirante Tamandaré",41037,"Curitiba",4110,"Metropolitana de Curitiba",410001,"Curitiba",4101,"Curitiba",41,"Paraná","PR",4,"Sul"
4100459,"Altamira do Paraná",41004,"Goioerê",4102,"Centro Ocidental Paranaense",410015,"Campo Mourão",4104,"Maringá",41,"Paraná","PR",4,"Sul"
4100509,"Altônia",41002,"Umuarama",4101,"Noroeste Paranaense",410016,"Umuarama",4104,"Maringá",41,"Paraná","PR",4,"Sul"
4100608,"Alto Paraná",41001,"Paranavaí",4101,"Noroeste Paranaense",410017,"Paranavaí",4104,"Maringá",41,"Paraná","PR",4,"Sul"
4100707,"Alto Piquiri",41002,"Umuarama",4101,"Noroeste Paranaense",410016,"Umuarama",4104,"Maringá",41,"Paraná","PR",4,"Sul"
4100806,"Alvorada do Sul",41007,"Porecatu",4103,"Norte Central Paranaense",410021,"Londrina",4105,"Londrina",41,"Paraná","PR",4,"Sul"
4100905,"Amaporã",41001,"Paranavaí",4101,"Noroeste Paranaense",410017,"Paranavaí",4104,"Maringá",41,"Paraná","PR",4,"Sul"
4101002,"Ampére",41025,"Capanema",4107,"Sudoeste Paranaense",410009,"Francisco Beltrão",4103,"Cascavel",41,"Paraná","PR",4,"Sul"
4101051,"Anahy",41023,"Cascavel",4106,"Oeste Paranaense",410006,"Cascavel",4103,"Cascavel",41,"Paraná","PR",4,"Sul"
4101101,"Andirá",41015,"Cornélio Procópio",4104,"Norte Pioneiro Paranaense",410022,"Santo Antônio da Platina",4105,"Londrina",41,"Paraná","PR",4,"Sul"
4101150,"Ângulo",41006,"Astorga",4103,"Norte Central Paranaense",410014,"Maringá",4104,"Maringá",41,"Paraná","PR",4,"Sul"
4101200,"Antonina",41038,"Paranaguá",4110,"Metropolitana de Curitiba",410002,"Paranaguá",4101,"Curitiba",41,"Paraná","PR",4,"Sul"
4101309,"Antônio Olinto",41034,"São Mateus do Sul",4109,"Sudeste Paranaense",410003,"União da Vitória",4101,"Curitiba",41,"Paraná","PR",4,"Sul"
4101408,"Apucarana",41010,"Apucarana",4103,"Norte Central Paranaense",410023,"Apucarana",4105,"Londrina",41,"Paraná","PR",4,"Sul"
4101507,"Arapongas",41010,"Apucarana",4103,"Norte Central Paranaense",410021,"Londrina",4105,"Londrina",41,"Paraná","PR",4,"Sul"
4101606,"Arapoti",41020,"Jaguariaíva",4105,"Centro Oriental Paranaense",410027,"Ponta Grossa",4106,"Ponta Grossa",41,"Paraná","PR",4,"Sul"
4101655,"Arapuã",41013,"Ivaiporã",4103,"Norte Central Paranaense",410025,"Ivaiporã",4105,"Londrina",41,"Paraná","PR",4,"Sul"
4101705,"Araruna",41005,"Campo Mourão",4102,"Centro Ocidental Paranaense",410015,"Campo Mourão",4104,"Maringá",41,"Paraná","PR",4,"Sul"
4101804,"Araucária",41037,"Curitiba",4110,"Metropolitana de Curitiba",410001,"Curitiba",4101,"Curitiba",41,"Paraná","PR",4,"Sul"
4101853,"Ariranha do Ivaí",41013,"Ivaiporã",4103,"Norte Central Paranaense",410025,"Ivaiporã",4105,"Londrina",41,"Paraná","PR",4,"Sul"
4101903,"Assaí",41014,"Assaí",4104,"Norte Pioneiro Paranaense",410021,"Londrina",4105,"Londrina",41,"Paraná","PR",4,"Sul"
4102000,"Assis Chateaubriand",41022,"Toledo",4106,"Oeste Paranaense",410008,"Toledo",4103,"Cascavel",41,"Paraná","PR",4,"Sul"
4102109,"Astorga",41006,"Astorga",4103,"Norte Central Paranaense",410014,"Maringá",4104,"Maringá",41,"Paraná","PR",4,"Sul"
4102208,"Atalaia",41006,"Astorga",4103,"Norte Central Paranaense",410014,"Maringá",4104,"Maringá",41,"Paraná","PR",4,"Sul"
4102307,"Balsa Nova",41037,"Curitiba",4110,"Metropolitana de Curitiba",410001,"Curitiba",4101,"Curitiba",41,"Paraná","PR",4,"Sul"
4102406,"Bandeirantes",41015,"Cornélio Procópio",4104,"Norte Pioneiro Paranaense",410024,"Cornélio Procópio ¿ Bandeirantes",4105,"Londrina",41,"Paraná","PR",4,"Sul"
4102505,"Barbosa Ferraz",41005,"Campo Mourão",4102,"Centro Ocidental Paranaense",410015,"Campo Mourão",4104,"Maringá",41,"Paraná","PR",4,"Sul"
4102604,"Barracão",41026,"Francisco Beltrão",4107,"Sudoeste Paranaense",410009,"Francisco Beltrão",4103,"Cascavel",41,"Paraná","PR",4,"Sul"
4102703,"Barra do Jacaré",41016,"Jacarezinho",4104,"Norte Pioneiro Paranaense",410022,"Santo Antônio da Platina",4105,"Londrina",41,"Paraná","PR",4,"Sul"
4102752,"Bela Vista da Caroba",41025,"Capanema",4107,"Sudoeste Paranaense",410009,"Francisco Beltrão",4103,"Cascavel",41,"Paraná","PR",4,"Sul"
4102802,"Bela Vista do Paraíso",41007,"Porecatu",4103,"Norte Central Paranaense",410021,"Londrina",4105,"Londrina",41,"Paraná","PR",4,"Sul"
4102901,"Bituruna",41033,"União da Vitória",4109,"Sudeste Paranaense",410003,"União da Vitória",4101,"Curitiba",41,"Paraná","PR",4,"Sul"
4103008,"Boa Esperança",41004,"Goioerê",4102,"Centro Ocidental Paranaense",410015,"Campo Mourão",4104,"Maringá",41,"Paraná","PR",4,"Sul"
4103024,"Boa Esperança do Iguaçu",41026,"Francisco Beltrão",4107,"Sudoeste Paranaense",410012,"Dois Vizinhos",4103,"Cascavel",41,"Paraná","PR",4,"Sul"
4103040,"Boa Ventura de São Roque",41028,"Pitanga",4108,"Centro-Sul Paranaense",410005,"Pitanga",4102,"Guarapuava",41,"Paraná","PR",4,"Sul"
4103057,"Boa Vista da Aparecida",41023,"Cascavel",4106,"Oeste Paranaense",410006,"Cascavel",4103,"Cascavel",41,"Paraná","PR",4,"Sul"
4103107,"Bocaiúva do Sul",41037,"Curitiba",4110,"Metropolitana de Curitiba",410001,"Curitiba",4101,"Curitiba",41,"Paraná","PR",4,"Sul"
4103156,"Bom Jesus do Sul",41026,"Francisco Beltrão",4107,"Sudoeste Paranaense",410009,"Francisco Beltrão",4103,"Cascavel",41,"Paraná","PR",4,"Sul"
4103206,"Bom Sucesso",41012,"Faxinal",4103,"Norte Central Paranaense",410023,"Apucarana",4105,"Londrina",41,"Paraná","PR",4,"Sul"
4103222,"Bom Sucesso do Sul",41027,"Pato Branco",4107,"Sudoeste Paranaense",410010,"Pato Branco",4103,"Cascavel",41,"Paraná","PR",4,"Sul"
4103305,"Borrazópolis",41012,"Faxinal",4103,"Norte Central Paranaense",410023,"Apucarana",4105,"Londrina",41,"Paraná","PR",4,"Sul"
4103354,"Braganey",41023,"Cascavel",4106,"Oeste Paranaense",410006,"Cascavel",4103,"Cascavel",41,"Paraná","PR",4,"Sul"
4103370,"Brasilândia do Sul",41002,"Umuarama",4101,"Noroeste Paranaense",410016,"Umuarama",4104,"Maringá",41,"Paraná","PR",4,"Sul"
4103404,"Cafeara",41006,"Astorga",4103,"Norte Central Paranaense",410021,"Londrina",4105,"Londrina",41,"Paraná","PR",4,"Sul"
4103453,"Cafelândia",41023,"Cascavel",4106,"Oeste Paranaense",410006,"Cascavel",4103,"Cascavel",41,"Paraná","PR",4,"Sul"
4103479,"Cafezal do Sul",41002,"Umuarama",4101,"Noroeste Paranaense",410016,"Umuarama",4104,"Maringá",41,"Paraná","PR",4,"Sul"
4103503,"Califórnia",41010,"Apucarana",4103,"Norte Central Paranaense",410023,"Apucarana",4105,"Londrina",41,"Paraná","PR",4,"Sul"
4103602,"Cambará",41016,"Jacarezinho",4104,"Norte Pioneiro Paranaense",410022,"Santo Antônio da Platina",4105,"Londrina",41,"Paraná","PR",4,"Sul"
4103701,"Cambé",41011,"Londrina",4103,"Norte Central Paranaense",410021,"Londrina",4105,"Londrina",41,"Paraná","PR",4,"Sul"
4103800,"Cambira",41010,"Apucarana",4103,"Norte Central Paranaense",410023,"Apucarana",4105,"Londrina",41,"Paraná","PR",4,"Sul"
4103909,"Campina da Lagoa",41004,"Goioerê",4102,"Centro Ocidental Paranaense",410015,"Campo Mourão",4104,"Maringá",41,"Paraná","PR",4,"Sul"
4103958,"Campina do Simão",41029,"Guarapuava",4108,"Centro-Sul Paranaense",410004,"Guarapuava",4102,"Guarapuava",41,"Paraná","PR",4,"Sul"
4104006,"Campina Grande do Sul",41037,"Curitiba",4110,"Metropolitana de Curitiba",410001,"Curitiba",4101,"Curitiba",41,"Paraná","PR",4,"Sul"
4104055,"Campo Bonito",41023,"Cascavel",4106,"Oeste Paranaense",410006,"Cascavel",4103,"Cascavel",41,"Paraná","PR",4,"Sul"
4104105,"Campo do Tenente",41039,"Rio Negro",4110,"Metropolitana de Curitiba",410001,"Curitiba",4101,"Curitiba",41,"Paraná","PR",4,"Sul"
4104204,"Campo Largo",41037,"Curitiba",4110,"Metropolitana de Curitiba",410001,"Curitiba",4101,"Curitiba",41,"Paraná","PR",4,"Sul"
4104253,"Campo Magro",41037,"Curitiba",4110,"Metropolitana de Curitiba",410001,"Curitiba",4101,"Curitiba",41,"Paraná","PR",4,"Sul"
4104303,"Campo Mourão",41005,"Campo Mourão",4102,"Centro Ocidental Paranaense",410015,"Campo Mourão",4104,"Maringá",41,"Paraná","PR",4,"Sul"
4104402,"Cândido de Abreu",41013,"Ivaiporã",4103,"Norte Central Paranaense",410025,"Ivaiporã",4105,"Londrina",41,"Paraná","PR",4,"Sul"
4104428,"Candói",41029,"Guarapuava",4108,"Centro-Sul Paranaense",410004,"Guarapuava",4102,"Guarapuava",41,"Paraná","PR",4,"Sul"
4104451,"Cantagalo",41029,"Guarapuava",4108,"Centro-Sul Paranaense",410004,"Guarapuava",4102,"Guarapuava",41,"Paraná","PR",4,"Sul"
4104501,"Capanema",41025,"Capanema",4107,"Sudoeste Paranaense",410009,"Francisco Beltrão",4103,"Cascavel",41,"Paraná","PR",4,"Sul"
4104600,"Capitão Leônidas Marques",41023,"Cascavel",4106,"Oeste Paranaense",410006,"Cascavel",4103,"Cascavel",41,"Paraná","PR",4,"Sul"
4104659,"Carambeí",41021,"Ponta Grossa",4105,"Centro Oriental Paranaense",410027,"Ponta Grossa",4106,"Ponta Grossa",41,"Paraná","PR",4,"Sul"
4104709,"Carlópolis",41018,"Wenceslau Braz",4104,"Norte Pioneiro Paranaense",410022,"Santo Antônio da Platina",4105,"Londrina",41,"Paraná","PR",4,"Sul"
4104808,"Cascavel",41023,"Cascavel",4106,"Oeste Paranaense",410006,"Cascavel",4103,"Cascavel",41,"Paraná","PR",4,"Sul"
4104907,"Castro",41021,"Ponta Grossa",4105,"Centro Oriental Paranaense",410027,"Ponta Grossa",4106,"Ponta Grossa",41,"Paraná","PR",4,"Sul"
4105003,"Catanduvas",41023,"Cascavel",4106,"Oeste Paranaense",410006,"Cascavel",4103,"Cascavel",41,"Paraná","PR",4,"Sul"
4105102,"Centenário do Sul",41006,"Astorga",4103,"Norte Central Paranaense",410021,"Londrina",4105,"Londrina",41,"Paraná","PR",4,"Sul"
4105201,"Cerro Azul",41035,"Cerro Azul",4110,"Metropolitana de Curitiba",410001,"Curitiba",4101,"Curitiba",41,"Paraná","PR",4,"Sul"
4105300,"Céu Azul",41024,"Foz do Iguaçu",4106,"Oeste Paranaense",410006,"Cascavel",4103,"Cascavel",41,"Paraná","PR",4,"Sul"
4105409,"Chopinzinho",41027,"Pato Branco",4107,"Sudoeste Paranaense",410010,"Pato Branco",4103,"Cascavel",41,"Paraná","PR",4,"Sul"
4105508,"Cianorte",41003,"Cianorte",4101,"Noroeste Paranaense",410018,"Cianorte",4104,"Maringá",41,"Paraná","PR",4,"Sul"
4105607,"Cidade Gaúcha",41003,"Cianorte",4101,"Noroeste Paranaense",410016,"Umuarama",4104,"Maringá",41,"Paraná","PR",4,"Sul"
4105706,"Clevelândia",41030,"Palmas",4108,"Centro-Sul Paranaense",410010,"Pato Branco",4103,"Cascavel",41,"Paraná","PR",4,"Sul"
4105805,"Colombo",41037,"Curitiba",4110,"Metropolitana de Curitiba",410001,"Curitiba",4101,"Curitiba",41,"Paraná","PR",4,"Sul"
4105904,"Colorado",41006,"Astorga",4103,"Norte Central Paranaense",410019,"Paranacity - Colorado",4104,"Maringá",41,"Paraná","PR",4,"Sul"
4106001,"Congonhinhas",41015,"Cornélio Procópio",4104,"Norte Pioneiro Paranaense",410024,"Cornélio Procópio ¿ Bandeirantes",4105,"Londrina",41,"Paraná","PR",4,"Sul"
4106100,"Conselheiro Mairinck",41017,"Ibaiti",4104,"Norte Pioneiro Paranaense",410026,"Ibaiti",4105,"Londrina",41,"Paraná","PR",4,"Sul"
4106209,"Contenda",41037,"Curitiba",4110,"Metropolitana de Curitiba",410001,"Curitiba",4101,"Curitiba",41,"Paraná","PR",4,"Sul"
4106308,"Corbélia",41023,"Cascavel",4106,"Oeste Paranaense",410006,"Cascavel",4103,"Cascavel",41,"Paraná","PR",4,"Sul"
4106407,"Cornélio Procópio",41015,"Cornélio Procópio",4104,"Norte Pioneiro Paranaense",410024,"Cornélio Procópio ¿ Bandeirantes",4105,"Londrina",41,"Paraná","PR",4,"Sul"
4106456,"Coronel Domingos Soares",41030,"Palmas",4108,"Centro-Sul Paranaense",410010,"Pato Branco",4103,"Cascavel",41,"Paraná","PR",4,"Sul"
4106506,"Coronel Vivida",41027,"Pato Branco",4107,"Sudoeste Paranaense",410010,"Pato Branco",4103,"Cascavel",41,"Paraná","PR",4,"Sul"
4106555,"Corumbataí do Sul",41005,"Campo Mourão",4102,"Centro Ocidental Paranaense",410015,"Campo Mourão",4104,"Maringá",41,"Paraná","PR",4,"Sul"
4106571,"Cruzeiro do Iguaçu",41026,"Francisco Beltrão",4107,"Sudoeste Paranaense",410012,"Dois Vizinhos",4103,"Cascavel",41,"Paraná","PR",4,"Sul"
4106605,"Cruzeiro do Oeste",41002,"Umuarama",4101,"Noroeste Paranaense",410016,"Umuarama",4104,"Maringá",41,"Paraná","PR",4,"Sul"
4106704,"Cruzeiro do Sul",41001,"Paranavaí",4101,"Noroeste Paranaense",410019,"Paranacity - Colorado",4104,"Maringá",41,"Paraná","PR",4,"Sul"
4106803,"Cruz Machado",41033,"União da Vitória",4109,"Sudeste Paranaense",410003,"União da Vitória",4101,"Curitiba",41,"Paraná","PR",4,"Sul"
4106852,"Cruzmaltina",41012,"Faxinal",4103,"Norte Central Paranaense",410025,"Ivaiporã",4105,"Londrina",41,"Paraná","PR",4,"Sul"
4106902,"Curitiba",41037,"Curitiba",4110,"Metropolitana de Curitiba",410001,"Curitiba",4101,"Curitiba",41,"Paraná","PR",4,"Sul"
4107009,"Curiúva",41017,"Ibaiti",4104,"Norte Pioneiro Paranaense",410028,"Telêmaco Borba",4106,"Ponta Grossa",41,"Paraná","PR",4,"Sul"
4107108,"Diamante do Norte",41001,"Paranavaí",4101,"Noroeste Paranaense",410017,"Paranavaí",4104,"Maringá",41,"Paraná","PR",4,"Sul"
4107124,"Diamante do Sul",41023,"Cascavel",4106,"Oeste Paranaense",410006,"Cascavel",4103,"Cascavel",41,"Paraná","PR",4,"Sul"
4107157,"Diamante D'Oeste",41022,"Toledo",4106,"Oeste Paranaense",410006,"Cascavel",4103,"Cascavel",41,"Paraná","PR",4,"Sul"
4107207,"Dois Vizinhos",41026,"Francisco Beltrão",4107,"Sudoeste Paranaense",410012,"Dois Vizinhos",4103,"Cascavel",41,"Paraná","PR",4,"Sul"
4107256,"Douradina",41002,"Umuarama",4101,"Noroeste Paranaense",410016,"Umuarama",4104,"Maringá",41,"Paraná","PR",4,"Sul"
4107306,"Doutor Camargo",41008,"Floraí",4103,"Norte Central Paranaense",410014,"Maringá",4104,"Maringá",41,"Paraná","PR",4,"Sul"
4107405,"Enéas Marques",41026,"Francisco Beltrão",4107,"Sudoeste Paranaense",410009,"Francisco Beltrão",4103,"Cascavel",41,"Paraná","PR",4,"Sul"
4107504,"Engenheiro Beltrão",41005,"Campo Mourão",4102,"Centro Ocidental Paranaense",410015,"Campo Mourão",4104,"Maringá",41,"Paraná","PR",4,"Sul"
4107520,"Esperança Nova",41002,"Umuarama",4101,"Noroeste Paranaense",410016,"Umuarama",4104,"Maringá",41,"Paraná","PR",4,"Sul"
4107538,"Entre Rios do Oeste",41022,"Toledo",4106,"Oeste Paranaense",410013,"Marechal Cândido Rondon",4103,"Cascavel",41,"Paraná","PR",4,"Sul"
4107546,"Espigão Alto do Iguaçu",41029,"Guarapuava",4108,"Centro-Sul Paranaense",410011,"Laranjeiras do Sul - Quedas do Iguaçu",4103,"Cascavel",41,"Paraná","PR",4,"Sul"
4107553,"Farol",41005,"Campo Mourão",4102,"Centro Ocidental Paranaense",410015,"Campo Mourão",4104,"Maringá",41,"Paraná","PR",4,"Sul"
4107603,"Faxinal",41012,"Faxinal",4103,"Norte Central Paranaense",410025,"Ivaiporã",4105,"Londrina",41,"Paraná","PR",4,"Sul"
4107652,"Fazenda Rio Grande",41037,"Curitiba",4110,"Metropolitana de Curitiba",410001,"Curitiba",4101,"Curitiba",41,"Paraná","PR",4,"Sul"
4107702,"Fênix",41005,"Campo Mourão",4102,"Centro Ocidental Paranaense",410015,"Campo Mourão",4104,"Maringá",41,"Paraná","PR",4,"Sul"
4107736,"Fernandes Pinheiro",41031,"Prudentópolis",4109,"Sudeste Paranaense",410029,"Irati",4106,"Ponta Grossa",41,"Paraná","PR",4,"Sul"
4107751,"Figueira",41017,"Ibaiti",4104,"Norte Pioneiro Paranaense",410026,"Ibaiti",4105,"Londrina",41,"Paraná","PR",4,"Sul"
4107801,"Floraí",41008,"Floraí",4103,"Norte Central Paranaense",410014,"Maringá",4104,"Maringá",41,"Paraná","PR",4,"Sul"
4107850,"Flor da Serra do Sul",41026,"Francisco Beltrão",4107,"Sudoeste Paranaense",410009,"Francisco Beltrão",4103,"Cascavel",41,"Paraná","PR",4,"Sul"
4107900,"Floresta",41008,"Floraí",4103,"Norte Central Paranaense",410014,"Maringá",4104,"Maringá",41,"Paraná","PR",4,"Sul"
4108007,"Florestópolis",41007,"Porecatu",4103,"Norte Central Paranaense",410021,"Londrina",4105,"Londrina",41,"Paraná","PR",4,"Sul"
4108106,"Flórida",41006,"Astorga",4103,"Norte Central Paranaense",410014,"Maringá",4104,"Maringá",41,"Paraná","PR",4,"Sul"
4108205,"Formosa do Oeste",41022,"Toledo",4106,"Oeste Paranaense",410008,"Toledo",4103,"Cascavel",41,"Paraná","PR",4,"Sul"
4108304,"Foz do Iguaçu",41024,"Foz do Iguaçu",4106,"Oeste Paranaense",410007,"Foz do Iguaçu",4103,"Cascavel",41,"Paraná","PR",4,"Sul"
4108320,"Francisco Alves",41002,"Umuarama",4101,"Noroeste Paranaense",410016,"Umuarama",4104,"Maringá",41,"Paraná","PR",4,"Sul"
4108403,"Francisco Beltrão",41026,"Francisco Beltrão",4107,"Sudoeste Paranaense",410009,"Francisco Beltrão",4103,"Cascavel",41,"Paraná","PR",4,"Sul"
4108452,"Foz do Jordão",41029,"Guarapuava",4108,"Centro-Sul Paranaense",410004,"Guarapuava",4102,"Guarapuava",41,"Paraná","PR",4,"Sul"
4108502,"General Carneiro",41033,"União da Vitória",4109,"Sudeste Paranaense",410003,"União da Vitória",4101,"Curitiba",41,"Paraná","PR",4,"Sul"
4108551,"Godoy Moreira",41013,"Ivaiporã",4103,"Norte Central Paranaense",410025,"Ivaiporã",4105,"Londrina",41,"Paraná","PR",4,"Sul"
4108601,"Goioerê",41004,"Goioerê",4102,"Centro Ocidental Paranaense",410015,"Campo Mourão",4104,"Maringá",41,"Paraná","PR",4,"Sul"
4108650,"Goioxim",41029,"Guarapuava",4108,"Centro-Sul Paranaense",410004,"Guarapuava",4102,"Guarapuava",41,"Paraná","PR",4,"Sul"
4108700,"Grandes Rios",41013,"Ivaiporã",4103,"Norte Central Paranaense",410025,"Ivaiporã",4105,"Londrina",41,"Paraná","PR",4,"Sul"
4108809,"Guaíra",41022,"Toledo",4106,"Oeste Paranaense",410008,"Toledo",4103,"Cascavel",41,"Paraná","PR",4,"Sul"
4108908,"Guairaçá",41001,"Paranavaí",4101,"Noroeste Paranaense",410017,"Paranavaí",4104,"Maringá",41,"Paraná","PR",4,"Sul"
4108957,"Guamiranga",41031,"Prudentópolis",4109,"Sudeste Paranaense",410004,"Guarapuava",4102,"Guarapuava",41,"Paraná","PR",4,"Sul"
4109005,"Guapirama",41018,"Wenceslau Braz",4104,"Norte Pioneiro Paranaense",410022,"Santo Antônio da Platina",4105,"Londrina",41,"Paraná","PR",4,"Sul"
4109104,"Guaporema",41003,"Cianorte",4101,"Noroeste Paranaense",410018,"Cianorte",4104,"Maringá",41,"Paraná","PR",4,"Sul"
4109203,"Guaraci",41006,"Astorga",4103,"Norte Central Paranaense",410021,"Londrina",4105,"Londrina",41,"Paraná","PR",4,"Sul"
4109302,"Guaraniaçu",41023,"Cascavel",4106,"Oeste Paranaense",410006,"Cascavel",4103,"Cascavel",41,"Paraná","PR",4,"Sul"
4109401,"Guarapuava",41029,"Guarapuava",4108,"Centro-Sul Paranaense",410004,"Guarapuava",4102,"Guarapuava",41,"Paraná","PR",4,"Sul"
4109500,"Guaraqueçaba",41038,"Paranaguá",4110,"Metropolitana de Curitiba",410002,"Paranaguá",4101,"Curitiba",41,"Paraná","PR",4,"Sul"
4109609,"Guaratuba",41038,"Paranaguá",4110,"Metropolitana de Curitiba",410002,"Paranaguá",4101,"Curitiba",41,"Paraná","PR",4,"Sul"
4109658,"Honório Serpa",41030,"Palmas",4108,"Centro-Sul Paranaense",410010,"Pato Branco",4103,"Cascavel",41,"Paraná","PR",4,"Sul"
4109708,"Ibaiti",41017,"Ibaiti",4104,"Norte Pioneiro Paranaense",410026,"Ibaiti",4105,"Londrina",41,"Paraná","PR",4,"Sul"
4109757,"Ibema",41023,"Cascavel",4106,"Oeste Paranaense",410006,"Cascavel",4103,"Cascavel",41,"Paraná","PR",4,"Sul"
4109807,"Ibiporã",41011,"Londrina",4103,"Norte Central Paranaense",410021,"Londrina",4105,"Londrina",41,"Paraná","PR",4,"Sul"
4109906,"Icaraíma",41002,"Umuarama",4101,"Noroeste Paranaense",410016,"Umuarama",4104,"Maringá",41,"Paraná","PR",4,"Sul"
4110003,"Iguaraçu",41006,"Astorga",4103,"Norte Central Paranaense",410014,"Maringá",4104,"Maringá",41,"Paraná","PR",4,"Sul"
4110052,"Iguatu",41023,"Cascavel",4106,"Oeste Paranaense",410006,"Cascavel",4103,"Cascavel",41,"Paraná","PR",4,"Sul"
4110078,"Imbaú",41019,"Telêmaco Borba",4105,"Centro Oriental Paranaense",410028,"Telêmaco Borba",4106,"Ponta Grossa",41,"Paraná","PR",4,"Sul"
4110102,"Imbituva",41031,"Prudentópolis",4109,"Sudeste Paranaense",410029,"Irati",4106,"Ponta Grossa",41,"Paraná","PR",4,"Sul"
4110201,"Inácio Martins",41029,"Guarapuava",4108,"Centro-Sul Paranaense",410004,"Guarapuava",4102,"Guarapuava",41,"Paraná","PR",4,"Sul"
4110300,"Inajá",41001,"Paranavaí",4101,"Noroeste Paranaense",410019,"Paranacity - Colorado",4104,"Maringá",41,"Paraná","PR",4,"Sul"
4110409,"Indianópolis",41003,"Cianorte",4101,"Noroeste Paranaense",410018,"Cianorte",4104,"Maringá",41,"Paraná","PR",4,"Sul"
4110508,"Ipiranga",41031,"Prudentópolis",4109,"Sudeste Paranaense",410027,"Ponta Grossa",4106,"Ponta Grossa",41,"Paraná","PR",4,"Sul"
4110607,"Iporã",41002,"Umuarama",4101,"Noroeste Paranaense",410016,"Umuarama",4104,"Maringá",41,"Paraná","PR",4,"Sul"
4110656,"Iracema do Oeste",41022,"Toledo",4106,"Oeste Paranaense",410008,"Toledo",4103,"Cascavel",41,"Paraná","PR",4,"Sul"
4110706,"Irati",41032,"Irati",4109,"Sudeste Paranaense",410029,"Irati",4106,"Ponta Grossa",41,"Paraná","PR",4,"Sul"
4110805,"Iretama",41005,"Campo Mourão",4102,"Centro Ocidental Paranaense",410015,"Campo Mourão",4104,"Maringá",41,"Paraná","PR",4,"Sul"
4110904,"Itaguajé",41006,"Astorga",4103,"Norte Central Paranaense",410019,"Paranacity - Colorado",4104,"Maringá",41,"Paraná","PR",4,"Sul"
4110953,"Itaipulândia",41024,"Foz do Iguaçu",4106,"Oeste Paranaense",410007,"Foz do Iguaçu",4103,"Cascavel",41,"Paraná","PR",4,"Sul"
4111001,"Itambaracá",41015,"Cornélio Procópio",4104,"Norte Pioneiro Paranaense",410024,"Cornélio Procópio ¿ Bandeirantes",4105,"Londrina",41,"Paraná","PR",4,"Sul"
4111100,"Itambé",41008,"Floraí",4103,"Norte Central Paranaense",410014,"Maringá",4104,"Maringá",41,"Paraná","PR",4,"Sul"
4111209,"Itapejara d'Oeste",41027,"Pato Branco",4107,"Sudoeste Paranaense",410010,"Pato Branco",4103,"Cascavel",41,"Paraná","PR",4,"Sul"
4111258,"Itaperuçu",41037,"Curitiba",4110,"Metropolitana de Curitiba",410001,"Curitiba",4101,"Curitiba",41,"Paraná","PR",4,"Sul"
4111308,"Itaúna do Sul",41001,"Paranavaí",4101,"Noroeste Paranaense",410017,"Paranavaí",4104,"Maringá",41,"Paraná","PR",4,"Sul"
4111407,"Ivaí",41031,"Prudentópolis",4109,"Sudeste Paranaense",410027,"Ponta Grossa",4106,"Ponta Grossa",41,"Paraná","PR",4,"Sul"
4111506,"Ivaiporã",41013,"Ivaiporã",4103,"Norte Central Paranaense",410025,"Ivaiporã",4105,"Londrina",41,"Paraná","PR",4,"Sul"
4111555,"Ivaté",41002,"Umuarama",4101,"Noroeste Paranaense",410016,"Umuarama",4104,"Maringá",41,"Paraná","PR",4,"Sul"
4111605,"Ivatuba",41008,"Floraí",4103,"Norte Central Paranaense",410014,"Maringá",4104,"Maringá",41,"Paraná","PR",4,"Sul"
4111704,"Jaboti",41017,"Ibaiti",4104,"Norte Pioneiro Paranaense",410026,"Ibaiti",4105,"Londrina",41,"Paraná","PR",4,"Sul"
4111803,"Jacarezinho",41016,"Jacarezinho",4104,"Norte Pioneiro Paranaense",410022,"Santo Antônio da Platina",4105,"Londrina",41,"Paraná","PR",4,"Sul"
4111902,"Jaguapitã",41006,"Astorga",4103,"Norte Central Paranaense",410021,"Londrina",4105,"Londrina",41,"Paraná","PR",4,"Sul"
4112009,"Jaguariaíva",41020,"Jaguariaíva",4105,"Centro Oriental Paranaense",410027,"Ponta Grossa",4106,"Ponta Grossa",41,"Paraná","PR",4,"Sul"
4112108,"Jandaia do Sul",41010,"Apucarana",4103,"Norte Central Paranaense",410023,"Apucarana",4105,"Londrina",41,"Paraná","PR",4,"Sul"
4112207,"Janiópolis",41004,"Goioerê",4102,"Centro Ocidental Paranaense",410015,"Campo Mourão",4104,"Maringá",41,"Paraná","PR",4,"Sul"
4112306,"Japira",41017,"Ibaiti",4104,"Norte Pioneiro Paranaense",410026,"Ibaiti",4105,"Londrina",41,"Paraná","PR",4,"Sul"
4112405,"Japurá",41003,"Cianorte",4101,"Noroeste Paranaense",410018,"Cianorte",4104,"Maringá",41,"Paraná","PR",4,"Sul"
4112504,"Jardim Alegre",41013,"Ivaiporã",4103,"Norte Central Paranaense",410025,"Ivaiporã",4105,"Londrina",41,"Paraná","PR",4,"Sul"
4112603,"Jardim Olinda",41001,"Paranavaí",4101,"Noroeste Paranaense",410019,"Paranacity - Colorado",4104,"Maringá",41,"Paraná","PR",4,"Sul"
4112702,"Jataizinho",41014,"Assaí",4104,"Norte Pioneiro Paranaense",410021,"Londrina",4105,"Londrina",41,"Paraná","PR",4,"Sul"
4112751,"Jesuítas",41022,"Toledo",4106,"Oeste Paranaense",410008,"Toledo",4103,"Cascavel",41,"Paraná","PR",4,"Sul"
4112801,"Joaquim Távora",41018,"Wenceslau Braz",4104,"Norte Pioneiro Paranaense",410022,"Santo Antônio da Platina",4105,"Londrina",41,"Paraná","PR",4,"Sul"
4112900,"Jundiaí do Sul",41016,"Jacarezinho",4104,"Norte Pioneiro Paranaense",410022,"Santo Antônio da Platina",4105,"Londrina",41,"Paraná","PR",4,"Sul"
4112959,"Juranda",41004,"Goioerê",4102,"Centro Ocidental Paranaense",410015,"Campo Mourão",4104,"Maringá",41,"Paraná","PR",4,"Sul"
4113007,"Jussara",41003,"Cianorte",4101,"Noroeste Paranaense",410018,"Cianorte",4104,"Maringá",41,"Paraná","PR",4,"Sul"
4113106,"Kaloré",41012,"Faxinal",4103,"Norte Central Paranaense",410023,"Apucarana",4105,"Londrina",41,"Paraná","PR",4,"Sul"
4113205,"Lapa",41036,"Lapa",4110,"Metropolitana de Curitiba",410001,"Curitiba",4101,"Curitiba",41,"Paraná","PR",4,"Sul"
4113254,"Laranjal",41028,"Pitanga",4108,"Centro-Sul Paranaense",410005,"Pitanga",4102,"Guarapuava",41,"Paraná","PR",4,"Sul"
4113304,"Laranjeiras do Sul",41029,"Guarapuava",4108,"Centro-Sul Paranaense",410011,"Laranjeiras do Sul - Quedas do Iguaçu",4103,"Cascavel",41,"Paraná","PR",4,"Sul"
4113403,"Leópolis",41015,"Cornélio Procópio",4104,"Norte Pioneiro Paranaense",410024,"Cornélio Procópio ¿ Bandeirantes",4105,"Londrina",41,"Paraná","PR",4,"Sul"
4113429,"Lidianópolis",41013,"Ivaiporã",4103,"Norte Central Paranaense",410025,"Ivaiporã",4105,"Londrina",41,"Paraná","PR",4,"Sul"
4113452,"Lindoeste",41023,"Cascavel",4106,"Oeste Paranaense",410006,"Cascavel",4103,"Cascavel",41,"Paraná","PR",4,"Sul"
4113502,"Loanda",41001,"Paranavaí",4101,"Noroeste Paranaense",410020,"Loanda",4104,"Maringá",41,"Paraná","PR",4,"Sul"
4113601,"Lobato",41006,"Astorga",4103,"Norte Central Paranaense",410019,"Paranacity - Colorado",4104,"Maringá",41,"Paraná","PR",4,"Sul"
4113700,"Londrina",41011,"Londrina",4103,"Norte Central Paranaense",410021,"Londrina",4105,"Londrina",41,"Paraná","PR",4,"Sul"
4113734,"Luiziana",41005,"Campo Mourão",4102,"Centro Ocidental Paranaense",410015,"Campo Mourão",4104,"Maringá",41,"Paraná","PR",4,"Sul"
4113759,"Lunardelli",41013,"Ivaiporã",4103,"Norte Central Paranaense",410025,"Ivaiporã",4105,"Londrina",41,"Paraná","PR",4,"Sul"
4113809,"Lupionópolis",41006,"Astorga",4103,"Norte Central Paranaense",410021,"Londrina",4105,"Londrina",41,"Paraná","PR",4,"Sul"
4113908,"Mallet",41032,"Irati",4109,"Sudeste Paranaense",410029,"Irati",4106,"Ponta Grossa",41,"Paraná","PR",4,"Sul"
4114005,"Mamborê",41005,"Campo Mourão",4102,"Centro Ocidental Paranaense",410015,"Campo Mourão",4104,"Maringá",41,"Paraná","PR",4,"Sul"
4114104,"Mandaguaçu",41006,"Astorga",4103,"Norte Central Paranaense",410014,"Maringá",4104,"Maringá",41,"Paraná","PR",4,"Sul"
4114203,"Mandaguari",41009,"Maringá",4103,"Norte Central Paranaense",410014,"Maringá",4104,"Maringá",41,"Paraná","PR",4,"Sul"
4114302,"Mandirituba",41037,"Curitiba",4110,"Metropolitana de Curitiba",410001,"Curitiba",4101,"Curitiba",41,"Paraná","PR",4,"Sul"
4114351,"Manfrinópolis",41026,"Francisco Beltrão",4107,"Sudoeste Paranaense",410009,"Francisco Beltrão",4103,"Cascavel",41,"Paraná","PR",4,"Sul"
4114401,"Mangueirinha",41030,"Palmas",4108,"Centro-Sul Paranaense",410010,"Pato Branco",4103,"Cascavel",41,"Paraná","PR",4,"Sul"
4114500,"Manoel Ribas",41013,"Ivaiporã",4103,"Norte Central Paranaense",410025,"Ivaiporã",4105,"Londrina",41,"Paraná","PR",4,"Sul"
4114609,"Marechal Cândido Rondon",41022,"Toledo",4106,"Oeste Paranaense",410013,"Marechal Cândido Rondon",4103,"Cascavel",41,"Paraná","PR",4,"Sul"
4114708,"Maria Helena",41002,"Umuarama",4101,"Noroeste Paranaense",410016,"Umuarama",4104,"Maringá",41,"Paraná","PR",4,"Sul"
4114807,"Marialva",41009,"Maringá",4103,"Norte Central Paranaense",410014,"Maringá",4104,"Maringá",41,"Paraná","PR",4,"Sul"
4114906,"Marilândia do Sul",41010,"Apucarana",4103,"Norte Central Paranaense",410023,"Apucarana",4105,"Londrina",41,"Paraná","PR",4,"Sul"
4115002,"Marilena",41001,"Paranavaí",4101,"Noroeste Paranaense",410017,"Paranavaí",4104,"Maringá",41,"Paraná","PR",4,"Sul"
4115101,"Mariluz",41002,"Umuarama",4101,"Noroeste Paranaense",410016,"Umuarama",4104,"Maringá",41,"Paraná","PR",4,"Sul"
4115200,"Maringá",41009,"Maringá",4103,"Norte Central Paranaense",410014,"Maringá",4104,"Maringá",41,"Paraná","PR",4,"Sul"
4115309,"Mariópolis",41027,"Pato Branco",4107,"Sudoeste Paranaense",410010,"Pato Branco",4103,"Cascavel",41,"Paraná","PR",4,"Sul"
4115358,"Maripá",41022,"Toledo",4106,"Oeste Paranaense",410008,"Toledo",4103,"Cascavel",41,"Paraná","PR",4,"Sul"
4115408,"Marmeleiro",41026,"Francisco Beltrão",4107,"Sudoeste Paranaense",410009,"Francisco Beltrão",4103,"Cascavel",41,"Paraná","PR",4,"Sul"
4115457,"Marquinho",41029,"Guarapuava",4108,"Centro-Sul Paranaense",410011,"Laranjeiras do Sul - Quedas do Iguaçu",4103,"Cascavel",41,"Paraná","PR",4,"Sul"
4115507,"Marumbi",41012,"Faxinal",4103,"Norte Central Paranaense",410023,"Apucarana",4105,"Londrina",41,"Paraná","PR",4,"Sul"
4115606,"Matelândia",41024,"Foz do Iguaçu",4106,"Oeste Paranaense",410006,"Cascavel",4103,"Cascavel",41,"Paraná","PR",4,"Sul"
4115705,"Matinhos",41038,"Paranaguá",4110,"Metropolitana de Curitiba",410002,"Paranaguá",4101,"Curitiba",41,"Paraná","PR",4,"Sul"
4115739,"Mato Rico",41028,"Pitanga",4108,"Centro-Sul Paranaense",410005,"Pitanga",4102,"Guarapuava",41,"Paraná","PR",4,"Sul"
4115754,"Mauá da Serra",41010,"Apucarana",4103,"Norte Central Paranaense",410023,"Apucarana",4105,"Londrina",41,"Paraná","PR",4,"Sul"
4115804,"Medianeira",41024,"Foz do Iguaçu",4106,"Oeste Paranaense",410007,"Foz do Iguaçu",4103,"Cascavel",41,"Paraná","PR",4,"Sul"
4115853,"Mercedes",41022,"Toledo",4106,"Oeste Paranaense",410013,"Marechal Cândido Rondon",4103,"Cascavel",41,"Paraná","PR",4,"Sul"
4115903,"Mirador",41001,"Paranavaí",4101,"Noroeste Paranaense",410017,"Paranavaí",4104,"Maringá",41,"Paraná","PR",4,"Sul"
4116000,"Miraselva",41007,"Porecatu",4103,"Norte Central Paranaense",410021,"Londrina",4105,"Londrina",41,"Paraná","PR",4,"Sul"
4116059,"Missal",41024,"Foz do Iguaçu",4106,"Oeste Paranaense",410007,"Foz do Iguaçu",4103,"Cascavel",41,"Paraná","PR",4,"Sul"
4116109,"Moreira Sales",41004,"Goioerê",4102,"Centro Ocidental Paranaense",410015,"Campo Mourão",4104,"Maringá",41,"Paraná","PR",4,"Sul"
4116208,"Morretes",41038,"Paranaguá",4110,"Metropolitana de Curitiba",410002,"Paranaguá",4101,"Curitiba",41,"Paraná","PR",4,"Sul"
4116307,"Munhoz de Melo",41006,"Astorga",4103,"Norte Central Paranaense",410014,"Maringá",4104,"Maringá",41,"Paraná","PR",4,"Sul"
4116406,"Nossa Senhora das Graças",41006,"Astorga",4103,"Norte Central Paranaense",410019,"Paranacity - Colorado",4104,"Maringá",41,"Paraná","PR",4,"Sul"
4116505,"Nova Aliança do Ivaí",41001,"Paranavaí",4101,"Noroeste Paranaense",410017,"Paranavaí",4104,"Maringá",41,"Paraná","PR",4,"Sul"
4116604,"Nova América da Colina",41015,"Cornélio Procópio",4104,"Norte Pioneiro Paranaense",410024,"Cornélio Procópio ¿ Bandeirantes",4105,"Londrina",41,"Paraná","PR",4,"Sul"
4116703,"Nova Aurora",41023,"Cascavel",4106,"Oeste Paranaense",410006,"Cascavel",4103,"Cascavel",41,"Paraná","PR",4,"Sul"
4116802,"Nova Cantu",41004,"Goioerê",4102,"Centro Ocidental Paranaense",410015,"Campo Mourão",4104,"Maringá",41,"Paraná","PR",4,"Sul"
4116901,"Nova Esperança",41006,"Astorga",4103,"Norte Central Paranaense",410014,"Maringá",4104,"Maringá",41,"Paraná","PR",4,"Sul"
4116950,"Nova Esperança do Sudoeste",41026,"Francisco Beltrão",4107,"Sudoeste Paranaense",410009,"Francisco Beltrão",4103,"Cascavel",41,"Paraná","PR",4,"Sul"
4117008,"Nova Fátima",41015,"Cornélio Procópio",4104,"Norte Pioneiro Paranaense",410024,"Cornélio Procópio ¿ Bandeirantes",4105,"Londrina",41,"Paraná","PR",4,"Sul"
4117057,"Nova Laranjeiras",41029,"Guarapuava",4108,"Centro-Sul Paranaense",410011,"Laranjeiras do Sul - Quedas do Iguaçu",4103,"Cascavel",41,"Paraná","PR",4,"Sul"
4117107,"Nova Londrina",41001,"Paranavaí",4101,"Noroeste Paranaense",410017,"Paranavaí",4104,"Maringá",41,"Paraná","PR",4,"Sul"
4117206,"Nova Olímpia",41002,"Umuarama",4101,"Noroeste Paranaense",410016,"Umuarama",4104,"Maringá",41,"Paraná","PR",4,"Sul"
4117214,"Nova Santa Bárbara",41014,"Assaí",4104,"Norte Pioneiro Paranaense",410024,"Cornélio Procópio ¿ Bandeirantes",4105,"Londrina",41,"Paraná","PR",4,"Sul"
4117222,"Nova Santa Rosa",41022,"Toledo",4106,"Oeste Paranaense",410013,"Marechal Cândido Rondon",4103,"Cascavel",41,"Paraná","PR",4,"Sul"
4117255,"Nova Prata do Iguaçu",41026,"Francisco Beltrão",4107,"Sudoeste Paranaense",410012,"Dois Vizinhos",4103,"Cascavel",41,"Paraná","PR",4,"Sul"
4117271,"Nova Tebas",41013,"Ivaiporã",4103,"Norte Central Paranaense",410005,"Pitanga",4102,"Guarapuava",41,"Paraná","PR",4,"Sul"
4117297,"Novo Itacolomi",41010,"Apucarana",4103,"Norte Central Paranaense",410023,"Apucarana",4105,"Londrina",41,"Paraná","PR",4,"Sul"
4117305,"Ortigueira",41019,"Telêmaco Borba",4105,"Centro Oriental Paranaense",410028,"Telêmaco Borba",4106,"Ponta Grossa",41,"Paraná","PR",4,"Sul"
4117404,"Ourizona",41008,"Floraí",4103,"Norte Central Paranaense",410014,"Maringá",4104,"Maringá",41,"Paraná","PR",4,"Sul"
4117453,"Ouro Verde do Oeste",41022,"Toledo",4106,"Oeste Paranaense",410008,"Toledo",4103,"Cascavel",41,"Paraná","PR",4,"Sul"
4117503,"Paiçandu",41009,"Maringá",4103,"Norte Central Paranaense",410014,"Maringá",4104,"Maringá",41,"Paraná","PR",4,"Sul"
4117602,"Palmas",41030,"Palmas",4108,"Centro-Sul Paranaense",410010,"Pato Branco",4103,"Cascavel",41,"Paraná","PR",4,"Sul"
4117701,"Palmeira",41021,"Ponta Grossa",4105,"Centro Oriental Paranaense",410027,"Ponta Grossa",4106,"Ponta Grossa",41,"Paraná","PR",4,"Sul"
4117800,"Palmital",41028,"Pitanga",4108,"Centro-Sul Paranaense",410005,"Pitanga",4102,"Guarapuava",41,"Paraná","PR",4,"Sul"
4117909,"Palotina",41022,"Toledo",4106,"Oeste Paranaense",410008,"Toledo",4103,"Cascavel",41,"Paraná","PR",4,"Sul"
4118006,"Paraíso do Norte",41001,"Paranavaí",4101,"Noroeste Paranaense",410017,"Paranavaí",4104,"Maringá",41,"Paraná","PR",4,"Sul"
4118105,"Paranacity",41001,"Paranavaí",4101,"Noroeste Paranaense",410019,"Paranacity - Colorado",4104,"Maringá",41,"Paraná","PR",4,"Sul"
4118204,"Paranaguá",41038,"Paranaguá",4110,"Metropolitana de Curitiba",410002,"Paranaguá",4101,"Curitiba",41,"Paraná","PR",4,"Sul"
4118303,"Paranapoema",41001,"Paranavaí",4101,"Noroeste Paranaense",410019,"Paranacity - Colorado",4104,"Maringá",41,"Paraná","PR",4,"Sul"
4118402,"Paranavaí",41001,"Paranavaí",4101,"Noroeste Paranaense",410017,"Paranavaí",4104,"Maringá",41,"Paraná","PR",4,"Sul"
4118451,"Pato Bragado",41022,"Toledo",4106,"Oeste Paranaense",410013,"Marechal Cândido Rondon",4103,"Cascavel",41,"Paraná","PR",4,"Sul"
4118501,"Pato Branco",41027,"Pato Branco",4107,"Sudoeste Paranaense",410010,"Pato Branco",4103,"Cascavel",41,"Paraná","PR",4,"Sul"
4118600,"Paula Freitas",41033,"União da Vitória",4109,"Sudeste Paranaense",410003,"União da Vitória",4101,"Curitiba",41,"Paraná","PR",4,"Sul"
4118709,"Paulo Frontin",41033,"União da Vitória",4109,"Sudeste Paranaense",410003,"União da Vitória",4101,"Curitiba",41,"Paraná","PR",4,"Sul"
4118808,"Peabiru",41005,"Campo Mourão",4102,"Centro Ocidental Paranaense",410015,"Campo Mourão",4104,"Maringá",41,"Paraná","PR",4,"Sul"
4118857,"Perobal",41002,"Umuarama",4101,"Noroeste Paranaense",410016,"Umuarama",4104,"Maringá",41,"Paraná","PR",4,"Sul"
4118907,"Pérola",41002,"Umuarama",4101,"Noroeste Paranaense",410016,"Umuarama",4104,"Maringá",41,"Paraná","PR",4,"Sul"
4119004,"Pérola d'Oeste",41025,"Capanema",4107,"Sudoeste Paranaense",410009,"Francisco Beltrão",4103,"Cascavel",41,"Paraná","PR",4,"Sul"
4119103,"Piên",41039,"Rio Negro",4110,"Metropolitana de Curitiba",410001,"Curitiba",4101,"Curitiba",41,"Paraná","PR",4,"Sul"
4119152,"Pinhais",41037,"Curitiba",4110,"Metropolitana de Curitiba",410001,"Curitiba",4101,"Curitiba",41,"Paraná","PR",4,"Sul"
4119202,"Pinhalão",41017,"Ibaiti",4104,"Norte Pioneiro Paranaense",410026,"Ibaiti",4105,"Londrina",41,"Paraná","PR",4,"Sul"
4119251,"Pinhal de São Bento",41026,"Francisco Beltrão",4107,"Sudoeste Paranaense",410009,"Francisco Beltrão",4103,"Cascavel",41,"Paraná","PR",4,"Sul"
4119301,"Pinhão",41029,"Guarapuava",4108,"Centro-Sul Paranaense",410004,"Guarapuava",4102,"Guarapuava",41,"Paraná","PR",4,"Sul"
4119400,"Piraí do Sul",41020,"Jaguariaíva",4105,"Centro Oriental Paranaense",410027,"Ponta Grossa",4106,"Ponta Grossa",41,"Paraná","PR",4,"Sul"
4119509,"Piraquara",41037,"Curitiba",4110,"Metropolitana de Curitiba",410001,"Curitiba",4101,"Curitiba",41,"Paraná","PR",4,"Sul"
4119608,"Pitanga",41028,"Pitanga",4108,"Centro-Sul Paranaense",410005,"Pitanga",4102,"Guarapuava",41,"Paraná","PR",4,"Sul"
4119657,"Pitangueiras",41011,"Londrina",4103,"Norte Central Paranaense",410021,"Londrina",4105,"Londrina",41,"Paraná","PR",4,"Sul"
4119707,"Planaltina do Paraná",41001,"Paranavaí",4101,"Noroeste Paranaense",410017,"Paranavaí",4104,"Maringá",41,"Paraná","PR",4,"Sul"
4119806,"Planalto",41025,"Capanema",4107,"Sudoeste Paranaense",410009,"Francisco Beltrão",4103,"Cascavel",41,"Paraná","PR",4,"Sul"
4119905,"Ponta Grossa",41021,"Ponta Grossa",4105,"Centro Oriental Paranaense",410027,"Ponta Grossa",4106,"Ponta Grossa",41,"Paraná","PR",4,"Sul"
4119954,"Pontal do Paraná",41038,"Paranaguá",4110,"Metropolitana de Curitiba",410002,"Paranaguá",4101,"Curitiba",41,"Paraná","PR",4,"Sul"
4120002,"Porecatu",41007,"Porecatu",4103,"Norte Central Paranaense",410021,"Londrina",4105,"Londrina",41,"Paraná","PR",4,"Sul"
4120101,"Porto Amazonas",41036,"Lapa",4110,"Metropolitana de Curitiba",410027,"Ponta Grossa",4106,"Ponta Grossa",41,"Paraná","PR",4,"Sul"
4120150,"Porto Barreiro",41029,"Guarapuava",4108,"Centro-Sul Paranaense",410011,"Laranjeiras do Sul - Quedas do Iguaçu",4103,"Cascavel",41,"Paraná","PR",4,"Sul"
4120200,"Porto Rico",41001,"Paranavaí",4101,"Noroeste Paranaense",410020,"Loanda",4104,"Maringá",41,"Paraná","PR",4,"Sul"
4120309,"Porto Vitória",41033,"União da Vitória",4109,"Sudeste Paranaense",410003,"União da Vitória",4101,"Curitiba",41,"Paraná","PR",4,"Sul"
4120333,"Prado Ferreira",41007,"Porecatu",4103,"Norte Central Paranaense",410021,"Londrina",4105,"Londrina",41,"Paraná","PR",4,"Sul"
4120358,"Pranchita",41025,"Capanema",4107,"Sudoeste Paranaense",410009,"Francisco Beltrão",4103,"Cascavel",41,"Paraná","PR",4,"Sul"
4120408,"Presidente Castelo Branco",41006,"Astorga",4103,"Norte Central Paranaense",410014,"Maringá",4104,"Maringá",41,"Paraná","PR",4,"Sul"
4120507,"Primeiro de Maio",41007,"Porecatu",4103,"Norte Central Paranaense",410021,"Londrina",4105,"Londrina",41,"Paraná","PR",4,"Sul"
4120606,"Prudentópolis",41031,"Prudentópolis",4109,"Sudeste Paranaense",410004,"Guarapuava",4102,"Guarapuava",41,"Paraná","PR",4,"Sul"
4120655,"Quarto Centenário",41004,"Goioerê",4102,"Centro Ocidental Paranaense",410015,"Campo Mourão",4104,"Maringá",41,"Paraná","PR",4,"Sul"
4120705,"Quatiguá",41018,"Wenceslau Braz",4104,"Norte Pioneiro Paranaense",410022,"Santo Antônio da Platina",4105,"Londrina",41,"Paraná","PR",4,"Sul"
4120804,"Quatro Barras",41037,"Curitiba",4110,"Metropolitana de Curitiba",410001,"Curitiba",4101,"Curitiba",41,"Paraná","PR",4,"Sul"
4120853,"Quatro Pontes",41022,"Toledo",4106,"Oeste Paranaense",410013,"Marechal Cândido Rondon",4103,"Cascavel",41,"Paraná","PR",4,"Sul"
4120903,"Quedas do Iguaçu",41029,"Guarapuava",4108,"Centro-Sul Paranaense",410011,"Laranjeiras do Sul - Quedas do Iguaçu",4103,"Cascavel",41,"Paraná","PR",4,"Sul"
4121000,"Querência do Norte",41001,"Paranavaí",4101,"Noroeste Paranaense",410020,"Loanda",4104,"Maringá",41,"Paraná","PR",4,"Sul"
4121109,"Quinta do Sol",41005,"Campo Mourão",4102,"Centro Ocidental Paranaense",410015,"Campo Mourão",4104,"Maringá",41,"Paraná","PR",4,"Sul"
4121208,"Quitandinha",41039,"Rio Negro",4110,"Metropolitana de Curitiba",410001,"Curitiba",4101,"Curitiba",41,"Paraná","PR",4,"Sul"
4121257,"Ramilândia",41024,"Foz do Iguaçu",4106,"Oeste Paranaense",410006,"Cascavel",4103,"Cascavel",41,"Paraná","PR",4,"Sul"
4121307,"Rancho Alegre",41014,"Assaí",4104,"Norte Pioneiro Paranaense",410024,"Cornélio Procópio ¿ Bandeirantes",4105,"Londrina",41,"Paraná","PR",4,"Sul"
4121356,"Rancho Alegre D'Oeste",41004,"Goioerê",4102,"Centro Ocidental Paranaense",410015,"Campo Mourão",4104,"Maringá",41,"Paraná","PR",4,"Sul"
4121406,"Realeza",41025,"Capanema",4107,"Sudoeste Paranaense",410009,"Francisco Beltrão",4103,"Cascavel",41,"Paraná","PR",4,"Sul"
4121505,"Rebouças",41032,"Irati",4109,"Sudeste Paranaense",410029,"Irati",4106,"Ponta Grossa",41,"Paraná","PR",4,"Sul"
4121604,"Renascença",41026,"Francisco Beltrão",4107,"Sudoeste Paranaense",410009,"Francisco Beltrão",4103,"Cascavel",41,"Paraná","PR",4,"Sul"
4121703,"Reserva",41019,"Telêmaco Borba",4105,"Centro Oriental Paranaense",410028,"Telêmaco Borba",4106,"Ponta Grossa",41,"Paraná","PR",4,"Sul"
4121752,"Reserva do Iguaçu",41029,"Guarapuava",4108,"Centro-Sul Paranaense",410004,"Guarapuava",4102,"Guarapuava",41,"Paraná","PR",4,"Sul"
4121802,"Ribeirão Claro",41016,"Jacarezinho",4104,"Norte Pioneiro Paranaense",410022,"Santo Antônio da Platina",4105,"Londrina",41,"Paraná","PR",4,"Sul"
4121901,"Ribeirão do Pinhal",41015,"Cornélio Procópio",4104,"Norte Pioneiro Paranaense",410022,"Santo Antônio da Platina",4105,"Londrina",41,"Paraná","PR",4,"Sul"
4122008,"Rio Azul",41032,"Irati",4109,"Sudeste Paranaense",410029,"Irati",4106,"Ponta Grossa",41,"Paraná","PR",4,"Sul"
4122107,"Rio Bom",41012,"Faxinal",4103,"Norte Central Paranaense",410023,"Apucarana",4105,"Londrina",41,"Paraná","PR",4,"Sul"
4122156,"Rio Bonito do Iguaçu",41029,"Guarapuava",4108,"Centro-Sul Paranaense",410011,"Laranjeiras do Sul - Quedas do Iguaçu",4103,"Cascavel",41,"Paraná","PR",4,"Sul"
4122172,"Rio Branco do Ivaí",41013,"Ivaiporã",4103,"Norte Central Paranaense",410025,"Ivaiporã",4105,"Londrina",41,"Paraná","PR",4,"Sul"
4122206,"Rio Branco do Sul",41037,"Curitiba",4110,"Metropolitana de Curitiba",410001,"Curitiba",4101,"Curitiba",41,"Paraná","PR",4,"Sul"
4122305,"Rio Negro",41039,"Rio Negro",4110,"Metropolitana de Curitiba",410001,"Curitiba",4101,"Curitiba",41,"Paraná","PR",4,"Sul"
4122404,"Rolândia",41011,"Londrina",4103,"Norte Central Paranaense",410021,"Londrina",4105,"Londrina",41,"Paraná","PR",4,"Sul"
4122503,"Roncador",41005,"Campo Mourão",4102,"Centro Ocidental Paranaense",410015,"Campo Mourão",4104,"Maringá",41,"Paraná","PR",4,"Sul"
4122602,"Rondon",41003,"Cianorte",4101,"Noroeste Paranaense",410018,"Cianorte",4104,"Maringá",41,"Paraná","PR",4,"Sul"
4122651,"Rosário do Ivaí",41013,"Ivaiporã",4103,"Norte Central Paranaense",410025,"Ivaiporã",4105,"Londrina",41,"Paraná","PR",4,"Sul"
4122701,"Sabáudia",41010,"Apucarana",4103,"Norte Central Paranaense",410021,"Londrina",4105,"Londrina",41,"Paraná","PR",4,"Sul"
4122800,"Salgado Filho",41026,"Francisco Beltrão",4107,"Sudoeste Paranaense",410009,"Francisco Beltrão",4103,"Cascavel",41,"Paraná","PR",4,"Sul"
4122909,"Salto do Itararé",41018,"Wenceslau Braz",4104,"Norte Pioneiro Paranaense",410022,"Santo Antônio da Platina",4105,"Londrina",41,"Paraná","PR",4,"Sul"
4123006,"Salto do Lontra",41026,"Francisco Beltrão",4107,"Sudoeste Paranaense",410012,"Dois Vizinhos",4103,"Cascavel",41,"Paraná","PR",4,"Sul"
4123105,"Santa Amélia",41015,"Cornélio Procópio",4104,"Norte Pioneiro Paranaense",410024,"Cornélio Procópio ¿ Bandeirantes",4105,"Londrina",41,"Paraná","PR",4,"Sul"
4123204,"Santa Cecília do Pavão",41014,"Assaí",4104,"Norte Pioneiro Paranaense",410024,"Cornélio Procópio ¿ Bandeirantes",4105,"Londrina",41,"Paraná","PR",4,"Sul"
4123303,"Santa Cruz de Monte Castelo",41001,"Paranavaí",4101,"Noroeste Paranaense",410020,"Loanda",4104,"Maringá",41,"Paraná","PR",4,"Sul"
4123402,"Santa Fé",41006,"Astorga",4103,"Norte Central Paranaense",410014,"Maringá",4104,"Maringá",41,"Paraná","PR",4,"Sul"
4123501,"Santa Helena",41022,"Toledo",4106,"Oeste Paranaense",410008,"Toledo",4103,"Cascavel",41,"Paraná","PR",4,"Sul"
4123600,"Santa Inês",41006,"Astorga",4103,"Norte Central Paranaense",410019,"Paranacity - Colorado",4104,"Maringá",41,"Paraná","PR",4,"Sul"
4123709,"Santa Isabel do Ivaí",41001,"Paranavaí",4101,"Noroeste Paranaense",410020,"Loanda",4104,"Maringá",41,"Paraná","PR",4,"Sul"
4123808,"Santa Izabel do Oeste",41025,"Capanema",4107,"Sudoeste Paranaense",410009,"Francisco Beltrão",4103,"Cascavel",41,"Paraná","PR",4,"Sul"
4123824,"Santa Lúcia",41023,"Cascavel",4106,"Oeste Paranaense",410006,"Cascavel",4103,"Cascavel",41,"Paraná","PR",4,"Sul"
4123857,"Santa Maria do Oeste",41028,"Pitanga",4108,"Centro-Sul Paranaense",410005,"Pitanga",4102,"Guarapuava",41,"Paraná","PR",4,"Sul"
4123907,"Santa Mariana",41015,"Cornélio Procópio",4104,"Norte Pioneiro Paranaense",410024,"Cornélio Procópio ¿ Bandeirantes",4105,"Londrina",41,"Paraná","PR",4,"Sul"
4123956,"Santa Mônica",41001,"Paranavaí",4101,"Noroeste Paranaense",410020,"Loanda",4104,"Maringá",41,"Paraná","PR",4,"Sul"
4124004,"Santana do Itararé",41018,"Wenceslau Braz",4104,"Norte Pioneiro Paranaense",410022,"Santo Antônio da Platina",4105,"Londrina",41,"Paraná","PR",4,"Sul"
4124020,"Santa Tereza do Oeste",41023,"Cascavel",4106,"Oeste Paranaense",410006,"Cascavel",4103,"Cascavel",41,"Paraná","PR",4,"Sul"
4124053,"Santa Terezinha de Itaipu",41024,"Foz do Iguaçu",4106,"Oeste Paranaense",410007,"Foz do Iguaçu",4103,"Cascavel",41,"Paraná","PR",4,"Sul"
4124103,"Santo Antônio da Platina",41016,"Jacarezinho",4104,"Norte Pioneiro Paranaense",410022,"Santo Antônio da Platina",4105,"Londrina",41,"Paraná","PR",4,"Sul"
4124202,"Santo Antônio do Caiuá",41001,"Paranavaí",4101,"Noroeste Paranaense",410017,"Paranavaí",4104,"Maringá",41,"Paraná","PR",4,"Sul"
4124301,"Santo Antônio do Paraíso",41015,"Cornélio Procópio",4104,"Norte Pioneiro Paranaense",410024,"Cornélio Procópio ¿ Bandeirantes",4105,"Londrina",41,"Paraná","PR",4,"Sul"
4124400,"Santo Antônio do Sudoeste",41026,"Francisco Beltrão",4107,"Sudoeste Paranaense",410009,"Francisco Beltrão",4103,"Cascavel",41,"Paraná","PR",4,"Sul"
4124509,"Santo Inácio",41006,"Astorga",4103,"Norte Central Paranaense",410019,"Paranacity - Colorado",4104,"Maringá",41,"Paraná","PR",4,"Sul"
4124608,"São Carlos do Ivaí",41001,"Paranavaí",4101,"Noroeste Paranaense",410017,"Paranavaí",4104,"Maringá",41,"Paraná","PR",4,"Sul"
4124707,"São Jerônimo da Serra",41014,"Assaí",4104,"Norte Pioneiro Paranaense",410024,"Cornélio Procópio ¿ Bandeirantes",4105,"Londrina",41,"Paraná","PR",4,"Sul"
4124806,"São João",41027,"Pato Branco",4107,"Sudoeste Paranaense",410010,"Pato Branco",4103,"Cascavel",41,"Paraná","PR",4,"Sul"
4124905,"São João do Caiuá",41001,"Paranavaí",4101,"Noroeste Paranaense",410017,"Paranavaí",4104,"Maringá",41,"Paraná","PR",4,"Sul"
4125001,"São João do Ivaí",41013,"Ivaiporã",4103,"Norte Central Paranaense",410025,"Ivaiporã",4105,"Londrina",41,"Paraná","PR",4,"Sul"
4125100,"São João do Triunfo",41034,"São Mateus do Sul",4109,"Sudeste Paranaense",410027,"Ponta Grossa",4106,"Ponta Grossa",41,"Paraná","PR",4,"Sul"
4125209,"São Jorge d'Oeste",41026,"Francisco Beltrão",4107,"Sudoeste Paranaense",410012,"Dois Vizinhos",4103,"Cascavel",41,"Paraná","PR",4,"Sul"
4125308,"São Jorge do Ivaí",41008,"Floraí",4103,"Norte Central Paranaense",410014,"Maringá",4104,"Maringá",41,"Paraná","PR",4,"Sul"
4125357,"São Jorge do Patrocínio",41002,"Umuarama",4101,"Noroeste Paranaense",410016,"Umuarama",4104,"Maringá",41,"Paraná","PR",4,"Sul"
4125407,"São José da Boa Vista",41018,"Wenceslau Braz",4104,"Norte Pioneiro Paranaense",410022,"Santo Antônio da Platina",4105,"Londrina",41,"Paraná","PR",4,"Sul"
4125456,"São José das Palmeiras",41022,"Toledo",4106,"Oeste Paranaense",410008,"Toledo",4103,"Cascavel",41,"Paraná","PR",4,"Sul"
4125506,"São José dos Pinhais",41037,"Curitiba",4110,"Metropolitana de Curitiba",410001,"Curitiba",4101,"Curitiba",41,"Paraná","PR",4,"Sul"
4125555,"São Manoel do Paraná",41003,"Cianorte",4101,"Noroeste Paranaense",410018,"Cianorte",4104,"Maringá",41,"Paraná","PR",4,"Sul"
4125605,"São Mateus do Sul",41034,"São Mateus do Sul",4109,"Sudeste Paranaense",410003,"União da Vitória",4101,"Curitiba",41,"Paraná","PR",4,"Sul"
4125704,"São Miguel do Iguaçu",41024,"Foz do Iguaçu",4106,"Oeste Paranaense",410007,"Foz do Iguaçu",4103,"Cascavel",41,"Paraná","PR",4,"Sul"
4125753,"São Pedro do Iguaçu",41022,"Toledo",4106,"Oeste Paranaense",410008,"Toledo",4103,"Cascavel",41,"Paraná","PR",4,"Sul"
4125803,"São Pedro do Ivaí",41013,"Ivaiporã",4103,"Norte Central Paranaense",410023,"Apucarana",4105,"Londrina",41,"Paraná","PR",4,"Sul"
4125902,"São Pedro do Paraná",41001,"Paranavaí",4101,"Noroeste Paranaense",410020,"Loanda",4104,"Maringá",41,"Paraná","PR",4,"Sul"
4126009,"São Sebastião da Amoreira",41014,"Assaí",4104,"Norte Pioneiro Paranaense",410024,"Cornélio Procópio ¿ Bandeirantes",4105,"Londrina",41,"Paraná","PR",4,"Sul"
4126108,"São Tomé",41003,"Cianorte",4101,"Noroeste Paranaense",410018,"Cianorte",4104,"Maringá",41,"Paraná","PR",4,"Sul"
4126207,"Sapopema",41017,"Ibaiti",4104,"Norte Pioneiro Paranaense",410024,"Cornélio Procópio ¿ Bandeirantes",4105,"Londrina",41,"Paraná","PR",4,"Sul"
4126256,"Sarandi",41009,"Maringá",4103,"Norte Central Paranaense",410014,"Maringá",4104,"Maringá",41,"Paraná","PR",4,"Sul"
4126272,"Saudade do Iguaçu",41027,"Pato Branco",4107,"Sudoeste Paranaense",410010,"Pato Branco",4103,"Cascavel",41,"Paraná","PR",4,"Sul"
4126306,"Sengés",41020,"Jaguariaíva",4105,"Centro Oriental Paranaense",410027,"Ponta Grossa",4106,"Ponta Grossa",41,"Paraná","PR",4,"Sul"
4126355,"Serranópolis do Iguaçu",41024,"Foz do Iguaçu",4106,"Oeste Paranaense",410007,"Foz do Iguaçu",4103,"Cascavel",41,"Paraná","PR",4,"Sul"
4126405,"Sertaneja",41015,"Cornélio Procópio",4104,"Norte Pioneiro Paranaense",410024,"Cornélio Procópio ¿ Bandeirantes",4105,"Londrina",41,"Paraná","PR",4,"Sul"
4126504,"Sertanópolis",41007,"Porecatu",4103,"Norte Central Paranaense",410021,"Londrina",4105,"Londrina",41,"Paraná","PR",4,"Sul"
4126603,"Siqueira Campos",41018,"Wenceslau Braz",4104,"Norte Pioneiro Paranaense",410022,"Santo Antônio da Platina",4105,"Londrina",41,"Paraná","PR",4,"Sul"
4126652,"Sulina",41027,"Pato Branco",4107,"Sudoeste Paranaense",410010,"Pato Branco",4103,"Cascavel",41,"Paraná","PR",4,"Sul"
4126678,"Tamarana",41011,"Londrina",4103,"Norte Central Paranaense",410021,"Londrina",4105,"Londrina",41,"Paraná","PR",4,"Sul"
4126702,"Tamboara",41001,"Paranavaí",4101,"Noroeste Paranaense",410017,"Paranavaí",4104,"Maringá",41,"Paraná","PR",4,"Sul"
4126801,"Tapejara",41003,"Cianorte",4101,"Noroeste Paranaense",410018,"Cianorte",4104,"Maringá",41,"Paraná","PR",4,"Sul"
4126900,"Tapira",41002,"Umuarama",4101,"Noroeste Paranaense",410016,"Umuarama",4104,"Maringá",41,"Paraná","PR",4,"Sul"
4127007,"Teixeira Soares",41031,"Prudentópolis",4109,"Sudeste Paranaense",410029,"Irati",4106,"Ponta Grossa",41,"Paraná","PR",4,"Sul"
4127106,"Telêmaco Borba",41019,"Telêmaco Borba",4105,"Centro Oriental Paranaense",410028,"Telêmaco Borba",4106,"Ponta Grossa",41,"Paraná","PR",4,"Sul"
4127205,"Terra Boa",41005,"Campo Mourão",4102,"Centro Ocidental Paranaense",410018,"Cianorte",4104,"Maringá",41,"Paraná","PR",4,"Sul"
4127304,"Terra Rica",41001,"Paranavaí",4101,"Noroeste Paranaense",410017,"Paranavaí",4104,"Maringá",41,"Paraná","PR",4,"Sul"
4127403,"Terra Roxa",41022,"Toledo",4106,"Oeste Paranaense",410008,"Toledo",4103,"Cascavel",41,"Paraná","PR",4,"Sul"
4127502,"Tibagi",41019,"Telêmaco Borba",4105,"Centro Oriental Paranaense",410028,"Telêmaco Borba",4106,"Ponta Grossa",41,"Paraná","PR",4,"Sul"
4127601,"Tijucas do Sul",41039,"Rio Negro",4110,"Metropolitana de Curitiba",410001,"Curitiba",4101,"Curitiba",41,"Paraná","PR",4,"Sul"
4127700,"Toledo",41022,"Toledo",4106,"Oeste Paranaense",410008,"Toledo",4103,"Cascavel",41,"Paraná","PR",4,"Sul"
4127809,"Tomazina",41018,"Wenceslau Braz",4104,"Norte Pioneiro Paranaense",410022,"Santo Antônio da Platina",4105,"Londrina",41,"Paraná","PR",4,"Sul"
4127858,"Três Barras do Paraná",41023,"Cascavel",4106,"Oeste Paranaense",410006,"Cascavel",4103,"Cascavel",41,"Paraná","PR",4,"Sul"
4127882,"Tunas do Paraná",41037,"Curitiba",4110,"Metropolitana de Curitiba",410001,"Curitiba",4101,"Curitiba",41,"Paraná","PR",4,"Sul"
4127908,"Tuneiras do Oeste",41003,"Cianorte",4101,"Noroeste Paranaense",410018,"Cianorte",4104,"Maringá",41,"Paraná","PR",4,"Sul"
4127957,"Tupãssi",41022,"Toledo",4106,"Oeste Paranaense",410008,"Toledo",4103,"Cascavel",41,"Paraná","PR",4,"Sul"
4127965,"Turvo",41029,"Guarapuava",4108,"Centro-Sul Paranaense",410004,"Guarapuava",4102,"Guarapuava",41,"Paraná","PR",4,"Sul"
4128005,"Ubiratã",41004,"Goioerê",4102,"Centro Ocidental Paranaense",410015,"Campo Mourão",4104,"Maringá",41,"Paraná","PR",4,"Sul"
4128104,"Umuarama",41002,"Umuarama",4101,"Noroeste Paranaense",410016,"Umuarama",4104,"Maringá",41,"Paraná","PR",4,"Sul"
4128203,"União da Vitória",41033,"União da Vitória",4109,"Sudeste Paranaense",410003,"União da Vitória",4101,"Curitiba",41,"Paraná","PR",4,"Sul"
4128302,"Uniflor",41006,"Astorga",4103,"Norte Central Paranaense",410014,"Maringá",4104,"Maringá",41,"Paraná","PR",4,"Sul"
4128401,"Uraí",41014,"Assaí",4104,"Norte Pioneiro Paranaense",410024,"Cornélio Procópio ¿ Bandeirantes",4105,"Londrina",41,"Paraná","PR",4,"Sul"
4128500,"Wenceslau Braz",41018,"Wenceslau Braz",4104,"Norte Pioneiro Paranaense",410022,"Santo Antônio da Platina",4105,"Londrina",41,"Paraná","PR",4,"Sul"
4128534,"Ventania",41019,"Telêmaco Borba",4105,"Centro Oriental Paranaense",410028,"Telêmaco Borba",4106,"Ponta Grossa",41,"Paraná","PR",4,"Sul"
4128559,"Vera Cruz do Oeste",41024,"Foz do Iguaçu",4106,"Oeste Paranaense",410006,"Cascavel",4103,"Cascavel",41,"Paraná","PR",4,"Sul"
4128609,"Verê",41026,"Francisco Beltrão",4107,"Sudoeste Paranaense",410009,"Francisco Beltrão",4103,"Cascavel",41,"Paraná","PR",4,"Sul"
4128625,"Alto Paraíso",41002,"Umuarama",4101,"Noroeste Paranaense",410016,"Umuarama",4104,"Maringá",41,"Paraná","PR",4,"Sul"
4128633,"Doutor Ulysses",41035,"Cerro Azul",4110,"Metropolitana de Curitiba",410001,"Curitiba",4101,"Curitiba",41,"Paraná","PR",4,"Sul"
4128658,"Virmond",41029,"Guarapuava",4108,"Centro-Sul Paranaense",410011,"Laranjeiras do Sul - Quedas do Iguaçu",4103,"Cascavel",41,"Paraná","PR",4,"Sul"
4128708,"Vitorino",41027,"Pato Branco",4107,"Sudoeste Paranaense",410010,"Pato Branco",4103,"Cascavel",41,"Paraná","PR",4,"Sul"
4128807,"Xambrê",41002,"Umuarama",4101,"Noroeste Paranaense",410016,"Umuarama",4104,"Maringá",41,"Paraná","PR",4,"Sul"
4200051,"Abdon Batista",42009,"Curitibanos",4203,"Serrana",420008,"Joaçaba - Herval d'Oeste",4204,"Chapecó",42,"Santa Catarina","SC",4,"Sul"
4200101,"Abelardo Luz",42003,"Xanxerê",4201,"Oeste Catarinense",420011,"Xanxerê",4204,"Chapecó",42,"Santa Catarina","SC",4,"Sul"
4200200,"Agrolândia",42014,"Ituporanga",4204,"Vale do Itajaí",420022,"Rio do Sul",4207,"Blumenau",42,"Santa Catarina","SC",4,"Sul"
4200309,"Agronômica",42011,"Rio do Sul",4204,"Vale do Itajaí",420022,"Rio do Sul",4207,"Blumenau",42,"Santa Catarina","SC",4,"Sul"
4200408,"Água Doce",42004,"Joaçaba",4201,"Oeste Catarinense",420008,"Joaçaba - Herval d'Oeste",4204,"Chapecó",42,"Santa Catarina","SC",4,"Sul"
4200507,"Águas de Chapecó",42002,"Chapecó",4201,"Oeste Catarinense",420007,"Chapecó",4204,"Chapecó",42,"Santa Catarina","SC",4,"Sul"
4200556,"Águas Frias",42002,"Chapecó",4201,"Oeste Catarinense",420007,"Chapecó",4204,"Chapecó",42,"Santa Catarina","SC",4,"Sul"
4200606,"Águas Mornas",42017,"Tabuleiro",4205,"Grande Florianópolis",420001,"Florianópolis",4201,"Florianópolis",42,"Santa Catarina","SC",4,"Sul"
4200705,"Alfredo Wagner",42017,"Tabuleiro",4205,"Grande Florianópolis",420001,"Florianópolis",4201,"Florianópolis",42,"Santa Catarina","SC",4,"Sul"
4200754,"Alto Bela Vista",42005,"Concórdia",4201,"Oeste Catarinense",420010,"Concórdia",4204,"Chapecó",42,"Santa Catarina","SC",4,"Sul"
4200804,"Anchieta",42001,"São Miguel do Oeste",4201,"Oeste Catarinense",420009,"São Miguel do Oeste",4204,"Chapecó",42,"Santa Catarina","SC",4,"Sul"
4200903,"Angelina",42015,"Tijucas",4205,"Grande Florianópolis",420001,"Florianópolis",4201,"Florianópolis",42,"Santa Catarina","SC",4,"Sul"
4201000,"Anita Garibaldi",42010,"Campos de Lages",4203,"Serrana",420005,"Lages",4203,"Lages",42,"Santa Catarina","SC",4,"Sul"
4201109,"Anitápolis",42017,"Tabuleiro",4205,"Grande Florianópolis",420001,"Florianópolis",4201,"Florianópolis",42,"Santa Catarina","SC",4,"Sul"
4201208,"Antônio Carlos",42016,"Florianópolis",4205,"Grande Florianópolis",420001,"Florianópolis",4201,"Florianópolis",42,"Santa Catarina","SC",4,"Sul"
4201257,"Apiúna",42012,"Blumenau",4204,"Vale do Itajaí",420019,"Blumenau",4207,"Blumenau",42,"Santa Catarina","SC",4,"Sul"
4201273,"Arabutã",42005,"Concórdia",4201,"Oeste Catarinense",420010,"Concórdia",4204,"Chapecó",42,"Santa Catarina","SC",4,"Sul"
4201307,"Araquari",42008,"Joinville",4202,"Norte Catarinense",420016,"Joinville",4206,"Joinville",42,"Santa Catarina","SC",4,"Sul"
4201406,"Araranguá",42020,"Araranguá",4206,"Sul Catarinense",420004,"Araranguá",4202,"Criciúma",42,"Santa Catarina","SC",4,"Sul"
4201505,"Armazém",42018,"Tubarão",4206,"Sul Catarinense",420003,"Tubarão",4202,"Criciúma",42,"Santa Catarina","SC",4,"Sul"
4201604,"Arroio Trinta",42004,"Joaçaba",4201,"Oeste Catarinense",420015,"Videira",4205,"Caçador",42,"Santa Catarina","SC",4,"Sul"
4201653,"Arvoredo",42005,"Concórdia",4201,"Oeste Catarinense",420007,"Chapecó",4204,"Chapecó",42,"Santa Catarina","SC",4,"Sul"
4201703,"Ascurra",42012,"Blumenau",4204,"Vale do Itajaí",420019,"Blumenau",4207,"Blumenau",42,"Santa Catarina","SC",4,"Sul"
4201802,"Atalanta",42014,"Ituporanga",4204,"Vale do Itajaí",420022,"Rio do Sul",4207,"Blumenau",42,"Santa Catarina","SC",4,"Sul"
4201901,"Aurora",42011,"Rio do Sul",4204,"Vale do Itajaí",420022,"Rio do Sul",4207,"Blumenau",42,"Santa Catarina","SC",4,"Sul"
4201950,"Balneário Arroio do Silva",42020,"Araranguá",4206,"Sul Catarinense",420004,"Araranguá",4202,"Criciúma",42,"Santa Catarina","SC",4,"Sul"
4202008,"Balneário Camboriú",42013,"Itajaí",4204,"Vale do Itajaí",420020,"Itajaí",4207,"Blumenau",42,"Santa Catarina","SC",4,"Sul"
4202057,"Balneário Barra do Sul",42008,"Joinville",4202,"Norte Catarinense",420016,"Joinville",4206,"Joinville",42,"Santa Catarina","SC",4,"Sul"
4202073,"Balneário Gaivota",42020,"Araranguá",4206,"Sul Catarinense",420004,"Araranguá",4202,"Criciúma",42,"Santa Catarina","SC",4,"Sul"
4202081,"Bandeirante",42001,"São Miguel do Oeste",4201,"Oeste Catarinense",420009,"São Miguel do Oeste",4204,"Chapecó",42,"Santa Catarina","SC",4,"Sul"
4202099,"Barra Bonita",42001,"São Miguel do Oeste",4201,"Oeste Catarinense",420009,"São Miguel do Oeste",4204,"Chapecó",42,"Santa Catarina","SC",4,"Sul"
4202107,"Barra Velha",42013,"Itajaí",4204,"Vale do Itajaí",420020,"Itajaí",4207,"Blumenau",42,"Santa Catarina","SC",4,"Sul"
4202131,"Bela Vista do Toldo",42006,"Canoinhas",4202,"Norte Catarinense",420017,"Mafra",4206,"Joinville",42,"Santa Catarina","SC",4,"Sul"
4202156,"Belmonte",42001,"São Miguel do Oeste",4201,"Oeste Catarinense",420009,"São Miguel do Oeste",4204,"Chapecó",42,"Santa Catarina","SC",4,"Sul"
4202206,"Benedito Novo",42012,"Blumenau",4204,"Vale do Itajaí",420019,"Blumenau",4207,"Blumenau",42,"Santa Catarina","SC",4,"Sul"
4202305,"Biguaçu",42016,"Florianópolis",4205,"Grande Florianópolis",420001,"Florianópolis",4201,"Florianópolis",42,"Santa Catarina","SC",4,"Sul"
4202404,"Blumenau",42012,"Blumenau",4204,"Vale do Itajaí",420019,"Blumenau",4207,"Blumenau",42,"Santa Catarina","SC",4,"Sul"
4202438,"Bocaina do Sul",42010,"Campos de Lages",4203,"Serrana",420005,"Lages",4203,"Lages",42,"Santa Catarina","SC",4,"Sul"
4202453,"Bombinhas",42013,"Itajaí",4204,"Vale do Itajaí",420020,"Itajaí",4207,"Blumenau",42,"Santa Catarina","SC",4,"Sul"
4202503,"Bom Jardim da Serra",42010,"Campos de Lages",4203,"Serrana",420005,"Lages",4203,"Lages",42,"Santa Catarina","SC",4,"Sul"
4202537,"Bom Jesus",42003,"Xanxerê",4201,"Oeste Catarinense",420011,"Xanxerê",4204,"Chapecó",42,"Santa Catarina","SC",4,"Sul"
4202578,"Bom Jesus do Oeste",42002,"Chapecó",4201,"Oeste Catarinense",420012,"Maravilha",4204,"Chapecó",42,"Santa Catarina","SC",4,"Sul"
4202602,"Bom Retiro",42010,"Campos de Lages",4203,"Serrana",420005,"Lages",4203,"Lages",42,"Santa Catarina","SC",4,"Sul"
4202701,"Botuverá",42012,"Blumenau",4204,"Vale do Itajaí",420021,"Brusque",4207,"Blumenau",42,"Santa Catarina","SC",4,"Sul"
4202800,"Braço do Norte",42018,"Tubarão",4206,"Sul Catarinense",420003,"Tubarão",4202,"Criciúma",42,"Santa Catarina","SC",4,"Sul"
4202859,"Braço do Trombudo",42011,"Rio do Sul",4204,"Vale do Itajaí",420022,"Rio do Sul",4207,"Blumenau",42,"Santa Catarina","SC",4,"Sul"
4202875,"Brunópolis",42009,"Curitibanos",4203,"Serrana",420006,"Curitibanos",4203,"Lages",42,"Santa Catarina","SC",4,"Sul"
4202909,"Brusque",42012,"Blumenau",4204,"Vale do Itajaí",420021,"Brusque",4207,"Blumenau",42,"Santa Catarina","SC",4,"Sul"
4203006,"Caçador",42004,"Joaçaba",4201,"Oeste Catarinense",420014,"Caçador",4205,"Caçador",42,"Santa Catarina","SC",4,"Sul"
4203105,"Caibi",42002,"Chapecó",4201,"Oeste Catarinense",420007,"Chapecó",4204,"Chapecó",42,"Santa Catarina","SC",4,"Sul"
4203154,"Calmon",42004,"Joaçaba",4201,"Oeste Catarinense",420014,"Caçador",4205,"Caçador",42,"Santa Catarina","SC",4,"Sul"
4203204,"Camboriú",42013,"Itajaí",4204,"Vale do Itajaí",420020,"Itajaí",4207,"Blumenau",42,"Santa Catarina","SC",4,"Sul"
4203253,"Capão Alto",42010,"Campos de Lages",4203,"Serrana",420005,"Lages",4203,"Lages",42,"Santa Catarina","SC",4,"Sul"
4203303,"Campo Alegre",42007,"São Bento do Sul",4202,"Norte Catarinense",420018,"São Bento do Sul - Rio Negrinho",4206,"Joinville",42,"Santa Catarina","SC",4,"Sul"
4203402,"Campo Belo do Sul",42010,"Campos de Lages",4203,"Serrana",420005,"Lages",4203,"Lages",42,"Santa Catarina","SC",4,"Sul"
4203501,"Campo Erê",42002,"Chapecó",4201,"Oeste Catarinense",420013,"São Lourenço do Oeste",4204,"Chapecó",42,"Santa Catarina","SC",4,"Sul"
4203600,"Campos Novos",42009,"Curitibanos",4203,"Serrana",420008,"Joaçaba - Herval d'Oeste",4204,"Chapecó",42,"Santa Catarina","SC",4,"Sul"
4203709,"Canelinha",42015,"Tijucas",4205,"Grande Florianópolis",420021,"Brusque",4207,"Blumenau",42,"Santa Catarina","SC",4,"Sul"
4203808,"Canoinhas",42006,"Canoinhas",4202,"Norte Catarinense",420017,"Mafra",4206,"Joinville",42,"Santa Catarina","SC",4,"Sul"
4203907,"Capinzal",42004,"Joaçaba",4201,"Oeste Catarinense",420008,"Joaçaba - Herval d'Oeste",4204,"Chapecó",42,"Santa Catarina","SC",4,"Sul"
4203956,"Capivari de Baixo",42018,"Tubarão",4206,"Sul Catarinense",420003,"Tubarão",4202,"Criciúma",42,"Santa Catarina","SC",4,"Sul"
4204004,"Catanduvas",42004,"Joaçaba",4201,"Oeste Catarinense",420008,"Joaçaba - Herval d'Oeste",4204,"Chapecó",42,"Santa Catarina","SC",4,"Sul"
4204103,"Caxambu do Sul",42002,"Chapecó",4201,"Oeste Catarinense",420007,"Chapecó",4204,"Chapecó",42,"Santa Catarina","SC",4,"Sul"
4204152,"Celso Ramos",42010,"Campos de Lages",4203,"Serrana",420008,"Joaçaba - Herval d'Oeste",4204,"Chapecó",42,"Santa Catarina","SC",4,"Sul"
4204178,"Cerro Negro",42010,"Campos de Lages",4203,"Serrana",420005,"Lages",4203,"Lages",42,"Santa Catarina","SC",4,"Sul"
4204194,"Chapadão do Lageado",42014,"Ituporanga",4204,"Vale do Itajaí",420024,"Ituporanga",4207,"Blumenau",42,"Santa Catarina","SC",4,"Sul"
4204202,"Chapecó",42002,"Chapecó",4201,"Oeste Catarinense",420007,"Chapecó",4204,"Chapecó",42,"Santa Catarina","SC",4,"Sul"
4204251,"Cocal do Sul",42019,"Criciúma",4206,"Sul Catarinense",420002,"Criciúma",4202,"Criciúma",42,"Santa Catarina","SC",4,"Sul"
4204301,"Concórdia",42005,"Concórdia",4201,"Oeste Catarinense",420010,"Concórdia",4204,"Chapecó",42,"Santa Catarina","SC",4,"Sul"
4204350,"Cordilheira Alta",42002,"Chapecó",4201,"Oeste Catarinense",420007,"Chapecó",4204,"Chapecó",42,"Santa Catarina","SC",4,"Sul"
4204400,"Coronel Freitas",42002,"Chapecó",4201,"Oeste Catarinense",420007,"Chapecó",4204,"Chapecó",42,"Santa Catarina","SC",4,"Sul"
4204459,"Coronel Martins",42003,"Xanxerê",4201,"Oeste Catarinense",420011,"Xanxerê",4204,"Chapecó",42,"Santa Catarina","SC",4,"Sul"
4204509,"Corupá",42008,"Joinville",4202,"Norte Catarinense",420016,"Joinville",4206,"Joinville",42,"Santa Catarina","SC",4,"Sul"
4204558,"Correia Pinto",42010,"Campos de Lages",4203,"Serrana",420005,"Lages",4203,"Lages",42,"Santa Catarina","SC",4,"Sul"
4204608,"Criciúma",42019,"Criciúma",4206,"Sul Catarinense",420002,"Criciúma",4202,"Criciúma",42,"Santa Catarina","SC",4,"Sul"
4204707,"Cunha Porã",42002,"Chapecó",4201,"Oeste Catarinense",420012,"Maravilha",4204,"Chapecó",42,"Santa Catarina","SC",4,"Sul"
4204756,"Cunhataí",42002,"Chapecó",4201,"Oeste Catarinense",420007,"Chapecó",4204,"Chapecó",42,"Santa Catarina","SC",4,"Sul"
4204806,"Curitibanos",42009,"Curitibanos",4203,"Serrana",420006,"Curitibanos",4203,"Lages",42,"Santa Catarina","SC",4,"Sul"
4204905,"Descanso",42001,"São Miguel do Oeste",4201,"Oeste Catarinense",420009,"São Miguel do Oeste",4204,"Chapecó",42,"Santa Catarina","SC",4,"Sul"
4205001,"Dionísio Cerqueira",42001,"São Miguel do Oeste",4201,"Oeste Catarinense",420009,"São Miguel do Oeste",4204,"Chapecó",42,"Santa Catarina","SC",4,"Sul"
4205100,"Dona Emma",42011,"Rio do Sul",4204,"Vale do Itajaí",420023,"Ibirama - Presidente Getúlio",4207,"Blumenau",42,"Santa Catarina","SC",4,"Sul"
4205159,"Doutor Pedrinho",42012,"Blumenau",4204,"Vale do Itajaí",420019,"Blumenau",4207,"Blumenau",42,"Santa Catarina","SC",4,"Sul"
4205175,"Entre Rios",42003,"Xanxerê",4201,"Oeste Catarinense",420011,"Xanxerê",4204,"Chapecó",42,"Santa Catarina","SC",4,"Sul"
4205191,"Ermo",42020,"Araranguá",4206,"Sul Catarinense",420004,"Araranguá",4202,"Criciúma",42,"Santa Catarina","SC",4,"Sul"
4205209,"Erval Velho",42004,"Joaçaba",4201,"Oeste Catarinense",420008,"Joaçaba - Herval d'Oeste",4204,"Chapecó",42,"Santa Catarina","SC",4,"Sul"
4205308,"Faxinal dos Guedes",42003,"Xanxerê",4201,"Oeste Catarinense",420011,"Xanxerê",4204,"Chapecó",42,"Santa Catarina","SC",4,"Sul"
4205357,"Flor do Sertão",42002,"Chapecó",4201,"Oeste Catarinense",420009,"São Miguel do Oeste",4204,"Chapecó",42,"Santa Catarina","SC",4,"Sul"
4205407,"Florianópolis",42016,"Florianópolis",4205,"Grande Florianópolis",420001,"Florianópolis",4201,"Florianópolis",42,"Santa Catarina","SC",4,"Sul"
4205431,"Formosa do Sul",42002,"Chapecó",4201,"Oeste Catarinense",420007,"Chapecó",4204,"Chapecó",42,"Santa Catarina","SC",4,"Sul"
4205456,"Forquilhinha",42019,"Criciúma",4206,"Sul Catarinense",420002,"Criciúma",4202,"Criciúma",42,"Santa Catarina","SC",4,"Sul"
4205506,"Fraiburgo",42004,"Joaçaba",4201,"Oeste Catarinense",420015,"Videira",4205,"Caçador",42,"Santa Catarina","SC",4,"Sul"
4205555,"Frei Rogério",42009,"Curitibanos",4203,"Serrana",420006,"Curitibanos",4203,"Lages",42,"Santa Catarina","SC",4,"Sul"
4205605,"Galvão",42003,"Xanxerê",4201,"Oeste Catarinense",420013,"São Lourenço do Oeste",4204,"Chapecó",42,"Santa Catarina","SC",4,"Sul"
4205704,"Garopaba",42018,"Tubarão",4206,"Sul Catarinense",420001,"Florianópolis",4201,"Florianópolis",42,"Santa Catarina","SC",4,"Sul"
4205803,"Garuva",42008,"Joinville",4202,"Norte Catarinense",420016,"Joinville",4206,"Joinville",42,"Santa Catarina","SC",4,"Sul"
4205902,"Gaspar",42012,"Blumenau",4204,"Vale do Itajaí",420019,"Blumenau",4207,"Blumenau",42,"Santa Catarina","SC",4,"Sul"
4206009,"Governador Celso Ramos",42016,"Florianópolis",4205,"Grande Florianópolis",420001,"Florianópolis",4201,"Florianópolis",42,"Santa Catarina","SC",4,"Sul"
4206108,"Grão-Pará",42018,"Tubarão",4206,"Sul Catarinense",420003,"Tubarão",4202,"Criciúma",42,"Santa Catarina","SC",4,"Sul"
4206207,"Gravatal",42018,"Tubarão",4206,"Sul Catarinense",420003,"Tubarão",4202,"Criciúma",42,"Santa Catarina","SC",4,"Sul"
4206306,"Guabiruba",42012,"Blumenau",4204,"Vale do Itajaí",420021,"Brusque",4207,"Blumenau",42,"Santa Catarina","SC",4,"Sul"
4206405,"Guaraciaba",42001,"São Miguel do Oeste",4201,"Oeste Catarinense",420009,"São Miguel do Oeste",4204,"Chapecó",42,"Santa Catarina","SC",4,"Sul"
4206504,"Guaramirim",42008,"Joinville",4202,"Norte Catarinense",420016,"Joinville",4206,"Joinville",42,"Santa Catarina","SC",4,"Sul"
4206603,"Guarujá do Sul",42001,"São Miguel do Oeste",4201,"Oeste Catarinense",420009,"São Miguel do Oeste",4204,"Chapecó",42,"Santa Catarina","SC",4,"Sul"
4206652,"Guatambú",42002,"Chapecó",4201,"Oeste Catarinense",420007,"Chapecó",4204,"Chapecó",42,"Santa Catarina","SC",4,"Sul"
4206702,"Herval d'Oeste",42004,"Joaçaba",4201,"Oeste Catarinense",420008,"Joaçaba - Herval d'Oeste",4204,"Chapecó",42,"Santa Catarina","SC",4,"Sul"
4206751,"Ibiam",42004,"Joaçaba",4201,"Oeste Catarinense",420015,"Videira",4205,"Caçador",42,"Santa Catarina","SC",4,"Sul"
4206801,"Ibicaré",42004,"Joaçaba",4201,"Oeste Catarinense",420008,"Joaçaba - Herval d'Oeste",4204,"Chapecó",42,"Santa Catarina","SC",4,"Sul"
4206900,"Ibirama",42011,"Rio do Sul",4204,"Vale do Itajaí",420023,"Ibirama - Presidente Getúlio",4207,"Blumenau",42,"Santa Catarina","SC",4,"Sul"
4207007,"Içara",42019,"Criciúma",4206,"Sul Catarinense",420002,"Criciúma",4202,"Criciúma",42,"Santa Catarina","SC",4,"Sul"
4207106,"Ilhota",42013,"Itajaí",4204,"Vale do Itajaí",420019,"Blumenau",4207,"Blumenau",42,"Santa Catarina","SC",4,"Sul"
4207205,"Imaruí",42018,"Tubarão",4206,"Sul Catarinense",420003,"Tubarão",4202,"Criciúma",42,"Santa Catarina","SC",4,"Sul"
4207304,"Imbituba",42018,"Tubarão",4206,"Sul Catarinense",420001,"Florianópolis",4201,"Florianópolis",42,"Santa Catarina","SC",4,"Sul"
4207403,"Imbuia",42014,"Ituporanga",4204,"Vale do Itajaí",420024,"Ituporanga",4207,"Blumenau",42,"Santa Catarina","SC",4,"Sul"
4207502,"Indaial",42012,"Blumenau",4204,"Vale do Itajaí",420019,"Blumenau",4207,"Blumenau",42,"Santa Catarina","SC",4,"Sul"
4207577,"Iomerê",42004,"Joaçaba",4201,"Oeste Catarinense",420015,"Videira",4205,"Caçador",42,"Santa Catarina","SC",4,"Sul"
4207601,"Ipira",42005,"Concórdia",4201,"Oeste Catarinense",420010,"Concórdia",4204,"Chapecó",42,"Santa Catarina","SC",4,"Sul"
4207650,"Iporã do Oeste",42001,"São Miguel do Oeste",4201,"Oeste Catarinense",420009,"São Miguel do Oeste",4204,"Chapecó",42,"Santa Catarina","SC",4,"Sul"
4207684,"Ipuaçu",42003,"Xanxerê",4201,"Oeste Catarinense",420011,"Xanxerê",4204,"Chapecó",42,"Santa Catarina","SC",4,"Sul"
4207700,"Ipumirim",42005,"Concórdia",4201,"Oeste Catarinense",420010,"Concórdia",4204,"Chapecó",42,"Santa Catarina","SC",4,"Sul"
4207759,"Iraceminha",42002,"Chapecó",4201,"Oeste Catarinense",420012,"Maravilha",4204,"Chapecó",42,"Santa Catarina","SC",4,"Sul"
4207809,"Irani",42005,"Concórdia",4201,"Oeste Catarinense",420010,"Concórdia",4204,"Chapecó",42,"Santa Catarina","SC",4,"Sul"
4207858,"Irati",42002,"Chapecó",4201,"Oeste Catarinense",420007,"Chapecó",4204,"Chapecó",42,"Santa Catarina","SC",4,"Sul"
4207908,"Irineópolis",42006,"Canoinhas",4202,"Norte Catarinense",420017,"Mafra",4206,"Joinville",42,"Santa Catarina","SC",4,"Sul"
4208005,"Itá",42005,"Concórdia",4201,"Oeste Catarinense",420010,"Concórdia",4204,"Chapecó",42,"Santa Catarina","SC",4,"Sul"
4208104,"Itaiópolis",42006,"Canoinhas",4202,"Norte Catarinense",420017,"Mafra",4206,"Joinville",42,"Santa Catarina","SC",4,"Sul"
4208203,"Itajaí",42013,"Itajaí",4204,"Vale do Itajaí",420020,"Itajaí",4207,"Blumenau",42,"Santa Catarina","SC",4,"Sul"
4208302,"Itapema",42013,"Itajaí",4204,"Vale do Itajaí",420020,"Itajaí",4207,"Blumenau",42,"Santa Catarina","SC",4,"Sul"
4208401,"Itapiranga",42001,"São Miguel do Oeste",4201,"Oeste Catarinense",420009,"São Miguel do Oeste",4204,"Chapecó",42,"Santa Catarina","SC",4,"Sul"
4208450,"Itapoá",42008,"Joinville",4202,"Norte Catarinense",420016,"Joinville",4206,"Joinville",42,"Santa Catarina","SC",4,"Sul"
4208500,"Ituporanga",42014,"Ituporanga",4204,"Vale do Itajaí",420024,"Ituporanga",4207,"Blumenau",42,"Santa Catarina","SC",4,"Sul"
4208609,"Jaborá",42004,"Joaçaba",4201,"Oeste Catarinense",420008,"Joaçaba - Herval d'Oeste",4204,"Chapecó",42,"Santa Catarina","SC",4,"Sul"
4208708,"Jacinto Machado",42020,"Araranguá",4206,"Sul Catarinense",420004,"Araranguá",4202,"Criciúma",42,"Santa Catarina","SC",4,"Sul"
4208807,"Jaguaruna",42018,"Tubarão",4206,"Sul Catarinense",420003,"Tubarão",4202,"Criciúma",42,"Santa Catarina","SC",4,"Sul"
4208906,"Jaraguá do Sul",42008,"Joinville",4202,"Norte Catarinense",420016,"Joinville",4206,"Joinville",42,"Santa Catarina","SC",4,"Sul"
4208955,"Jardinópolis",42002,"Chapecó",4201,"Oeste Catarinense",420007,"Chapecó",4204,"Chapecó",42,"Santa Catarina","SC",4,"Sul"
4209003,"Joaçaba",42004,"Joaçaba",4201,"Oeste Catarinense",420008,"Joaçaba - Herval d'Oeste",4204,"Chapecó",42,"Santa Catarina","SC",4,"Sul"
4209102,"Joinville",42008,"Joinville",4202,"Norte Catarinense",420016,"Joinville",4206,"Joinville",42,"Santa Catarina","SC",4,"Sul"
4209151,"José Boiteux",42011,"Rio do Sul",4204,"Vale do Itajaí",420023,"Ibirama - Presidente Getúlio",4207,"Blumenau",42,"Santa Catarina","SC",4,"Sul"
4209177,"Jupiá",42003,"Xanxerê",4201,"Oeste Catarinense",420013,"São Lourenço do Oeste",4204,"Chapecó",42,"Santa Catarina","SC",4,"Sul"
4209201,"Lacerdópolis",42004,"Joaçaba",4201,"Oeste Catarinense",420008,"Joaçaba - Herval d'Oeste",4204,"Chapecó",42,"Santa Catarina","SC",4,"Sul"
4209300,"Lages",42010,"Campos de Lages",4203,"Serrana",420005,"Lages",4203,"Lages",42,"Santa Catarina","SC",4,"Sul"
4209409,"Laguna",42018,"Tubarão",4206,"Sul Catarinense",420003,"Tubarão",4202,"Criciúma",42,"Santa Catarina","SC",4,"Sul"
4209458,"Lajeado Grande",42003,"Xanxerê",4201,"Oeste Catarinense",420007,"Chapecó",4204,"Chapecó",42,"Santa Catarina","SC",4,"Sul"
4209508,"Laurentino",42011,"Rio do Sul",4204,"Vale do Itajaí",420022,"Rio do Sul",4207,"Blumenau",42,"Santa Catarina","SC",4,"Sul"
4209607,"Lauro Müller",42019,"Criciúma",4206,"Sul Catarinense",420002,"Criciúma",4202,"Criciúma",42,"Santa Catarina","SC",4,"Sul"
4209706,"Lebon Régis",42004,"Joaçaba",4201,"Oeste Catarinense",420014,"Caçador",4205,"Caçador",42,"Santa Catarina","SC",4,"Sul"
4209805,"Leoberto Leal",42015,"Tijucas",4205,"Grande Florianópolis",420024,"Ituporanga",4207,"Blumenau",42,"Santa Catarina","SC",4,"Sul"
4209854,"Lindóia do Sul",42005,"Concórdia",4201,"Oeste Catarinense",420010,"Concórdia",4204,"Chapecó",42,"Santa Catarina","SC",4,"Sul"
4209904,"Lontras",42011,"Rio do Sul",4204,"Vale do Itajaí",420022,"Rio do Sul",4207,"Blumenau",42,"Santa Catarina","SC",4,"Sul"
4210001,"Luiz Alves",42012,"Blumenau",4204,"Vale do Itajaí",420020,"Itajaí",4207,"Blumenau",42,"Santa Catarina","SC",4,"Sul"
4210035,"Luzerna",42004,"Joaçaba",4201,"Oeste Catarinense",420008,"Joaçaba - Herval d'Oeste",4204,"Chapecó",42,"Santa Catarina","SC",4,"Sul"
4210050,"Macieira",42004,"Joaçaba",4201,"Oeste Catarinense",420014,"Caçador",4205,"Caçador",42,"Santa Catarina","SC",4,"Sul"
4210100,"Mafra",42006,"Canoinhas",4202,"Norte Catarinense",420017,"Mafra",4206,"Joinville",42,"Santa Catarina","SC",4,"Sul"
4210209,"Major Gercino",42015,"Tijucas",4205,"Grande Florianópolis",420021,"Brusque",4207,"Blumenau",42,"Santa Catarina","SC",4,"Sul"
4210308,"Major Vieira",42006,"Canoinhas",4202,"Norte Catarinense",420017,"Mafra",4206,"Joinville",42,"Santa Catarina","SC",4,"Sul"
4210407,"Maracajá",42020,"Araranguá",4206,"Sul Catarinense",420004,"Araranguá",4202,"Criciúma",42,"Santa Catarina","SC",4,"Sul"
4210506,"Maravilha",42002,"Chapecó",4201,"Oeste Catarinense",420012,"Maravilha",4204,"Chapecó",42,"Santa Catarina","SC",4,"Sul"
4210555,"Marema",42003,"Xanxerê",4201,"Oeste Catarinense",420007,"Chapecó",4204,"Chapecó",42,"Santa Catarina","SC",4,"Sul"
4210605,"Massaranduba",42008,"Joinville",4202,"Norte Catarinense",420016,"Joinville",4206,"Joinville",42,"Santa Catarina","SC",4,"Sul"
4210704,"Matos Costa",42004,"Joaçaba",4201,"Oeste Catarinense",420014,"Caçador",4205,"Caçador",42,"Santa Catarina","SC",4,"Sul"
4210803,"Meleiro",42020,"Araranguá",4206,"Sul Catarinense",420004,"Araranguá",4202,"Criciúma",42,"Santa Catarina","SC",4,"Sul"
4210852,"Mirim Doce",42011,"Rio do Sul",4204,"Vale do Itajaí",420022,"Rio do Sul",4207,"Blumenau",42,"Santa Catarina","SC",4,"Sul"
4210902,"Modelo",42002,"Chapecó",4201,"Oeste Catarinense",420007,"Chapecó",4204,"Chapecó",42,"Santa Catarina","SC",4,"Sul"
4211009,"Mondaí",42001,"São Miguel do Oeste",4201,"Oeste Catarinense",420007,"Chapecó",4204,"Chapecó",42,"Santa Catarina","SC",4,"Sul"
4211058,"Monte Carlo",42009,"Curitibanos",4203,"Serrana",420015,"Videira",4205,"Caçador",42,"Santa Catarina","SC",4,"Sul"
4211108,"Monte Castelo",42006,"Canoinhas",4202,"Norte Catarinense",420017,"Mafra",4206,"Joinville",42,"Santa Catarina","SC",4,"Sul"
4211207,"Morro da Fumaça",42019,"Criciúma",4206,"Sul Catarinense",420002,"Criciúma",4202,"Criciúma",42,"Santa Catarina","SC",4,"Sul"
4211256,"Morro Grande",42020,"Araranguá",4206,"Sul Catarinense",420002,"Criciúma",4202,"Criciúma",42,"Santa Catarina","SC",4,"Sul"
4211306,"Navegantes",42013,"Itajaí",4204,"Vale do Itajaí",420020,"Itajaí",4207,"Blumenau",42,"Santa Catarina","SC",4,"Sul"
4211405,"Nova Erechim",42002,"Chapecó",4201,"Oeste Catarinense",420007,"Chapecó",4204,"Chapecó",42,"Santa Catarina","SC",4,"Sul"
4211454,"Nova Itaberaba",42002,"Chapecó",4201,"Oeste Catarinense",420007,"Chapecó",4204,"Chapecó",42,"Santa Catarina","SC",4,"Sul"
4211504,"Nova Trento",42015,"Tijucas",4205,"Grande Florianópolis",420021,"Brusque",4207,"Blumenau",42,"Santa Catarina","SC",4,"Sul"
4211603,"Nova Veneza",42019,"Criciúma",4206,"Sul Catarinense",420002,"Criciúma",4202,"Criciúma",42,"Santa Catarina","SC",4,"Sul"
4211652,"Novo Horizonte",42002,"Chapecó",4201,"Oeste Catarinense",420013,"São Lourenço do Oeste",4204,"Chapecó",42,"Santa Catarina","SC",4,"Sul"
4211702,"Orleans",42018,"Tubarão",4206,"Sul Catarinense",420002,"Criciúma",4202,"Criciúma",42,"Santa Catarina","SC",4,"Sul"
4211751,"Otacílio Costa",42010,"Campos de Lages",4203,"Serrana",420005,"Lages",4203,"Lages",42,"Santa Catarina","SC",4,"Sul"
4211801,"Ouro",42004,"Joaçaba",4201,"Oeste Catarinense",420008,"Joaçaba - Herval d'Oeste",4204,"Chapecó",42,"Santa Catarina","SC",4,"Sul"
4211850,"Ouro Verde",42003,"Xanxerê",4201,"Oeste Catarinense",420011,"Xanxerê",4204,"Chapecó",42,"Santa Catarina","SC",4,"Sul"
4211876,"Paial",42005,"Concórdia",4201,"Oeste Catarinense",420007,"Chapecó",4204,"Chapecó",42,"Santa Catarina","SC",4,"Sul"
4211892,"Painel",42010,"Campos de Lages",4203,"Serrana",420005,"Lages",4203,"Lages",42,"Santa Catarina","SC",4,"Sul"
4211900,"Palhoça",42016,"Florianópolis",4205,"Grande Florianópolis",420001,"Florianópolis",4201,"Florianópolis",42,"Santa Catarina","SC",4,"Sul"
4212007,"Palma Sola",42001,"São Miguel do Oeste",4201,"Oeste Catarinense",420009,"São Miguel do Oeste",4204,"Chapecó",42,"Santa Catarina","SC",4,"Sul"
4212056,"Palmeira",42010,"Campos de Lages",4203,"Serrana",420005,"Lages",4203,"Lages",42,"Santa Catarina","SC",4,"Sul"
4212106,"Palmitos",42002,"Chapecó",4201,"Oeste Catarinense",420007,"Chapecó",4204,"Chapecó",42,"Santa Catarina","SC",4,"Sul"
4212205,"Papanduva",42006,"Canoinhas",4202,"Norte Catarinense",420017,"Mafra",4206,"Joinville",42,"Santa Catarina","SC",4,"Sul"
4212239,"Paraíso",42001,"São Miguel do Oeste",4201,"Oeste Catarinense",420009,"São Miguel do Oeste",4204,"Chapecó",42,"Santa Catarina","SC",4,"Sul"
4212254,"Passo de Torres",42020,"Araranguá",4206,"Sul Catarinense",420004,"Araranguá",4202,"Criciúma",42,"Santa Catarina","SC",4,"Sul"
4212270,"Passos Maia",42003,"Xanxerê",4201,"Oeste Catarinense",420011,"Xanxerê",4204,"Chapecó",42,"Santa Catarina","SC",4,"Sul"
4212304,"Paulo Lopes",42016,"Florianópolis",4205,"Grande Florianópolis",420001,"Florianópolis",4201,"Florianópolis",42,"Santa Catarina","SC",4,"Sul"
4212403,"Pedras Grandes",42018,"Tubarão",4206,"Sul Catarinense",420003,"Tubarão",4202,"Criciúma",42,"Santa Catarina","SC",4,"Sul"
4212502,"Penha",42013,"Itajaí",4204,"Vale do Itajaí",420020,"Itajaí",4207,"Blumenau",42,"Santa Catarina","SC",4,"Sul"
4212601,"Peritiba",42005,"Concórdia",4201,"Oeste Catarinense",420010,"Concórdia",4204,"Chapecó",42,"Santa Catarina","SC",4,"Sul"
4212650,"Pescaria Brava",42018,"Tubarão",4206,"Sul Catarinense",420003,"Tubarão",4202,"Criciúma",42,"Santa Catarina","SC",4,"Sul"
4212700,"Petrolândia",42014,"Ituporanga",4204,"Vale do Itajaí",420024,"Ituporanga",4207,"Blumenau",42,"Santa Catarina","SC",4,"Sul"
4212809,"Balneário Piçarras",42013,"Itajaí",4204,"Vale do Itajaí",420020,"Itajaí",4207,"Blumenau",42,"Santa Catarina","SC",4,"Sul"
4212908,"Pinhalzinho",42002,"Chapecó",4201,"Oeste Catarinense",420007,"Chapecó",4204,"Chapecó",42,"Santa Catarina","SC",4,"Sul"
4213005,"Pinheiro Preto",42004,"Joaçaba",4201,"Oeste Catarinense",420015,"Videira",4205,"Caçador",42,"Santa Catarina","SC",4,"Sul"
4213104,"Piratuba",42005,"Concórdia",4201,"Oeste Catarinense",420010,"Concórdia",4204,"Chapecó",42,"Santa Catarina","SC",4,"Sul"
4213153,"Planalto Alegre",42002,"Chapecó",4201,"Oeste Catarinense",420007,"Chapecó",4204,"Chapecó",42,"Santa Catarina","SC",4,"Sul"
4213203,"Pomerode",42012,"Blumenau",4204,"Vale do Itajaí",420019,"Blumenau",4207,"Blumenau",42,"Santa Catarina","SC",4,"Sul"
4213302,"Ponte Alta",42009,"Curitibanos",4203,"Serrana",420005,"Lages",4203,"Lages",42,"Santa Catarina","SC",4,"Sul"
4213351,"Ponte Alta do Norte",42009,"Curitibanos",4203,"Serrana",420006,"Curitibanos",4203,"Lages",42,"Santa Catarina","SC",4,"Sul"
4213401,"Ponte Serrada",42003,"Xanxerê",4201,"Oeste Catarinense",420011,"Xanxerê",4204,"Chapecó",42,"Santa Catarina","SC",4,"Sul"
4213500,"Porto Belo",42013,"Itajaí",4204,"Vale do Itajaí",420020,"Itajaí",4207,"Blumenau",42,"Santa Catarina","SC",4,"Sul"
4213609,"Porto União",42006,"Canoinhas",4202,"Norte Catarinense",420017,"Mafra",4206,"Joinville",42,"Santa Catarina","SC",4,"Sul"
4213708,"Pouso Redondo",42011,"Rio do Sul",4204,"Vale do Itajaí",420022,"Rio do Sul",4207,"Blumenau",42,"Santa Catarina","SC",4,"Sul"
4213807,"Praia Grande",42020,"Araranguá",4206,"Sul Catarinense",420004,"Araranguá",4202,"Criciúma",42,"Santa Catarina","SC",4,"Sul"
4213906,"Presidente Castello Branco",42005,"Concórdia",4201,"Oeste Catarinense",420010,"Concórdia",4204,"Chapecó",42,"Santa Catarina","SC",4,"Sul"
4214003,"Presidente Getúlio",42011,"Rio do Sul",4204,"Vale do Itajaí",420023,"Ibirama - Presidente Getúlio",4207,"Blumenau",42,"Santa Catarina","SC",4,"Sul"
4214102,"Presidente Nereu",42011,"Rio do Sul",4204,"Vale do Itajaí",420022,"Rio do Sul",4207,"Blumenau",42,"Santa Catarina","SC",4,"Sul"
4214151,"Princesa",42001,"São Miguel do Oeste",4201,"Oeste Catarinense",420009,"São Miguel do Oeste",4204,"Chapecó",42,"Santa Catarina","SC",4,"Sul"
4214201,"Quilombo",42002,"Chapecó",4201,"Oeste Catarinense",420007,"Chapecó",4204,"Chapecó",42,"Santa Catarina","SC",4,"Sul"
4214300,"Rancho Queimado",42017,"Tabuleiro",4205,"Grande Florianópolis",420001,"Florianópolis",4201,"Florianópolis",42,"Santa Catarina","SC",4,"Sul"
4214409,"Rio das Antas",42004,"Joaçaba",4201,"Oeste Catarinense",420015,"Videira",4205,"Caçador",42,"Santa Catarina","SC",4,"Sul"
4214508,"Rio do Campo",42011,"Rio do Sul",4204,"Vale do Itajaí",420022,"Rio do Sul",4207,"Blumenau",42,"Santa Catarina","SC",4,"Sul"
4214607,"Rio do Oeste",42011,"Rio do Sul",4204,"Vale do Itajaí",420022,"Rio do Sul",4207,"Blumenau",42,"Santa Catarina","SC",4,"Sul"
4214706,"Rio dos Cedros",42012,"Blumenau",4204,"Vale do Itajaí",420019,"Blumenau",4207,"Blumenau",42,"Santa Catarina","SC",4,"Sul"
4214805,"Rio do Sul",42011,"Rio do Sul",4204,"Vale do Itajaí",420022,"Rio do Sul",4207,"Blumenau",42,"Santa Catarina","SC",4,"Sul"
4214904,"Rio Fortuna",42018,"Tubarão",4206,"Sul Catarinense",420003,"Tubarão",4202,"Criciúma",42,"Santa Catarina","SC",4,"Sul"
4215000,"Rio Negrinho",42007,"São Bento do Sul",4202,"Norte Catarinense",420018,"São Bento do Sul - Rio Negrinho",4206,"Joinville",42,"Santa Catarina","SC",4,"Sul"
4215059,"Rio Rufino",42010,"Campos de Lages",4203,"Serrana",420005,"Lages",4203,"Lages",42,"Santa Catarina","SC",4,"Sul"
4215075,"Riqueza",42001,"São Miguel do Oeste",4201,"Oeste Catarinense",420007,"Chapecó",4204,"Chapecó",42,"Santa Catarina","SC",4,"Sul"
4215109,"Rodeio",42012,"Blumenau",4204,"Vale do Itajaí",420019,"Blumenau",4207,"Blumenau",42,"Santa Catarina","SC",4,"Sul"
4215208,"Romelândia",42001,"São Miguel do Oeste",4201,"Oeste Catarinense",420009,"São Miguel do Oeste",4204,"Chapecó",42,"Santa Catarina","SC",4,"Sul"
4215307,"Salete",42011,"Rio do Sul",4204,"Vale do Itajaí",420022,"Rio do Sul",4207,"Blumenau",42,"Santa Catarina","SC",4,"Sul"
4215356,"Saltinho",42002,"Chapecó",4201,"Oeste Catarinense",420012,"Maravilha",4204,"Chapecó",42,"Santa Catarina","SC",4,"Sul"
4215406,"Salto Veloso",42004,"Joaçaba",4201,"Oeste Catarinense",420015,"Videira",4205,"Caçador",42,"Santa Catarina","SC",4,"Sul"
4215455,"Sangão",42018,"Tubarão",4206,"Sul Catarinense",420003,"Tubarão",4202,"Criciúma",42,"Santa Catarina","SC",4,"Sul"
4215505,"Santa Cecília",42009,"Curitibanos",4203,"Serrana",420006,"Curitibanos",4203,"Lages",42,"Santa Catarina","SC",4,"Sul"
4215554,"Santa Helena",42001,"São Miguel do Oeste",4201,"Oeste Catarinense",420009,"São Miguel do Oeste",4204,"Chapecó",42,"Santa Catarina","SC",4,"Sul"
4215604,"Santa Rosa de Lima",42018,"Tubarão",4206,"Sul Catarinense",420003,"Tubarão",4202,"Criciúma",42,"Santa Catarina","SC",4,"Sul"
4215653,"Santa Rosa do Sul",42020,"Araranguá",4206,"Sul Catarinense",420004,"Araranguá",4202,"Criciúma",42,"Santa Catarina","SC",4,"Sul"
4215679,"Santa Terezinha",42006,"Canoinhas",4202,"Norte Catarinense",420022,"Rio do Sul",4207,"Blumenau",42,"Santa Catarina","SC",4,"Sul"
4215687,"Santa Terezinha do Progresso",42002,"Chapecó",4201,"Oeste Catarinense",420012,"Maravilha",4204,"Chapecó",42,"Santa Catarina","SC",4,"Sul"
4215695,"Santiago do Sul",42002,"Chapecó",4201,"Oeste Catarinense",420007,"Chapecó",4204,"Chapecó",42,"Santa Catarina","SC",4,"Sul"
4215703,"Santo Amaro da Imperatriz",42016,"Florianópolis",4205,"Grande Florianópolis",420001,"Florianópolis",4201,"Florianópolis",42,"Santa Catarina","SC",4,"Sul"
4215752,"São Bernardino",42002,"Chapecó",4201,"Oeste Catarinense",420013,"São Lourenço do Oeste",4204,"Chapecó",42,"Santa Catarina","SC",4,"Sul"
4215802,"São Bento do Sul",42007,"São Bento do Sul",4202,"Norte Catarinense",420018,"São Bento do Sul - Rio Negrinho",4206,"Joinville",42,"Santa Catarina","SC",4,"Sul"
4215901,"São Bonifácio",42017,"Tabuleiro",4205,"Grande Florianópolis",420001,"Florianópolis",4201,"Florianópolis",42,"Santa Catarina","SC",4,"Sul"
4216008,"São Carlos",42002,"Chapecó",4201,"Oeste Catarinense",420007,"Chapecó",4204,"Chapecó",42,"Santa Catarina","SC",4,"Sul"
4216057,"São Cristóvão do Sul",42009,"Curitibanos",4203,"Serrana",420006,"Curitibanos",4203,"Lages",42,"Santa Catarina","SC",4,"Sul"
4216107,"São Domingos",42003,"Xanxerê",4201,"Oeste Catarinense",420011,"Xanxerê",4204,"Chapecó",42,"Santa Catarina","SC",4,"Sul"
4216206,"São Francisco do Sul",42008,"Joinville",4202,"Norte Catarinense",420016,"Joinville",4206,"Joinville",42,"Santa Catarina","SC",4,"Sul"
4216255,"São João do Oeste",42001,"São Miguel do Oeste",4201,"Oeste Catarinense",420009,"São Miguel do Oeste",4204,"Chapecó",42,"Santa Catarina","SC",4,"Sul"
4216305,"São João Batista",42015,"Tijucas",4205,"Grande Florianópolis",420021,"Brusque",4207,"Blumenau",42,"Santa Catarina","SC",4,"Sul"
4216354,"São João do Itaperiú",42013,"Itajaí",4204,"Vale do Itajaí",420016,"Joinville",4206,"Joinville",42,"Santa Catarina","SC",4,"Sul"
4216404,"São João do Sul",42020,"Araranguá",4206,"Sul Catarinense",420004,"Araranguá",4202,"Criciúma",42,"Santa Catarina","SC",4,"Sul"
4216503,"São Joaquim",42010,"Campos de Lages",4203,"Serrana",420005,"Lages",4203,"Lages",42,"Santa Catarina","SC",4,"Sul"
4216602,"São José",42016,"Florianópolis",4205,"Grande Florianópolis",420001,"Florianópolis",4201,"Florianópolis",42,"Santa Catarina","SC",4,"Sul"
4216701,"São José do Cedro",42001,"São Miguel do Oeste",4201,"Oeste Catarinense",420009,"São Miguel do Oeste",4204,"Chapecó",42,"Santa Catarina","SC",4,"Sul"
4216800,"São José do Cerrito",42010,"Campos de Lages",4203,"Serrana",420005,"Lages",4203,"Lages",42,"Santa Catarina","SC",4,"Sul"
4216909,"São Lourenço do Oeste",42002,"Chapecó",4201,"Oeste Catarinense",420013,"São Lourenço do Oeste",4204,"Chapecó",42,"Santa Catarina","SC",4,"Sul"
4217006,"São Ludgero",42018,"Tubarão",4206,"Sul Catarinense",420003,"Tubarão",4202,"Criciúma",42,"Santa Catarina","SC",4,"Sul"
4217105,"São Martinho",42018,"Tubarão",4206,"Sul Catarinense",420003,"Tubarão",4202,"Criciúma",42,"Santa Catarina","SC",4,"Sul"
4217154,"São Miguel da Boa Vista",42002,"Chapecó",4201,"Oeste Catarinense",420012,"Maravilha",4204,"Chapecó",42,"Santa Catarina","SC",4,"Sul"
4217204,"São Miguel do Oeste",42001,"São Miguel do Oeste",4201,"Oeste Catarinense",420009,"São Miguel do Oeste",4204,"Chapecó",42,"Santa Catarina","SC",4,"Sul"
4217253,"São Pedro de Alcântara",42016,"Florianópolis",4205,"Grande Florianópolis",420001,"Florianópolis",4201,"Florianópolis",42,"Santa Catarina","SC",4,"Sul"
4217303,"Saudades",42002,"Chapecó",4201,"Oeste Catarinense",420007,"Chapecó",4204,"Chapecó",42,"Santa Catarina","SC",4,"Sul"
4217402,"Schroeder",42008,"Joinville",4202,"Norte Catarinense",420016,"Joinville",4206,"Joinville",42,"Santa Catarina","SC",4,"Sul"
4217501,"Seara",42005,"Concórdia",4201,"Oeste Catarinense",420010,"Concórdia",4204,"Chapecó",42,"Santa Catarina","SC",4,"Sul"
4217550,"Serra Alta",42002,"Chapecó",4201,"Oeste Catarinense",420007,"Chapecó",4204,"Chapecó",42,"Santa Catarina","SC",4,"Sul"
4217600,"Siderópolis",42019,"Criciúma",4206,"Sul Catarinense",420002,"Criciúma",4202,"Criciúma",42,"Santa Catarina","SC",4,"Sul"
4217709,"Sombrio",42020,"Araranguá",4206,"Sul Catarinense",420004,"Araranguá",4202,"Criciúma",42,"Santa Catarina","SC",4,"Sul"
4217758,"Sul Brasil",42002,"Chapecó",4201,"Oeste Catarinense",420007,"Chapecó",4204,"Chapecó",42,"Santa Catarina","SC",4,"Sul"
4217808,"Taió",42011,"Rio do Sul",4204,"Vale do Itajaí",420022,"Rio do Sul",4207,"Blumenau",42,"Santa Catarina","SC",4,"Sul"
4217907,"Tangará",42004,"Joaçaba",4201,"Oeste Catarinense",420015,"Videira",4205,"Caçador",42,"Santa Catarina","SC",4,"Sul"
4217956,"Tigrinhos",42002,"Chapecó",4201,"Oeste Catarinense",420012,"Maravilha",4204,"Chapecó",42,"Santa Catarina","SC",4,"Sul"
4218004,"Tijucas",42015,"Tijucas",4205,"Grande Florianópolis",420020,"Itajaí",4207,"Blumenau",42,"Santa Catarina","SC",4,"Sul"
4218103,"Timbé do Sul",42020,"Araranguá",4206,"Sul Catarinense",420004,"Araranguá",4202,"Criciúma",42,"Santa Catarina","SC",4,"Sul"
4218202,"Timbó",42012,"Blumenau",4204,"Vale do Itajaí",420019,"Blumenau",4207,"Blumenau",42,"Santa Catarina","SC",4,"Sul"
4218251,"Timbó Grande",42006,"Canoinhas",4202,"Norte Catarinense",420014,"Caçador",4205,"Caçador",42,"Santa Catarina","SC",4,"Sul"
4218301,"Três Barras",42006,"Canoinhas",4202,"Norte Catarinense",420017,"Mafra",4206,"Joinville",42,"Santa Catarina","SC",4,"Sul"
4218350,"Treviso",42019,"Criciúma",4206,"Sul Catarinense",420002,"Criciúma",4202,"Criciúma",42,"Santa Catarina","SC",4,"Sul"
4218400,"Treze de Maio",42018,"Tubarão",4206,"Sul Catarinense",420003,"Tubarão",4202,"Criciúma",42,"Santa Catarina","SC",4,"Sul"
4218509,"Treze Tílias",42004,"Joaçaba",4201,"Oeste Catarinense",420008,"Joaçaba - Herval d'Oeste",4204,"Chapecó",42,"Santa Catarina","SC",4,"Sul"
4218608,"Trombudo Central",42011,"Rio do Sul",4204,"Vale do Itajaí",420022,"Rio do Sul",4207,"Blumenau",42,"Santa Catarina","SC",4,"Sul"
4218707,"Tubarão",42018,"Tubarão",4206,"Sul Catarinense",420003,"Tubarão",4202,"Criciúma",42,"Santa Catarina","SC",4,"Sul"
4218756,"Tunápolis",42001,"São Miguel do Oeste",4201,"Oeste Catarinense",420009,"São Miguel do Oeste",4204,"Chapecó",42,"Santa Catarina","SC",4,"Sul"
4218806,"Turvo",42020,"Araranguá",4206,"Sul Catarinense",420004,"Araranguá",4202,"Criciúma",42,"Santa Catarina","SC",4,"Sul"
4218855,"União do Oeste",42002,"Chapecó",4201,"Oeste Catarinense",420007,"Chapecó",4204,"Chapecó",42,"Santa Catarina","SC",4,"Sul"
4218905,"Urubici",42010,"Campos de Lages",4203,"Serrana",420005,"Lages",4203,"Lages",42,"Santa Catarina","SC",4,"Sul"
4218954,"Urupema",42010,"Campos de Lages",4203,"Serrana",420005,"Lages",4203,"Lages",42,"Santa Catarina","SC",4,"Sul"
4219002,"Urussanga",42019,"Criciúma",4206,"Sul Catarinense",420002,"Criciúma",4202,"Criciúma",42,"Santa Catarina","SC",4,"Sul"
4219101,"Vargeão",42003,"Xanxerê",4201,"Oeste Catarinense",420011,"Xanxerê",4204,"Chapecó",42,"Santa Catarina","SC",4,"Sul"
4219150,"Vargem",42009,"Curitibanos",4203,"Serrana",420008,"Joaçaba - Herval d'Oeste",4204,"Chapecó",42,"Santa Catarina","SC",4,"Sul"
4219176,"Vargem Bonita",42004,"Joaçaba",4201,"Oeste Catarinense",420008,"Joaçaba - Herval d'Oeste",4204,"Chapecó",42,"Santa Catarina","SC",4,"Sul"
4219200,"Vidal Ramos",42014,"Ituporanga",4204,"Vale do Itajaí",420024,"Ituporanga",4207,"Blumenau",42,"Santa Catarina","SC",4,"Sul"
4219309,"Videira",42004,"Joaçaba",4201,"Oeste Catarinense",420015,"Videira",4205,"Caçador",42,"Santa Catarina","SC",4,"Sul"
4219358,"Vitor Meireles",42011,"Rio do Sul",4204,"Vale do Itajaí",420023,"Ibirama - Presidente Getúlio",4207,"Blumenau",42,"Santa Catarina","SC",4,"Sul"
4219408,"Witmarsum",42011,"Rio do Sul",4204,"Vale do Itajaí",420023,"Ibirama - Presidente Getúlio",4207,"Blumenau",42,"Santa Catarina","SC",4,"Sul"
4219507,"Xanxerê",42003,"Xanxerê",4201,"Oeste Catarinense",420011,"Xanxerê",4204,"Chapecó",42,"Santa Catarina","SC",4,"Sul"
4219606,"Xavantina",42005,"Concórdia",4201,"Oeste Catarinense",420011,"Xanxerê",4204,"Chapecó",42,"Santa Catarina","SC",4,"Sul"
4219705,"Xaxim",42003,"Xanxerê",4201,"Oeste Catarinense",420007,"Chapecó",4204,"Chapecó",42,"Santa Catarina","SC",4,"Sul"
4219853,"Zortéa",42009,"Curitibanos",4203,"Serrana",420008,"Joaçaba - Herval d'Oeste",4204,"Chapecó",42,"Santa Catarina","SC",4,"Sul"
4220000,"Balneário Rincão",42019,"Criciúma",4206,"Sul Catarinense",420002,"Criciúma",4202,"Criciúma",42,"Santa Catarina","SC",4,"Sul"
4300034,"Aceguá",43031,"Campanha Meridional",4306,"Sudoeste Rio-grandense",430010,"Bagé",4302,"Pelotas",43,"Rio Grande do Sul","RS",4,"Sul"
4300059,"Água Santa",43010,"Passo Fundo",4301,"Noroeste Rio-grandense",430032,"Tapejara - Sananduva",4306,"Passo Fundo",43,"Rio Grande do Sul","RS",4,"Sul"
4300109,"Agudo",43019,"Restinga Seca",4303,"Centro Ocidental Rio-grandense",430011,"Santa Maria",4303,"Santa Maria",43,"Rio Grande do Sul","RS",4,"Sul"
4300208,"Ajuricaba",43008,"Ijuí",4301,"Noroeste Rio-grandense",430018,"Ijuí",4305,"Ijuí",43,"Rio Grande do Sul","RS",4,"Sul"
4300307,"Alecrim",43001,"Santa Rosa",4301,"Noroeste Rio-grandense",430019,"Santa Rosa",4305,"Ijuí",43,"Rio Grande do Sul","RS",4,"Sul"
4300406,"Alegrete",43029,"Campanha Ocidental",4306,"Sudoeste Rio-grandense",430015,"Uruguaiana",4304,"Uruguaiana",43,"Rio Grande do Sul","RS",4,"Sul"
4300455,"Alegria",43008,"Ijuí",4301,"Noroeste Rio-grandense",430023,"Três de Maio",4305,"Ijuí",43,"Rio Grande do Sul","RS",4,"Sul"
4300471,"Almirante Tamandaré do Sul",43009,"Carazinho",4301,"Noroeste Rio-grandense",430028,"Carazinho",4306,"Passo Fundo",43,"Rio Grande do Sul","RS",4,"Sul"
4300505,"Alpestre",43003,"Frederico Westphalen",4301,"Noroeste Rio-grandense",430035,"Nonoai",4306,"Passo Fundo",43,"Rio Grande do Sul","RS",4,"Sul"
4300554,"Alto Alegre",43011,"Cruz Alta",4301,"Noroeste Rio-grandense",430025,"Passo Fundo",4306,"Passo Fundo",43,"Rio Grande do Sul","RS",4,"Sul"
4300570,"Alto Feliz",43023,"Montenegro",4305,"Metropolitana de Porto Alegre",430036,"Caxias do Sul",4307,"Caxias do Sul",43,"Rio Grande do Sul","RS",4,"Sul"
4300604,"Alvorada",43026,"Porto Alegre",4305,"Metropolitana de Porto Alegre",430001,"Porto Alegre",4301,"Porto Alegre",43,"Rio Grande do Sul","RS",4,"Sul"
4300638,"Amaral Ferrador",43032,"Serras de Sudeste",4307,"Sudeste Rio-grandense",430005,"Camaquã",4301,"Porto Alegre",43,"Rio Grande do Sul","RS",4,"Sul"
4300646,"Ametista do Sul",43003,"Frederico Westphalen",4301,"Noroeste Rio-grandense",430029,"Frederico Westphalen",4306,"Passo Fundo",43,"Rio Grande do Sul","RS",4,"Sul"
4300661,"André da Rocha",43014,"Guaporé",4302,"Nordeste Rio-grandense",430038,"Nova Prata - Guaporé",4307,"Caxias do Sul",43,"Rio Grande do Sul","RS",4,"Sul"
4300703,"Anta Gorda",43014,"Guaporé",4302,"Nordeste Rio-grandense",430043,"Encantado",4308,"Santa Cruz do Sul - Lajeado",43,"Rio Grande do Sul","RS",4,"Sul"
4300802,"Antônio Prado",43016,"Caxias do Sul",4302,"Nordeste Rio-grandense",430036,"Caxias do Sul",4307,"Caxias do Sul",43,"Rio Grande do Sul","RS",4,"Sul"
4300851,"Arambaré",43028,"Camaquã",4305,"Metropolitana de Porto Alegre",430005,"Camaquã",4301,"Porto Alegre",43,"Rio Grande do Sul","RS",4,"Sul"
4300877,"Araricá",43026,"Porto Alegre",4305,"Metropolitana de Porto Alegre",430002,"Novo Hamburgo - São Leopoldo",4301,"Porto Alegre",43,"Rio Grande do Sul","RS",4,"Sul"
4300901,"Aratiba",43004,"Erechim",4301,"Noroeste Rio-grandense",430026,"Erechim",4306,"Passo Fundo",43,"Rio Grande do Sul","RS",4,"Sul"
4301008,"Arroio do Meio",43021,"Lajeado-Estrela",4304,"Centro Oriental Rio-grandense",430041,"Lajeado",4308,"Santa Cruz do Sul - Lajeado",43,"Rio Grande do Sul","RS",4,"Sul"
4301057,"Arroio do Sal",43027,"Osório",4305,"Metropolitana de Porto Alegre",430008,"Torres",4301,"Porto Alegre",43,"Rio Grande do Sul","RS",4,"Sul"
4301073,"Arroio do Padre",43033,"Pelotas",4307,"Sudeste Rio-grandense",430009,"Pelotas",4302,"Pelotas",43,"Rio Grande do Sul","RS",4,"Sul"
4301107,"Arroio dos Ratos",43025,"São Jerônimo",4305,"Metropolitana de Porto Alegre",430001,"Porto Alegre",4301,"Porto Alegre",43,"Rio Grande do Sul","RS",4,"Sul"
4301206,"Arroio do Tigre",43020,"Santa Cruz do Sul",4304,"Centro Oriental Rio-grandense",430042,"Sobradinho",4308,"Santa Cruz do Sul - Lajeado",43,"Rio Grande do Sul","RS",4,"Sul"
4301305,"Arroio Grande",43034,"Jaguarão",4307,"Sudeste Rio-grandense",430009,"Pelotas",4302,"Pelotas",43,"Rio Grande do Sul","RS",4,"Sul"
4301404,"Arvorezinha",43014,"Guaporé",4302,"Nordeste Rio-grandense",430031,"Soledade",4306,"Passo Fundo",43,"Rio Grande do Sul","RS",4,"Sul"
4301503,"Augusto Pestana",43008,"Ijuí",4301,"Noroeste Rio-grandense",430018,"Ijuí",4305,"Ijuí",43,"Rio Grande do Sul","RS",4,"Sul"
4301552,"Áurea",43004,"Erechim",4301,"Noroeste Rio-grandense",430026,"Erechim",4306,"Passo Fundo",43,"Rio Grande do Sul","RS",4,"Sul"
4301602,"Bagé",43031,"Campanha Meridional",4306,"Sudoeste Rio-grandense",430010,"Bagé",4302,"Pelotas",43,"Rio Grande do Sul","RS",4,"Sul"
4301636,"Balneário Pinhal",43027,"Osório",4305,"Metropolitana de Porto Alegre",430003,"Tramandaí - Osório",4301,"Porto Alegre",43,"Rio Grande do Sul","RS",4,"Sul"
4301651,"Barão",43023,"Montenegro",4305,"Metropolitana de Porto Alegre",430037,"Bento Gonçalves",4307,"Caxias do Sul",43,"Rio Grande do Sul","RS",4,"Sul"
4301701,"Barão de Cotegipe",43004,"Erechim",4301,"Noroeste Rio-grandense",430026,"Erechim",4306,"Passo Fundo",43,"Rio Grande do Sul","RS",4,"Sul"
4301750,"Barão do Triunfo",43025,"São Jerônimo",4305,"Metropolitana de Porto Alegre",430001,"Porto Alegre",4301,"Porto Alegre",43,"Rio Grande do Sul","RS",4,"Sul"
4301800,"Barracão",43005,"Sananduva",4301,"Noroeste Rio-grandense",430033,"Lagoa Vermelha",4306,"Passo Fundo",43,"Rio Grande do Sul","RS",4,"Sul"
4301859,"Barra do Guarita",43002,"Três Passos",4301,"Noroeste Rio-grandense",430021,"Três Passos",4305,"Ijuí",43,"Rio Grande do Sul","RS",4,"Sul"
4301875,"Barra do Quaraí",43029,"Campanha Ocidental",4306,"Sudoeste Rio-grandense",430015,"Uruguaiana",4304,"Uruguaiana",43,"Rio Grande do Sul","RS",4,"Sul"
4301909,"Barra do Ribeiro",43028,"Camaquã",4305,"Metropolitana de Porto Alegre",430001,"Porto Alegre",4301,"Porto Alegre",43,"Rio Grande do Sul","RS",4,"Sul"
4301925,"Barra do Rio Azul",43004,"Erechim",4301,"Noroeste Rio-grandense",430026,"Erechim",4306,"Passo Fundo",43,"Rio Grande do Sul","RS",4,"Sul"
4301958,"Barra Funda",43009,"Carazinho",4301,"Noroeste Rio-grandense",430028,"Carazinho",4306,"Passo Fundo",43,"Rio Grande do Sul","RS",4,"Sul"
4302006,"Barros Cassal",43013,"Soledade",4301,"Noroeste Rio-grandense",430031,"Soledade",4306,"Passo Fundo",43,"Rio Grande do Sul","RS",4,"Sul"
4302055,"Benjamin Constant do Sul",43004,"Erechim",4301,"Noroeste Rio-grandense",430026,"Erechim",4306,"Passo Fundo",43,"Rio Grande do Sul","RS",4,"Sul"
4302105,"Bento Gonçalves",43016,"Caxias do Sul",4302,"Nordeste Rio-grandense",430037,"Bento Gonçalves",4307,"Caxias do Sul",43,"Rio Grande do Sul","RS",4,"Sul"
4302154,"Boa Vista das Missões",43009,"Carazinho",4301,"Noroeste Rio-grandense",430029,"Frederico Westphalen",4306,"Passo Fundo",43,"Rio Grande do Sul","RS",4,"Sul"
4302204,"Boa Vista do Buricá",43002,"Três Passos",4301,"Noroeste Rio-grandense",430023,"Três de Maio",4305,"Ijuí",43,"Rio Grande do Sul","RS",4,"Sul"
4302220,"Boa Vista do Cadeado",43011,"Cruz Alta",4301,"Noroeste Rio-grandense",430027,"Cruz Alta",4306,"Passo Fundo",43,"Rio Grande do Sul","RS",4,"Sul"
4302238,"Boa Vista do Incra",43011,"Cruz Alta",4301,"Noroeste Rio-grandense",430027,"Cruz Alta",4306,"Passo Fundo",43,"Rio Grande do Sul","RS",4,"Sul"
4302253,"Boa Vista do Sul",43016,"Caxias do Sul",4302,"Nordeste Rio-grandense",430037,"Bento Gonçalves",4307,"Caxias do Sul",43,"Rio Grande do Sul","RS",4,"Sul"
4302303,"Bom Jesus",43015,"Vacaria",4302,"Nordeste Rio-grandense",430039,"Vacaria",4307,"Caxias do Sul",43,"Rio Grande do Sul","RS",4,"Sul"
4302352,"Bom Princípio",43023,"Montenegro",4305,"Metropolitana de Porto Alegre",430002,"Novo Hamburgo - São Leopoldo",4301,"Porto Alegre",43,"Rio Grande do Sul","RS",4,"Sul"
4302378,"Bom Progresso",43002,"Três Passos",4301,"Noroeste Rio-grandense",430021,"Três Passos",4305,"Ijuí",43,"Rio Grande do Sul","RS",4,"Sul"
4302402,"Bom Retiro do Sul",43021,"Lajeado-Estrela",4304,"Centro Oriental Rio-grandense",430041,"Lajeado",4308,"Santa Cruz do Sul - Lajeado",43,"Rio Grande do Sul","RS",4,"Sul"
4302451,"Boqueirão do Leão",43021,"Lajeado-Estrela",4304,"Centro Oriental Rio-grandense",430041,"Lajeado",4308,"Santa Cruz do Sul - Lajeado",43,"Rio Grande do Sul","RS",4,"Sul"
4302501,"Bossoroca",43007,"Santo Ângelo",4301,"Noroeste Rio-grandense",430022,"São Luiz Gonzaga",4305,"Ijuí",43,"Rio Grande do Sul","RS",4,"Sul"
4302584,"Bozano",43008,"Ijuí",4301,"Noroeste Rio-grandense",430018,"Ijuí",4305,"Ijuí",43,"Rio Grande do Sul","RS",4,"Sul"
4302600,"Braga",43002,"Três Passos",4301,"Noroeste Rio-grandense",430021,"Três Passos",4305,"Ijuí",43,"Rio Grande do Sul","RS",4,"Sul"
4302659,"Brochier",43023,"Montenegro",4305,"Metropolitana de Porto Alegre",430007,"Montenegro",4301,"Porto Alegre",43,"Rio Grande do Sul","RS",4,"Sul"
4302709,"Butiá",43025,"São Jerônimo",4305,"Metropolitana de Porto Alegre",430006,"Charqueadas - Triunfo - São Jerônimo",4301,"Porto Alegre",43,"Rio Grande do Sul","RS",4,"Sul"
4302808,"Caçapava do Sul",43032,"Serras de Sudeste",4307,"Sudeste Rio-grandense",430012,"São Gabriel - Caçapava do Sul",4303,"Santa Maria",43,"Rio Grande do Sul","RS",4,"Sul"
4302907,"Cacequi",43018,"Santa Maria",4303,"Centro Ocidental Rio-grandense",430011,"Santa Maria",4303,"Santa Maria",43,"Rio Grande do Sul","RS",4,"Sul"
4303004,"Cachoeira do Sul",43022,"Cachoeira do Sul",4304,"Centro Oriental Rio-grandense",430013,"Cachoeira do Sul",4303,"Santa Maria",43,"Rio Grande do Sul","RS",4,"Sul"
4303103,"Cachoeirinha",43026,"Porto Alegre",4305,"Metropolitana de Porto Alegre",430001,"Porto Alegre",4301,"Porto Alegre",43,"Rio Grande do Sul","RS",4,"Sul"
4303202,"Cacique Doble",43005,"Sananduva",4301,"Noroeste Rio-grandense",430033,"Lagoa Vermelha",4306,"Passo Fundo",43,"Rio Grande do Sul","RS",4,"Sul"
4303301,"Caibaté",43006,"Cerro Largo",4301,"Noroeste Rio-grandense",430022,"São Luiz Gonzaga",4305,"Ijuí",43,"Rio Grande do Sul","RS",4,"Sul"
4303400,"Caiçara",43003,"Frederico Westphalen",4301,"Noroeste Rio-grandense",430029,"Frederico Westphalen",4306,"Passo Fundo",43,"Rio Grande do Sul","RS",4,"Sul"
4303509,"Camaquã",43028,"Camaquã",4305,"Metropolitana de Porto Alegre",430005,"Camaquã",4301,"Porto Alegre",43,"Rio Grande do Sul","RS",4,"Sul"
4303558,"Camargo",43010,"Passo Fundo",4301,"Noroeste Rio-grandense",430030,"Marau",4306,"Passo Fundo",43,"Rio Grande do Sul","RS",4,"Sul"
4303608,"Cambará do Sul",43015,"Vacaria",4302,"Nordeste Rio-grandense",430036,"Caxias do Sul",4307,"Caxias do Sul",43,"Rio Grande do Sul","RS",4,"Sul"
4303673,"Campestre da Serra",43015,"Vacaria",4302,"Nordeste Rio-grandense",430036,"Caxias do Sul",4307,"Caxias do Sul",43,"Rio Grande do Sul","RS",4,"Sul"
4303707,"Campina das Missões",43006,"Cerro Largo",4301,"Noroeste Rio-grandense",430019,"Santa Rosa",4305,"Ijuí",43,"Rio Grande do Sul","RS",4,"Sul"
4303806,"Campinas do Sul",43004,"Erechim",4301,"Noroeste Rio-grandense",430026,"Erechim",4306,"Passo Fundo",43,"Rio Grande do Sul","RS",4,"Sul"
4303905,"Campo Bom",43026,"Porto Alegre",4305,"Metropolitana de Porto Alegre",430002,"Novo Hamburgo - São Leopoldo",4301,"Porto Alegre",43,"Rio Grande do Sul","RS",4,"Sul"
4304002,"Campo Novo",43002,"Três Passos",4301,"Noroeste Rio-grandense",430021,"Três Passos",4305,"Ijuí",43,"Rio Grande do Sul","RS",4,"Sul"
4304101,"Campos Borges",43011,"Cruz Alta",4301,"Noroeste Rio-grandense",430025,"Passo Fundo",4306,"Passo Fundo",43,"Rio Grande do Sul","RS",4,"Sul"
4304200,"Candelária",43020,"Santa Cruz do Sul",4304,"Centro Oriental Rio-grandense",430040,"Santa Cruz do Sul",4308,"Santa Cruz do Sul - Lajeado",43,"Rio Grande do Sul","RS",4,"Sul"
4304309,"Cândido Godói",43001,"Santa Rosa",4301,"Noroeste Rio-grandense",430019,"Santa Rosa",4305,"Ijuí",43,"Rio Grande do Sul","RS",4,"Sul"
4304358,"Candiota",43032,"Serras de Sudeste",4307,"Sudeste Rio-grandense",430010,"Bagé",4302,"Pelotas",43,"Rio Grande do Sul","RS",4,"Sul"
4304408,"Canela",43024,"Gramado-Canela",4305,"Metropolitana de Porto Alegre",430036,"Caxias do Sul",4307,"Caxias do Sul",43,"Rio Grande do Sul","RS",4,"Sul"
4304507,"Canguçu",43033,"Pelotas",4307,"Sudeste Rio-grandense",430009,"Pelotas",4302,"Pelotas",43,"Rio Grande do Sul","RS",4,"Sul"
4304606,"Canoas",43026,"Porto Alegre",4305,"Metropolitana de Porto Alegre",430001,"Porto Alegre",4301,"Porto Alegre",43,"Rio Grande do Sul","RS",4,"Sul"
4304614,"Canudos do Vale",43021,"Lajeado-Estrela",4304,"Centro Oriental Rio-grandense",430041,"Lajeado",4308,"Santa Cruz do Sul - Lajeado",43,"Rio Grande do Sul","RS",4,"Sul"
4304622,"Capão Bonito do Sul",43015,"Vacaria",4302,"Nordeste Rio-grandense",430033,"Lagoa Vermelha",4306,"Passo Fundo",43,"Rio Grande do Sul","RS",4,"Sul"
4304630,"Capão da Canoa",43027,"Osório",4305,"Metropolitana de Porto Alegre",430003,"Tramandaí - Osório",4301,"Porto Alegre",43,"Rio Grande do Sul","RS",4,"Sul"
4304655,"Capão do Cipó",43017,"Santiago",4303,"Centro Ocidental Rio-grandense",430014,"Santiago",4303,"Santa Maria",43,"Rio Grande do Sul","RS",4,"Sul"
4304663,"Capão do Leão",43033,"Pelotas",4307,"Sudeste Rio-grandense",430009,"Pelotas",4302,"Pelotas",43,"Rio Grande do Sul","RS",4,"Sul"
4304671,"Capivari do Sul",43027,"Osório",4305,"Metropolitana de Porto Alegre",430001,"Porto Alegre",4301,"Porto Alegre",43,"Rio Grande do Sul","RS",4,"Sul"
4304689,"Capela de Santana",43023,"Montenegro",4305,"Metropolitana de Porto Alegre",430002,"Novo Hamburgo - São Leopoldo",4301,"Porto Alegre",43,"Rio Grande do Sul","RS",4,"Sul"
4304697,"Capitão",43021,"Lajeado-Estrela",4304,"Centro Oriental Rio-grandense",430041,"Lajeado",4308,"Santa Cruz do Sul - Lajeado",43,"Rio Grande do Sul","RS",4,"Sul"
4304705,"Carazinho",43009,"Carazinho",4301,"Noroeste Rio-grandense",430028,"Carazinho",4306,"Passo Fundo",43,"Rio Grande do Sul","RS",4,"Sul"
4304713,"Caraá",43027,"Osório",4305,"Metropolitana de Porto Alegre",430001,"Porto Alegre",4301,"Porto Alegre",43,"Rio Grande do Sul","RS",4,"Sul"
4304804,"Carlos Barbosa",43016,"Caxias do Sul",4302,"Nordeste Rio-grandense",430037,"Bento Gonçalves",4307,"Caxias do Sul",43,"Rio Grande do Sul","RS",4,"Sul"
4304853,"Carlos Gomes",43004,"Erechim",4301,"Noroeste Rio-grandense",430026,"Erechim",4306,"Passo Fundo",43,"Rio Grande do Sul","RS",4,"Sul"
4304903,"Casca",43010,"Passo Fundo",4301,"Noroeste Rio-grandense",430030,"Marau",4306,"Passo Fundo",43,"Rio Grande do Sul","RS",4,"Sul"
4304952,"Caseiros",43010,"Passo Fundo",4301,"Noroeste Rio-grandense",430033,"Lagoa Vermelha",4306,"Passo Fundo",43,"Rio Grande do Sul","RS",4,"Sul"
4305009,"Catuípe",43007,"Santo Ângelo",4301,"Noroeste Rio-grandense",430018,"Ijuí",4305,"Ijuí",43,"Rio Grande do Sul","RS",4,"Sul"
4305108,"Caxias do Sul",43016,"Caxias do Sul",4302,"Nordeste Rio-grandense",430036,"Caxias do Sul",4307,"Caxias do Sul",43,"Rio Grande do Sul","RS",4,"Sul"
4305116,"Centenário",43004,"Erechim",4301,"Noroeste Rio-grandense",430026,"Erechim",4306,"Passo Fundo",43,"Rio Grande do Sul","RS",4,"Sul"
4305124,"Cerrito",43033,"Pelotas",4307,"Sudeste Rio-grandense",430009,"Pelotas",4302,"Pelotas",43,"Rio Grande do Sul","RS",4,"Sul"
4305132,"Cerro Branco",43022,"Cachoeira do Sul",4304,"Centro Oriental Rio-grandense",430013,"Cachoeira do Sul",4303,"Santa Maria",43,"Rio Grande do Sul","RS",4,"Sul"
4305157,"Cerro Grande",43009,"Carazinho",4301,"Noroeste Rio-grandense",430034,"Palmeira das Missões",4306,"Passo Fundo",43,"Rio Grande do Sul","RS",4,"Sul"
4305173,"Cerro Grande do Sul",43028,"Camaquã",4305,"Metropolitana de Porto Alegre",430005,"Camaquã",4301,"Porto Alegre",43,"Rio Grande do Sul","RS",4,"Sul"
4305207,"Cerro Largo",43006,"Cerro Largo",4301,"Noroeste Rio-grandense",430024,"Cerro Largo",4305,"Ijuí",43,"Rio Grande do Sul","RS",4,"Sul"
4305306,"Chapada",43009,"Carazinho",4301,"Noroeste Rio-grandense",430028,"Carazinho",4306,"Passo Fundo",43,"Rio Grande do Sul","RS",4,"Sul"
4305355,"Charqueadas",43025,"São Jerônimo",4305,"Metropolitana de Porto Alegre",430006,"Charqueadas - Triunfo - São Jerônimo",4301,"Porto Alegre",43,"Rio Grande do Sul","RS",4,"Sul"
4305371,"Charrua",43010,"Passo Fundo",4301,"Noroeste Rio-grandense",430032,"Tapejara - Sananduva",4306,"Passo Fundo",43,"Rio Grande do Sul","RS",4,"Sul"
4305405,"Chiapetta",43008,"Ijuí",4301,"Noroeste Rio-grandense",430018,"Ijuí",4305,"Ijuí",43,"Rio Grande do Sul","RS",4,"Sul"
4305439,"Chuí",43035,"Litoral Lagunar",4307,"Sudeste Rio-grandense",430009,"Pelotas",4302,"Pelotas",43,"Rio Grande do Sul","RS",4,"Sul"
4305447,"Chuvisca",43028,"Camaquã",4305,"Metropolitana de Porto Alegre",430005,"Camaquã",4301,"Porto Alegre",43,"Rio Grande do Sul","RS",4,"Sul"
4305454,"Cidreira",43027,"Osório",4305,"Metropolitana de Porto Alegre",430003,"Tramandaí - Osório",4301,"Porto Alegre",43,"Rio Grande do Sul","RS",4,"Sul"
4305504,"Ciríaco",43010,"Passo Fundo",4301,"Noroeste Rio-grandense",430030,"Marau",4306,"Passo Fundo",43,"Rio Grande do Sul","RS",4,"Sul"
4305587,"Colinas",43021,"Lajeado-Estrela",4304,"Centro Oriental Rio-grandense",430041,"Lajeado",4308,"Santa Cruz do Sul - Lajeado",43,"Rio Grande do Sul","RS",4,"Sul"
4305603,"Colorado",43012,"Não-Me-Toque",4301,"Noroeste Rio-grandense",430028,"Carazinho",4306,"Passo Fundo",43,"Rio Grande do Sul","RS",4,"Sul"
4305702,"Condor",43008,"Ijuí",4301,"Noroeste Rio-grandense",430018,"Ijuí",4305,"Ijuí",43,"Rio Grande do Sul","RS",4,"Sul"
4305801,"Constantina",43003,"Frederico Westphalen",4301,"Noroeste Rio-grandense",430028,"Carazinho",4306,"Passo Fundo",43,"Rio Grande do Sul","RS",4,"Sul"
4305835,"Coqueiro Baixo",43021,"Lajeado-Estrela",4304,"Centro Oriental Rio-grandense",430041,"Lajeado",4308,"Santa Cruz do Sul - Lajeado",43,"Rio Grande do Sul","RS",4,"Sul"
4305850,"Coqueiros do Sul",43009,"Carazinho",4301,"Noroeste Rio-grandense",430028,"Carazinho",4306,"Passo Fundo",43,"Rio Grande do Sul","RS",4,"Sul"
4305871,"Coronel Barros",43008,"Ijuí",4301,"Noroeste Rio-grandense",430018,"Ijuí",4305,"Ijuí",43,"Rio Grande do Sul","RS",4,"Sul"
4305900,"Coronel Bicaco",43008,"Ijuí",4301,"Noroeste Rio-grandense",430018,"Ijuí",4305,"Ijuí",43,"Rio Grande do Sul","RS",4,"Sul"
4305934,"Coronel Pilar",43016,"Caxias do Sul",4302,"Nordeste Rio-grandense",430037,"Bento Gonçalves",4307,"Caxias do Sul",43,"Rio Grande do Sul","RS",4,"Sul"
4305959,"Cotiporã",43016,"Caxias do Sul",4302,"Nordeste Rio-grandense",430037,"Bento Gonçalves",4307,"Caxias do Sul",43,"Rio Grande do Sul","RS",4,"Sul"
4305975,"Coxilha",43010,"Passo Fundo",4301,"Noroeste Rio-grandense",430025,"Passo Fundo",4306,"Passo Fundo",43,"Rio Grande do Sul","RS",4,"Sul"
4306007,"Crissiumal",43002,"Três Passos",4301,"Noroeste Rio-grandense",430021,"Três Passos",4305,"Ijuí",43,"Rio Grande do Sul","RS",4,"Sul"
4306056,"Cristal",43033,"Pelotas",4307,"Sudeste Rio-grandense",430005,"Camaquã",4301,"Porto Alegre",43,"Rio Grande do Sul","RS",4,"Sul"
4306072,"Cristal do Sul",43003,"Frederico Westphalen",4301,"Noroeste Rio-grandense",430029,"Frederico Westphalen",4306,"Passo Fundo",43,"Rio Grande do Sul","RS",4,"Sul"
4306106,"Cruz Alta",43011,"Cruz Alta",4301,"Noroeste Rio-grandense",430027,"Cruz Alta",4306,"Passo Fundo",43,"Rio Grande do Sul","RS",4,"Sul"
4306130,"Cruzaltense",43004,"Erechim",4301,"Noroeste Rio-grandense",430026,"Erechim",4306,"Passo Fundo",43,"Rio Grande do Sul","RS",4,"Sul"
4306205,"Cruzeiro do Sul",43021,"Lajeado-Estrela",4304,"Centro Oriental Rio-grandense",430041,"Lajeado",4308,"Santa Cruz do Sul - Lajeado",43,"Rio Grande do Sul","RS",4,"Sul"
4306304,"David Canabarro",43010,"Passo Fundo",4301,"Noroeste Rio-grandense",430030,"Marau",4306,"Passo Fundo",43,"Rio Grande do Sul","RS",4,"Sul"
4306320,"Derrubadas",43002,"Três Passos",4301,"Noroeste Rio-grandense",430021,"Três Passos",4305,"Ijuí",43,"Rio Grande do Sul","RS",4,"Sul"
4306353,"Dezesseis de Novembro",43007,"Santo Ângelo",4301,"Noroeste Rio-grandense",430022,"São Luiz Gonzaga",4305,"Ijuí",43,"Rio Grande do Sul","RS",4,"Sul"
4306379,"Dilermando de Aguiar",43018,"Santa Maria",4303,"Centro Ocidental Rio-grandense",430011,"Santa Maria",4303,"Santa Maria",43,"Rio Grande do Sul","RS",4,"Sul"
4306403,"Dois Irmãos",43024,"Gramado-Canela",4305,"Metropolitana de Porto Alegre",430002,"Novo Hamburgo - São Leopoldo",4301,"Porto Alegre",43,"Rio Grande do Sul","RS",4,"Sul"
4306429,"Dois Irmãos das Missões",43003,"Frederico Westphalen",4301,"Noroeste Rio-grandense",430034,"Palmeira das Missões",4306,"Passo Fundo",43,"Rio Grande do Sul","RS",4,"Sul"
4306452,"Dois Lajeados",43014,"Guaporé",4302,"Nordeste Rio-grandense",430038,"Nova Prata - Guaporé",4307,"Caxias do Sul",43,"Rio Grande do Sul","RS",4,"Sul"
4306502,"Dom Feliciano",43028,"Camaquã",4305,"Metropolitana de Porto Alegre",430005,"Camaquã",4301,"Porto Alegre",43,"Rio Grande do Sul","RS",4,"Sul"
4306551,"Dom Pedro de Alcântara",43027,"Osório",4305,"Metropolitana de Porto Alegre",430008,"Torres",4301,"Porto Alegre",43,"Rio Grande do Sul","RS",4,"Sul"
4306601,"Dom Pedrito",43031,"Campanha Meridional",4306,"Sudoeste Rio-grandense",430010,"Bagé",4302,"Pelotas",43,"Rio Grande do Sul","RS",4,"Sul"
4306700,"Dona Francisca",43019,"Restinga Seca",4303,"Centro Ocidental Rio-grandense",430011,"Santa Maria",4303,"Santa Maria",43,"Rio Grande do Sul","RS",4,"Sul"
4306734,"Doutor Maurício Cardoso",43002,"Três Passos",4301,"Noroeste Rio-grandense",430023,"Três de Maio",4305,"Ijuí",43,"Rio Grande do Sul","RS",4,"Sul"
4306759,"Doutor Ricardo",43021,"Lajeado-Estrela",4304,"Centro Oriental Rio-grandense",430043,"Encantado",4308,"Santa Cruz do Sul - Lajeado",43,"Rio Grande do Sul","RS",4,"Sul"
4306767,"Eldorado do Sul",43026,"Porto Alegre",4305,"Metropolitana de Porto Alegre",430001,"Porto Alegre",4301,"Porto Alegre",43,"Rio Grande do Sul","RS",4,"Sul"
4306809,"Encantado",43021,"Lajeado-Estrela",4304,"Centro Oriental Rio-grandense",430043,"Encantado",4308,"Santa Cruz do Sul - Lajeado",43,"Rio Grande do Sul","RS",4,"Sul"
4306908,"Encruzilhada do Sul",43032,"Serras de Sudeste",4307,"Sudeste Rio-grandense",430040,"Santa Cruz do Sul",4308,"Santa Cruz do Sul - Lajeado",43,"Rio Grande do Sul","RS",4,"Sul"
4306924,"Engenho Velho",43003,"Frederico Westphalen",4301,"Noroeste Rio-grandense",430028,"Carazinho",4306,"Passo Fundo",43,"Rio Grande do Sul","RS",4,"Sul"
4306932,"Entre-Ijuís",43007,"Santo Ângelo",4301,"Noroeste Rio-grandense",430020,"Santo Ângelo",4305,"Ijuí",43,"Rio Grande do Sul","RS",4,"Sul"
4306957,"Entre Rios do Sul",43004,"Erechim",4301,"Noroeste Rio-grandense",430026,"Erechim",4306,"Passo Fundo",43,"Rio Grande do Sul","RS",4,"Sul"
4306973,"Erebango",43004,"Erechim",4301,"Noroeste Rio-grandense",430026,"Erechim",4306,"Passo Fundo",43,"Rio Grande do Sul","RS",4,"Sul"
4307005,"Erechim",43004,"Erechim",4301,"Noroeste Rio-grandense",430026,"Erechim",4306,"Passo Fundo",43,"Rio Grande do Sul","RS",4,"Sul"
4307054,"Ernestina",43010,"Passo Fundo",4301,"Noroeste Rio-grandense",430025,"Passo Fundo",4306,"Passo Fundo",43,"Rio Grande do Sul","RS",4,"Sul"
4307104,"Herval",43034,"Jaguarão",4307,"Sudeste Rio-grandense",430009,"Pelotas",4302,"Pelotas",43,"Rio Grande do Sul","RS",4,"Sul"
4307203,"Erval Grande",43004,"Erechim",4301,"Noroeste Rio-grandense",430026,"Erechim",4306,"Passo Fundo",43,"Rio Grande do Sul","RS",4,"Sul"
4307302,"Erval Seco",43003,"Frederico Westphalen",4301,"Noroeste Rio-grandense",430029,"Frederico Westphalen",4306,"Passo Fundo",43,"Rio Grande do Sul","RS",4,"Sul"
4307401,"Esmeralda",43015,"Vacaria",4302,"Nordeste Rio-grandense",430039,"Vacaria",4307,"Caxias do Sul",43,"Rio Grande do Sul","RS",4,"Sul"
4307450,"Esperança do Sul",43002,"Três Passos",4301,"Noroeste Rio-grandense",430021,"Três Passos",4305,"Ijuí",43,"Rio Grande do Sul","RS",4,"Sul"
4307500,"Espumoso",43011,"Cruz Alta",4301,"Noroeste Rio-grandense",430025,"Passo Fundo",4306,"Passo Fundo",43,"Rio Grande do Sul","RS",4,"Sul"
4307559,"Estação",43004,"Erechim",4301,"Noroeste Rio-grandense",430026,"Erechim",4306,"Passo Fundo",43,"Rio Grande do Sul","RS",4,"Sul"
4307609,"Estância Velha",43026,"Porto Alegre",4305,"Metropolitana de Porto Alegre",430002,"Novo Hamburgo - São Leopoldo",4301,"Porto Alegre",43,"Rio Grande do Sul","RS",4,"Sul"
4307708,"Esteio",43026,"Porto Alegre",4305,"Metropolitana de Porto Alegre",430001,"Porto Alegre",4301,"Porto Alegre",43,"Rio Grande do Sul","RS",4,"Sul"
4307807,"Estrela",43021,"Lajeado-Estrela",4304,"Centro Oriental Rio-grandense",430041,"Lajeado",4308,"Santa Cruz do Sul - Lajeado",43,"Rio Grande do Sul","RS",4,"Sul"
4307815,"Estrela Velha",43020,"Santa Cruz do Sul",4304,"Centro Oriental Rio-grandense",430042,"Sobradinho",4308,"Santa Cruz do Sul - Lajeado",43,"Rio Grande do Sul","RS",4,"Sul"
4307831,"Eugênio de Castro",43007,"Santo Ângelo",4301,"Noroeste Rio-grandense",430020,"Santo Ângelo",4305,"Ijuí",43,"Rio Grande do Sul","RS",4,"Sul"
4307864,"Fagundes Varela",43016,"Caxias do Sul",4302,"Nordeste Rio-grandense",430037,"Bento Gonçalves",4307,"Caxias do Sul",43,"Rio Grande do Sul","RS",4,"Sul"
4307906,"Farroupilha",43016,"Caxias do Sul",4302,"Nordeste Rio-grandense",430036,"Caxias do Sul",4307,"Caxias do Sul",43,"Rio Grande do Sul","RS",4,"Sul"
4308003,"Faxinal do Soturno",43019,"Restinga Seca",4303,"Centro Ocidental Rio-grandense",430011,"Santa Maria",4303,"Santa Maria",43,"Rio Grande do Sul","RS",4,"Sul"
4308052,"Faxinalzinho",43004,"Erechim",4301,"Noroeste Rio-grandense",430026,"Erechim",4306,"Passo Fundo",43,"Rio Grande do Sul","RS",4,"Sul"
4308078,"Fazenda Vilanova",43021,"Lajeado-Estrela",4304,"Centro Oriental Rio-grandense",430041,"Lajeado",4308,"Santa Cruz do Sul - Lajeado",43,"Rio Grande do Sul","RS",4,"Sul"
4308102,"Feliz",43023,"Montenegro",4305,"Metropolitana de Porto Alegre",430036,"Caxias do Sul",4307,"Caxias do Sul",43,"Rio Grande do Sul","RS",4,"Sul"
4308201,"Flores da Cunha",43016,"Caxias do Sul",4302,"Nordeste Rio-grandense",430036,"Caxias do Sul",4307,"Caxias do Sul",43,"Rio Grande do Sul","RS",4,"Sul"
4308250,"Floriano Peixoto",43004,"Erechim",4301,"Noroeste Rio-grandense",430026,"Erechim",4306,"Passo Fundo",43,"Rio Grande do Sul","RS",4,"Sul"
4308300,"Fontoura Xavier",43013,"Soledade",4301,"Noroeste Rio-grandense",430031,"Soledade",4306,"Passo Fundo",43,"Rio Grande do Sul","RS",4,"Sul"
4308409,"Formigueiro",43019,"Restinga Seca",4303,"Centro Ocidental Rio-grandense",430011,"Santa Maria",4303,"Santa Maria",43,"Rio Grande do Sul","RS",4,"Sul"
4308433,"Forquetinha",43021,"Lajeado-Estrela",4304,"Centro Oriental Rio-grandense",430041,"Lajeado",4308,"Santa Cruz do Sul - Lajeado",43,"Rio Grande do Sul","RS",4,"Sul"
4308458,"Fortaleza dos Valos",43011,"Cruz Alta",4301,"Noroeste Rio-grandense",430027,"Cruz Alta",4306,"Passo Fundo",43,"Rio Grande do Sul","RS",4,"Sul"
4308508,"Frederico Westphalen",43003,"Frederico Westphalen",4301,"Noroeste Rio-grandense",430029,"Frederico Westphalen",4306,"Passo Fundo",43,"Rio Grande do Sul","RS",4,"Sul"
4308607,"Garibaldi",43016,"Caxias do Sul",4302,"Nordeste Rio-grandense",430037,"Bento Gonçalves",4307,"Caxias do Sul",43,"Rio Grande do Sul","RS",4,"Sul"
4308656,"Garruchos",43029,"Campanha Ocidental",4306,"Sudoeste Rio-grandense",430022,"São Luiz Gonzaga",4305,"Ijuí",43,"Rio Grande do Sul","RS",4,"Sul"
4308706,"Gaurama",43004,"Erechim",4301,"Noroeste Rio-grandense",430026,"Erechim",4306,"Passo Fundo",43,"Rio Grande do Sul","RS",4,"Sul"
4308805,"General Câmara",43025,"São Jerônimo",4305,"Metropolitana de Porto Alegre",430006,"Charqueadas - Triunfo - São Jerônimo",4301,"Porto Alegre",43,"Rio Grande do Sul","RS",4,"Sul"
4308854,"Gentil",43010,"Passo Fundo",4301,"Noroeste Rio-grandense",430030,"Marau",4306,"Passo Fundo",43,"Rio Grande do Sul","RS",4,"Sul"
4308904,"Getúlio Vargas",43004,"Erechim",4301,"Noroeste Rio-grandense",430026,"Erechim",4306,"Passo Fundo",43,"Rio Grande do Sul","RS",4,"Sul"
4309001,"Giruá",43007,"Santo Ângelo",4301,"Noroeste Rio-grandense",430020,"Santo Ângelo",4305,"Ijuí",43,"Rio Grande do Sul","RS",4,"Sul"
4309050,"Glorinha",43026,"Porto Alegre",4305,"Metropolitana de Porto Alegre",430001,"Porto Alegre",4301,"Porto Alegre",43,"Rio Grande do Sul","RS",4,"Sul"
4309100,"Gramado",43024,"Gramado-Canela",4305,"Metropolitana de Porto Alegre",430036,"Caxias do Sul",4307,"Caxias do Sul",43,"Rio Grande do Sul","RS",4,"Sul"
4309126,"Gramado dos Loureiros",43003,"Frederico Westphalen",4301,"Noroeste Rio-grandense",430035,"Nonoai",4306,"Passo Fundo",43,"Rio Grande do Sul","RS",4,"Sul"
4309159,"Gramado Xavier",43020,"Santa Cruz do Sul",4304,"Centro Oriental Rio-grandense",430040,"Santa Cruz do Sul",4308,"Santa Cruz do Sul - Lajeado",43,"Rio Grande do Sul","RS",4,"Sul"
4309209,"Gravataí",43026,"Porto Alegre",4305,"Metropolitana de Porto Alegre",430001,"Porto Alegre",4301,"Porto Alegre",43,"Rio Grande do Sul","RS",4,"Sul"
4309258,"Guabiju",43014,"Guaporé",4302,"Nordeste Rio-grandense",430038,"Nova Prata - Guaporé",4307,"Caxias do Sul",43,"Rio Grande do Sul","RS",4,"Sul"
4309308,"Guaíba",43026,"Porto Alegre",4305,"Metropolitana de Porto Alegre",430001,"Porto Alegre",4301,"Porto Alegre",43,"Rio Grande do Sul","RS",4,"Sul"
4309407,"Guaporé",43014,"Guaporé",4302,"Nordeste Rio-grandense",430038,"Nova Prata - Guaporé",4307,"Caxias do Sul",43,"Rio Grande do Sul","RS",4,"Sul"
4309506,"Guarani das Missões",43006,"Cerro Largo",4301,"Noroeste Rio-grandense",430020,"Santo Ângelo",4305,"Ijuí",43,"Rio Grande do Sul","RS",4,"Sul"
4309555,"Harmonia",43023,"Montenegro",4305,"Metropolitana de Porto Alegre",430002,"Novo Hamburgo - São Leopoldo",4301,"Porto Alegre",43,"Rio Grande do Sul","RS",4,"Sul"
4309571,"Herveiras",43020,"Santa Cruz do Sul",4304,"Centro Oriental Rio-grandense",430040,"Santa Cruz do Sul",4308,"Santa Cruz do Sul - Lajeado",43,"Rio Grande do Sul","RS",4,"Sul"
4309605,"Horizontina",43002,"Três Passos",4301,"Noroeste Rio-grandense",430023,"Três de Maio",4305,"Ijuí",43,"Rio Grande do Sul","RS",4,"Sul"
4309654,"Hulha Negra",43031,"Campanha Meridional",4306,"Sudoeste Rio-grandense",430010,"Bagé",4302,"Pelotas",43,"Rio Grande do Sul","RS",4,"Sul"
4309704,"Humaitá",43002,"Três Passos",4301,"Noroeste Rio-grandense",430021,"Três Passos",4305,"Ijuí",43,"Rio Grande do Sul","RS",4,"Sul"
4309753,"Ibarama",43020,"Santa Cruz do Sul",4304,"Centro Oriental Rio-grandense",430042,"Sobradinho",4308,"Santa Cruz do Sul - Lajeado",43,"Rio Grande do Sul","RS",4,"Sul"
4309803,"Ibiaçá",43005,"Sananduva",4301,"Noroeste Rio-grandense",430032,"Tapejara - Sananduva",4306,"Passo Fundo",43,"Rio Grande do Sul","RS",4,"Sul"
4309902,"Ibiraiaras",43010,"Passo Fundo",4301,"Noroeste Rio-grandense",430033,"Lagoa Vermelha",4306,"Passo Fundo",43,"Rio Grande do Sul","RS",4,"Sul"
4309951,"Ibirapuitã",43013,"Soledade",4301,"Noroeste Rio-grandense",430031,"Soledade",4306,"Passo Fundo",43,"Rio Grande do Sul","RS",4,"Sul"
4310009,"Ibirubá",43011,"Cruz Alta",4301,"Noroeste Rio-grandense",430027,"Cruz Alta",4306,"Passo Fundo",43,"Rio Grande do Sul","RS",4,"Sul"
4310108,"Igrejinha",43024,"Gramado-Canela",4305,"Metropolitana de Porto Alegre",430004,"Taquara - Parobé - Igrejinha",4301,"Porto Alegre",43,"Rio Grande do Sul","RS",4,"Sul"
4310207,"Ijuí",43008,"Ijuí",4301,"Noroeste Rio-grandense",430018,"Ijuí",4305,"Ijuí",43,"Rio Grande do Sul","RS",4,"Sul"
4310306,"Ilópolis",43014,"Guaporé",4302,"Nordeste Rio-grandense",430043,"Encantado",4308,"Santa Cruz do Sul - Lajeado",43,"Rio Grande do Sul","RS",4,"Sul"
4310330,"Imbé",43027,"Osório",4305,"Metropolitana de Porto Alegre",430003,"Tramandaí - Osório",4301,"Porto Alegre",43,"Rio Grande do Sul","RS",4,"Sul"
4310363,"Imigrante",43021,"Lajeado-Estrela",4304,"Centro Oriental Rio-grandense",430041,"Lajeado",4308,"Santa Cruz do Sul - Lajeado",43,"Rio Grande do Sul","RS",4,"Sul"
4310405,"Independência",43001,"Santa Rosa",4301,"Noroeste Rio-grandense",430023,"Três de Maio",4305,"Ijuí",43,"Rio Grande do Sul","RS",4,"Sul"
4310413,"Inhacorá",43008,"Ijuí",4301,"Noroeste Rio-grandense",430018,"Ijuí",4305,"Ijuí",43,"Rio Grande do Sul","RS",4,"Sul"
4310439,"Ipê",43015,"Vacaria",4302,"Nordeste Rio-grandense",430036,"Caxias do Sul",4307,"Caxias do Sul",43,"Rio Grande do Sul","RS",4,"Sul"
4310462,"Ipiranga do Sul",43004,"Erechim",4301,"Noroeste Rio-grandense",430026,"Erechim",4306,"Passo Fundo",43,"Rio Grande do Sul","RS",4,"Sul"
4310504,"Iraí",43003,"Frederico Westphalen",4301,"Noroeste Rio-grandense",430029,"Frederico Westphalen",4306,"Passo Fundo",43,"Rio Grande do Sul","RS",4,"Sul"
4310538,"Itaara",43018,"Santa Maria",4303,"Centro Ocidental Rio-grandense",430011,"Santa Maria",4303,"Santa Maria",43,"Rio Grande do Sul","RS",4,"Sul"
4310553,"Itacurubi",43017,"Santiago",4303,"Centro Ocidental Rio-grandense",430014,"Santiago",4303,"Santa Maria",43,"Rio Grande do Sul","RS",4,"Sul"
4310579,"Itapuca",43014,"Guaporé",4302,"Nordeste Rio-grandense",430031,"Soledade",4306,"Passo Fundo",43,"Rio Grande do Sul","RS",4,"Sul"
4310603,"Itaqui",43029,"Campanha Ocidental",4306,"Sudoeste Rio-grandense",430017,"São Borja",4304,"Uruguaiana",43,"Rio Grande do Sul","RS",4,"Sul"
4310652,"Itati",43027,"Osório",4305,"Metropolitana de Porto Alegre",430003,"Tramandaí - Osório",4301,"Porto Alegre",43,"Rio Grande do Sul","RS",4,"Sul"
4310702,"Itatiba do Sul",43004,"Erechim",4301,"Noroeste Rio-grandense",430026,"Erechim",4306,"Passo Fundo",43,"Rio Grande do Sul","RS",4,"Sul"
4310751,"Ivorá",43019,"Restinga Seca",4303,"Centro Ocidental Rio-grandense",430011,"Santa Maria",4303,"Santa Maria",43,"Rio Grande do Sul","RS",4,"Sul"
4310801,"Ivoti",43024,"Gramado-Canela",4305,"Metropolitana de Porto Alegre",430002,"Novo Hamburgo - São Leopoldo",4301,"Porto Alegre",43,"Rio Grande do Sul","RS",4,"Sul"
4310850,"Jaboticaba",43009,"Carazinho",4301,"Noroeste Rio-grandense",430029,"Frederico Westphalen",4306,"Passo Fundo",43,"Rio Grande do Sul","RS",4,"Sul"
4310876,"Jacuizinho",43011,"Cruz Alta",4301,"Noroeste Rio-grandense",430027,"Cruz Alta",4306,"Passo Fundo",43,"Rio Grande do Sul","RS",4,"Sul"
4310900,"Jacutinga",43004,"Erechim",4301,"Noroeste Rio-grandense",430026,"Erechim",4306,"Passo Fundo",43,"Rio Grande do Sul","RS",4,"Sul"
4311007,"Jaguarão",43034,"Jaguarão",4307,"Sudeste Rio-grandense",430009,"Pelotas",4302,"Pelotas",43,"Rio Grande do Sul","RS",4,"Sul"
4311106,"Jaguari",43018,"Santa Maria",4303,"Centro Ocidental Rio-grandense",430011,"Santa Maria",4303,"Santa Maria",43,"Rio Grande do Sul","RS",4,"Sul"
4311122,"Jaquirana",43015,"Vacaria",4302,"Nordeste Rio-grandense",430039,"Vacaria",4307,"Caxias do Sul",43,"Rio Grande do Sul","RS",4,"Sul"
4311130,"Jari",43017,"Santiago",4303,"Centro Ocidental Rio-grandense",430011,"Santa Maria",4303,"Santa Maria",43,"Rio Grande do Sul","RS",4,"Sul"
4311155,"Jóia",43011,"Cruz Alta",4301,"Noroeste Rio-grandense",430018,"Ijuí",4305,"Ijuí",43,"Rio Grande do Sul","RS",4,"Sul"
4311205,"Júlio de Castilhos",43017,"Santiago",4303,"Centro Ocidental Rio-grandense",430011,"Santa Maria",4303,"Santa Maria",43,"Rio Grande do Sul","RS",4,"Sul"
4311239,"Lagoa Bonita do Sul",43020,"Santa Cruz do Sul",4304,"Centro Oriental Rio-grandense",430042,"Sobradinho",4308,"Santa Cruz do Sul - Lajeado",43,"Rio Grande do Sul","RS",4,"Sul"
4311254,"Lagoão",43013,"Soledade",4301,"Noroeste Rio-grandense",430042,"Sobradinho",4308,"Santa Cruz do Sul - Lajeado",43,"Rio Grande do Sul","RS",4,"Sul"
4311270,"Lagoa dos Três Cantos",43012,"Não-Me-Toque",4301,"Noroeste Rio-grandense",430025,"Passo Fundo",4306,"Passo Fundo",43,"Rio Grande do Sul","RS",4,"Sul"
4311304,"Lagoa Vermelha",43015,"Vacaria",4302,"Nordeste Rio-grandense",430033,"Lagoa Vermelha",4306,"Passo Fundo",43,"Rio Grande do Sul","RS",4,"Sul"
4311403,"Lajeado",43021,"Lajeado-Estrela",4304,"Centro Oriental Rio-grandense",430041,"Lajeado",4308,"Santa Cruz do Sul - Lajeado",43,"Rio Grande do Sul","RS",4,"Sul"
4311429,"Lajeado do Bugre",43009,"Carazinho",4301,"Noroeste Rio-grandense",430034,"Palmeira das Missões",4306,"Passo Fundo",43,"Rio Grande do Sul","RS",4,"Sul"
4311502,"Lavras do Sul",43031,"Campanha Meridional",4306,"Sudoeste Rio-grandense",430012,"São Gabriel - Caçapava do Sul",4303,"Santa Maria",43,"Rio Grande do Sul","RS",4,"Sul"
4311601,"Liberato Salzano",43003,"Frederico Westphalen",4301,"Noroeste Rio-grandense",430029,"Frederico Westphalen",4306,"Passo Fundo",43,"Rio Grande do Sul","RS",4,"Sul"
4311627,"Lindolfo Collor",43024,"Gramado-Canela",4305,"Metropolitana de Porto Alegre",430002,"Novo Hamburgo - São Leopoldo",4301,"Porto Alegre",43,"Rio Grande do Sul","RS",4,"Sul"
4311643,"Linha Nova",43023,"Montenegro",4305,"Metropolitana de Porto Alegre",430002,"Novo Hamburgo - São Leopoldo",4301,"Porto Alegre",43,"Rio Grande do Sul","RS",4,"Sul"
4311700,"Machadinho",43005,"Sananduva",4301,"Noroeste Rio-grandense",430033,"Lagoa Vermelha",4306,"Passo Fundo",43,"Rio Grande do Sul","RS",4,"Sul"
4311718,"Maçambará",43029,"Campanha Ocidental",4306,"Sudoeste Rio-grandense",430017,"São Borja",4304,"Uruguaiana",43,"Rio Grande do Sul","RS",4,"Sul"
4311734,"Mampituba",43027,"Osório",4305,"Metropolitana de Porto Alegre",430008,"Torres",4301,"Porto Alegre",43,"Rio Grande do Sul","RS",4,"Sul"
4311759,"Manoel Viana",43029,"Campanha Ocidental",4306,"Sudoeste Rio-grandense",430015,"Uruguaiana",4304,"Uruguaiana",43,"Rio Grande do Sul","RS",4,"Sul"
4311775,"Maquiné",43027,"Osório",4305,"Metropolitana de Porto Alegre",430003,"Tramandaí - Osório",4301,"Porto Alegre",43,"Rio Grande do Sul","RS",4,"Sul"
4311791,"Maratá",43023,"Montenegro",4305,"Metropolitana de Porto Alegre",430007,"Montenegro",4301,"Porto Alegre",43,"Rio Grande do Sul","RS",4,"Sul"
4311809,"Marau",43010,"Passo Fundo",4301,"Noroeste Rio-grandense",430030,"Marau",4306,"Passo Fundo",43,"Rio Grande do Sul","RS",4,"Sul"
4311908,"Marcelino Ramos",43004,"Erechim",4301,"Noroeste Rio-grandense",430026,"Erechim",4306,"Passo Fundo",43,"Rio Grande do Sul","RS",4,"Sul"
4311981,"Mariana Pimentel",43026,"Porto Alegre",4305,"Metropolitana de Porto Alegre",430001,"Porto Alegre",4301,"Porto Alegre",43,"Rio Grande do Sul","RS",4,"Sul"
4312005,"Mariano Moro",43004,"Erechim",4301,"Noroeste Rio-grandense",430026,"Erechim",4306,"Passo Fundo",43,"Rio Grande do Sul","RS",4,"Sul"
4312054,"Marques de Souza",43021,"Lajeado-Estrela",4304,"Centro Oriental Rio-grandense",430041,"Lajeado",4308,"Santa Cruz do Sul - Lajeado",43,"Rio Grande do Sul","RS",4,"Sul"
4312104,"Mata",43018,"Santa Maria",4303,"Centro Ocidental Rio-grandense",430011,"Santa Maria",4303,"Santa Maria",43,"Rio Grande do Sul","RS",4,"Sul"
4312138,"Mato Castelhano",43010,"Passo Fundo",4301,"Noroeste Rio-grandense",430025,"Passo Fundo",4306,"Passo Fundo",43,"Rio Grande do Sul","RS",4,"Sul"
4312153,"Mato Leitão",43020,"Santa Cruz do Sul",4304,"Centro Oriental Rio-grandense",430040,"Santa Cruz do Sul",4308,"Santa Cruz do Sul - Lajeado",43,"Rio Grande do Sul","RS",4,"Sul"
4312179,"Mato Queimado",43006,"Cerro Largo",4301,"Noroeste Rio-grandense",430024,"Cerro Largo",4305,"Ijuí",43,"Rio Grande do Sul","RS",4,"Sul"
4312203,"Maximiliano de Almeida",43005,"Sananduva",4301,"Noroeste Rio-grandense",430032,"Tapejara - Sananduva",4306,"Passo Fundo",43,"Rio Grande do Sul","RS",4,"Sul"
4312252,"Minas do Leão",43025,"São Jerônimo",4305,"Metropolitana de Porto Alegre",430006,"Charqueadas - Triunfo - São Jerônimo",4301,"Porto Alegre",43,"Rio Grande do Sul","RS",4,"Sul"
4312302,"Miraguaí",43002,"Três Passos",4301,"Noroeste Rio-grandense",430021,"Três Passos",4305,"Ijuí",43,"Rio Grande do Sul","RS",4,"Sul"
4312351,"Montauri",43014,"Guaporé",4302,"Nordeste Rio-grandense",430038,"Nova Prata - Guaporé",4307,"Caxias do Sul",43,"Rio Grande do Sul","RS",4,"Sul"
4312377,"Monte Alegre dos Campos",43015,"Vacaria",4302,"Nordeste Rio-grandense",430039,"Vacaria",4307,"Caxias do Sul",43,"Rio Grande do Sul","RS",4,"Sul"
4312385,"Monte Belo do Sul",43016,"Caxias do Sul",4302,"Nordeste Rio-grandense",430037,"Bento Gonçalves",4307,"Caxias do Sul",43,"Rio Grande do Sul","RS",4,"Sul"
4312401,"Montenegro",43023,"Montenegro",4305,"Metropolitana de Porto Alegre",430007,"Montenegro",4301,"Porto Alegre",43,"Rio Grande do Sul","RS",4,"Sul"
4312427,"Mormaço",43013,"Soledade",4301,"Noroeste Rio-grandense",430031,"Soledade",4306,"Passo Fundo",43,"Rio Grande do Sul","RS",4,"Sul"
4312443,"Morrinhos do Sul",43027,"Osório",4305,"Metropolitana de Porto Alegre",430008,"Torres",4301,"Porto Alegre",43,"Rio Grande do Sul","RS",4,"Sul"
4312450,"Morro Redondo",43033,"Pelotas",4307,"Sudeste Rio-grandense",430009,"Pelotas",4302,"Pelotas",43,"Rio Grande do Sul","RS",4,"Sul"
4312476,"Morro Reuter",43024,"Gramado-Canela",4305,"Metropolitana de Porto Alegre",430002,"Novo Hamburgo - São Leopoldo",4301,"Porto Alegre",43,"Rio Grande do Sul","RS",4,"Sul"
4312500,"Mostardas",43027,"Osório",4305,"Metropolitana de Porto Alegre",430001,"Porto Alegre",4301,"Porto Alegre",43,"Rio Grande do Sul","RS",4,"Sul"
4312609,"Muçum",43021,"Lajeado-Estrela",4304,"Centro Oriental Rio-grandense",430043,"Encantado",4308,"Santa Cruz do Sul - Lajeado",43,"Rio Grande do Sul","RS",4,"Sul"
4312617,"Muitos Capões",43015,"Vacaria",4302,"Nordeste Rio-grandense",430039,"Vacaria",4307,"Caxias do Sul",43,"Rio Grande do Sul","RS",4,"Sul"
4312625,"Muliterno",43010,"Passo Fundo",4301,"Noroeste Rio-grandense",430030,"Marau",4306,"Passo Fundo",43,"Rio Grande do Sul","RS",4,"Sul"
4312658,"Não-Me-Toque",43012,"Não-Me-Toque",4301,"Noroeste Rio-grandense",430028,"Carazinho",4306,"Passo Fundo",43,"Rio Grande do Sul","RS",4,"Sul"
4312674,"Nicolau Vergueiro",43010,"Passo Fundo",4301,"Noroeste Rio-grandense",430025,"Passo Fundo",4306,"Passo Fundo",43,"Rio Grande do Sul","RS",4,"Sul"
4312708,"Nonoai",43003,"Frederico Westphalen",4301,"Noroeste Rio-grandense",430035,"Nonoai",4306,"Passo Fundo",43,"Rio Grande do Sul","RS",4,"Sul"
4312757,"Nova Alvorada",43014,"Guaporé",4302,"Nordeste Rio-grandense",430030,"Marau",4306,"Passo Fundo",43,"Rio Grande do Sul","RS",4,"Sul"
4312807,"Nova Araçá",43014,"Guaporé",4302,"Nordeste Rio-grandense",430038,"Nova Prata - Guaporé",4307,"Caxias do Sul",43,"Rio Grande do Sul","RS",4,"Sul"
4312906,"Nova Bassano",43014,"Guaporé",4302,"Nordeste Rio-grandense",430038,"Nova Prata - Guaporé",4307,"Caxias do Sul",43,"Rio Grande do Sul","RS",4,"Sul"
4312955,"Nova Boa Vista",43009,"Carazinho",4301,"Noroeste Rio-grandense",430028,"Carazinho",4306,"Passo Fundo",43,"Rio Grande do Sul","RS",4,"Sul"
4313003,"Nova Bréscia",43021,"Lajeado-Estrela",4304,"Centro Oriental Rio-grandense",430043,"Encantado",4308,"Santa Cruz do Sul - Lajeado",43,"Rio Grande do Sul","RS",4,"Sul"
4313011,"Nova Candelária",43002,"Três Passos",4301,"Noroeste Rio-grandense",430023,"Três de Maio",4305,"Ijuí",43,"Rio Grande do Sul","RS",4,"Sul"
4313037,"Nova Esperança do Sul",43018,"Santa Maria",4303,"Centro Ocidental Rio-grandense",430014,"Santiago",4303,"Santa Maria",43,"Rio Grande do Sul","RS",4,"Sul"
4313060,"Nova Hartz",43026,"Porto Alegre",4305,"Metropolitana de Porto Alegre",430002,"Novo Hamburgo - São Leopoldo",4301,"Porto Alegre",43,"Rio Grande do Sul","RS",4,"Sul"
4313086,"Nova Pádua",43016,"Caxias do Sul",4302,"Nordeste Rio-grandense",430036,"Caxias do Sul",4307,"Caxias do Sul",43,"Rio Grande do Sul","RS",4,"Sul"
4313102,"Nova Palma",43019,"Restinga Seca",4303,"Centro Ocidental Rio-grandense",430011,"Santa Maria",4303,"Santa Maria",43,"Rio Grande do Sul","RS",4,"Sul"
4313201,"Nova Petrópolis",43024,"Gramado-Canela",4305,"Metropolitana de Porto Alegre",430036,"Caxias do Sul",4307,"Caxias do Sul",43,"Rio Grande do Sul","RS",4,"Sul"
4313300,"Nova Prata",43014,"Guaporé",4302,"Nordeste Rio-grandense",430038,"Nova Prata - Guaporé",4307,"Caxias do Sul",43,"Rio Grande do Sul","RS",4,"Sul"
4313334,"Nova Ramada",43008,"Ijuí",4301,"Noroeste Rio-grandense",430018,"Ijuí",4305,"Ijuí",43,"Rio Grande do Sul","RS",4,"Sul"
4313359,"Nova Roma do Sul",43016,"Caxias do Sul",4302,"Nordeste Rio-grandense",430036,"Caxias do Sul",4307,"Caxias do Sul",43,"Rio Grande do Sul","RS",4,"Sul"
4313375,"Nova Santa Rita",43026,"Porto Alegre",4305,"Metropolitana de Porto Alegre",430001,"Porto Alegre",4301,"Porto Alegre",43,"Rio Grande do Sul","RS",4,"Sul"
4313391,"Novo Cabrais",43022,"Cachoeira do Sul",4304,"Centro Oriental Rio-grandense",430013,"Cachoeira do Sul",4303,"Santa Maria",43,"Rio Grande do Sul","RS",4,"Sul"
4313409,"Novo Hamburgo",43026,"Porto Alegre",4305,"Metropolitana de Porto Alegre",430002,"Novo Hamburgo - São Leopoldo",4301,"Porto Alegre",43,"Rio Grande do Sul","RS",4,"Sul"
4313425,"Novo Machado",43001,"Santa Rosa",4301,"Noroeste Rio-grandense",430019,"Santa Rosa",4305,"Ijuí",43,"Rio Grande do Sul","RS",4,"Sul"
4313441,"Novo Tiradentes",43003,"Frederico Westphalen",4301,"Noroeste Rio-grandense",430029,"Frederico Westphalen",4306,"Passo Fundo",43,"Rio Grande do Sul","RS",4,"Sul"
4313466,"Novo Xingu",43003,"Frederico Westphalen",4301,"Noroeste Rio-grandense",430028,"Carazinho",4306,"Passo Fundo",43,"Rio Grande do Sul","RS",4,"Sul"
4313490,"Novo Barreiro",43009,"Carazinho",4301,"Noroeste Rio-grandense",430034,"Palmeira das Missões",4306,"Passo Fundo",43,"Rio Grande do Sul","RS",4,"Sul"
4313508,"Osório",43027,"Osório",4305,"Metropolitana de Porto Alegre",430003,"Tramandaí - Osório",4301,"Porto Alegre",43,"Rio Grande do Sul","RS",4,"Sul"
4313607,"Paim Filho",43005,"Sananduva",4301,"Noroeste Rio-grandense",430032,"Tapejara - Sananduva",4306,"Passo Fundo",43,"Rio Grande do Sul","RS",4,"Sul"
4313656,"Palmares do Sul",43027,"Osório",4305,"Metropolitana de Porto Alegre",430001,"Porto Alegre",4301,"Porto Alegre",43,"Rio Grande do Sul","RS",4,"Sul"
4313706,"Palmeira das Missões",43009,"Carazinho",4301,"Noroeste Rio-grandense",430034,"Palmeira das Missões",4306,"Passo Fundo",43,"Rio Grande do Sul","RS",4,"Sul"
4313805,"Palmitinho",43003,"Frederico Westphalen",4301,"Noroeste Rio-grandense",430029,"Frederico Westphalen",4306,"Passo Fundo",43,"Rio Grande do Sul","RS",4,"Sul"
4313904,"Panambi",43008,"Ijuí",4301,"Noroeste Rio-grandense",430018,"Ijuí",4305,"Ijuí",43,"Rio Grande do Sul","RS",4,"Sul"
4313953,"Pantano Grande",43022,"Cachoeira do Sul",4304,"Centro Oriental Rio-grandense",430040,"Santa Cruz do Sul",4308,"Santa Cruz do Sul - Lajeado",43,"Rio Grande do Sul","RS",4,"Sul"
4314001,"Paraí",43014,"Guaporé",4302,"Nordeste Rio-grandense",430038,"Nova Prata - Guaporé",4307,"Caxias do Sul",43,"Rio Grande do Sul","RS",4,"Sul"
4314027,"Paraíso do Sul",43022,"Cachoeira do Sul",4304,"Centro Oriental Rio-grandense",430013,"Cachoeira do Sul",4303,"Santa Maria",43,"Rio Grande do Sul","RS",4,"Sul"
4314035,"Pareci Novo",43023,"Montenegro",4305,"Metropolitana de Porto Alegre",430007,"Montenegro",4301,"Porto Alegre",43,"Rio Grande do Sul","RS",4,"Sul"
4314050,"Parobé",43026,"Porto Alegre",4305,"Metropolitana de Porto Alegre",430004,"Taquara - Parobé - Igrejinha",4301,"Porto Alegre",43,"Rio Grande do Sul","RS",4,"Sul"
4314068,"Passa Sete",43020,"Santa Cruz do Sul",4304,"Centro Oriental Rio-grandense",430042,"Sobradinho",4308,"Santa Cruz do Sul - Lajeado",43,"Rio Grande do Sul","RS",4,"Sul"
4314076,"Passo do Sobrado",43022,"Cachoeira do Sul",4304,"Centro Oriental Rio-grandense",430040,"Santa Cruz do Sul",4308,"Santa Cruz do Sul - Lajeado",43,"Rio Grande do Sul","RS",4,"Sul"
4314100,"Passo Fundo",43010,"Passo Fundo",4301,"Noroeste Rio-grandense",430025,"Passo Fundo",4306,"Passo Fundo",43,"Rio Grande do Sul","RS",4,"Sul"
4314134,"Paulo Bento",43004,"Erechim",4301,"Noroeste Rio-grandense",430026,"Erechim",4306,"Passo Fundo",43,"Rio Grande do Sul","RS",4,"Sul"
4314159,"Paverama",43021,"Lajeado-Estrela",4304,"Centro Oriental Rio-grandense",430041,"Lajeado",4308,"Santa Cruz do Sul - Lajeado",43,"Rio Grande do Sul","RS",4,"Sul"
4314175,"Pedras Altas",43032,"Serras de Sudeste",4307,"Sudeste Rio-grandense",430010,"Bagé",4302,"Pelotas",43,"Rio Grande do Sul","RS",4,"Sul"
4314209,"Pedro Osório",43033,"Pelotas",4307,"Sudeste Rio-grandense",430009,"Pelotas",4302,"Pelotas",43,"Rio Grande do Sul","RS",4,"Sul"
4314308,"Pejuçara",43008,"Ijuí",4301,"Noroeste Rio-grandense",430018,"Ijuí",4305,"Ijuí",43,"Rio Grande do Sul","RS",4,"Sul"
4314407,"Pelotas",43033,"Pelotas",4307,"Sudeste Rio-grandense",430009,"Pelotas",4302,"Pelotas",43,"Rio Grande do Sul","RS",4,"Sul"
4314423,"Picada Café",43024,"Gramado-Canela",4305,"Metropolitana de Porto Alegre",430036,"Caxias do Sul",4307,"Caxias do Sul",43,"Rio Grande do Sul","RS",4,"Sul"
4314456,"Pinhal",43009,"Carazinho",4301,"Noroeste Rio-grandense",430029,"Frederico Westphalen",4306,"Passo Fundo",43,"Rio Grande do Sul","RS",4,"Sul"
4314464,"Pinhal da Serra",43015,"Vacaria",4302,"Nordeste Rio-grandense",430039,"Vacaria",4307,"Caxias do Sul",43,"Rio Grande do Sul","RS",4,"Sul"
4314472,"Pinhal Grande",43017,"Santiago",4303,"Centro Ocidental Rio-grandense",430011,"Santa Maria",4303,"Santa Maria",43,"Rio Grande do Sul","RS",4,"Sul"
4314498,"Pinheirinho do Vale",43003,"Frederico Westphalen",4301,"Noroeste Rio-grandense",430029,"Frederico Westphalen",4306,"Passo Fundo",43,"Rio Grande do Sul","RS",4,"Sul"
4314506,"Pinheiro Machado",43032,"Serras de Sudeste",4307,"Sudeste Rio-grandense",430010,"Bagé",4302,"Pelotas",43,"Rio Grande do Sul","RS",4,"Sul"
4314548,"Pinto Bandeira",43016,"Caxias do Sul",4302,"Nordeste Rio-grandense",430037,"Bento Gonçalves",4307,"Caxias do Sul",43,"Rio Grande do Sul","RS",4,"Sul"
4314555,"Pirapó",43007,"Santo Ângelo",4301,"Noroeste Rio-grandense",430022,"São Luiz Gonzaga",4305,"Ijuí",43,"Rio Grande do Sul","RS",4,"Sul"
4314605,"Piratini",43032,"Serras de Sudeste",4307,"Sudeste Rio-grandense",430009,"Pelotas",4302,"Pelotas",43,"Rio Grande do Sul","RS",4,"Sul"
4314704,"Planalto",43003,"Frederico Westphalen",4301,"Noroeste Rio-grandense",430035,"Nonoai",4306,"Passo Fundo",43,"Rio Grande do Sul","RS",4,"Sul"
4314753,"Poço das Antas",43023,"Montenegro",4305,"Metropolitana de Porto Alegre",430041,"Lajeado",4308,"Santa Cruz do Sul - Lajeado",43,"Rio Grande do Sul","RS",4,"Sul"
4314779,"Pontão",43010,"Passo Fundo",4301,"Noroeste Rio-grandense",430025,"Passo Fundo",4306,"Passo Fundo",43,"Rio Grande do Sul","RS",4,"Sul"
4314787,"Ponte Preta",43004,"Erechim",4301,"Noroeste Rio-grandense",430026,"Erechim",4306,"Passo Fundo",43,"Rio Grande do Sul","RS",4,"Sul"
4314803,"Portão",43023,"Montenegro",4305,"Metropolitana de Porto Alegre",430002,"Novo Hamburgo - São Leopoldo",4301,"Porto Alegre",43,"Rio Grande do Sul","RS",4,"Sul"
4314902,"Porto Alegre",43026,"Porto Alegre",4305,"Metropolitana de Porto Alegre",430001,"Porto Alegre",4301,"Porto Alegre",43,"Rio Grande do Sul","RS",4,"Sul"
4315008,"Porto Lucena",43001,"Santa Rosa",4301,"Noroeste Rio-grandense",430019,"Santa Rosa",4305,"Ijuí",43,"Rio Grande do Sul","RS",4,"Sul"
4315057,"Porto Mauá",43001,"Santa Rosa",4301,"Noroeste Rio-grandense",430019,"Santa Rosa",4305,"Ijuí",43,"Rio Grande do Sul","RS",4,"Sul"
4315073,"Porto Vera Cruz",43001,"Santa Rosa",4301,"Noroeste Rio-grandense",430019,"Santa Rosa",4305,"Ijuí",43,"Rio Grande do Sul","RS",4,"Sul"
4315107,"Porto Xavier",43006,"Cerro Largo",4301,"Noroeste Rio-grandense",430024,"Cerro Largo",4305,"Ijuí",43,"Rio Grande do Sul","RS",4,"Sul"
4315131,"Pouso Novo",43021,"Lajeado-Estrela",4304,"Centro Oriental Rio-grandense",430041,"Lajeado",4308,"Santa Cruz do Sul - Lajeado",43,"Rio Grande do Sul","RS",4,"Sul"
4315149,"Presidente Lucena",43024,"Gramado-Canela",4305,"Metropolitana de Porto Alegre",430002,"Novo Hamburgo - São Leopoldo",4301,"Porto Alegre",43,"Rio Grande do Sul","RS",4,"Sul"
4315156,"Progresso",43021,"Lajeado-Estrela",4304,"Centro Oriental Rio-grandense",430041,"Lajeado",4308,"Santa Cruz do Sul - Lajeado",43,"Rio Grande do Sul","RS",4,"Sul"
4315172,"Protásio Alves",43014,"Guaporé",4302,"Nordeste Rio-grandense",430038,"Nova Prata - Guaporé",4307,"Caxias do Sul",43,"Rio Grande do Sul","RS",4,"Sul"
4315206,"Putinga",43014,"Guaporé",4302,"Nordeste Rio-grandense",430043,"Encantado",4308,"Santa Cruz do Sul - Lajeado",43,"Rio Grande do Sul","RS",4,"Sul"
4315305,"Quaraí",43029,"Campanha Ocidental",4306,"Sudoeste Rio-grandense",430016,"Santana do Livramento",4304,"Uruguaiana",43,"Rio Grande do Sul","RS",4,"Sul"
4315313,"Quatro Irmãos",43004,"Erechim",4301,"Noroeste Rio-grandense",430026,"Erechim",4306,"Passo Fundo",43,"Rio Grande do Sul","RS",4,"Sul"
4315321,"Quevedos",43017,"Santiago",4303,"Centro Ocidental Rio-grandense",430011,"Santa Maria",4303,"Santa Maria",43,"Rio Grande do Sul","RS",4,"Sul"
4315354,"Quinze de Novembro",43011,"Cruz Alta",4301,"Noroeste Rio-grandense",430027,"Cruz Alta",4306,"Passo Fundo",43,"Rio Grande do Sul","RS",4,"Sul"
4315404,"Redentora",43002,"Três Passos",4301,"Noroeste Rio-grandense",430021,"Três Passos",4305,"Ijuí",43,"Rio Grande do Sul","RS",4,"Sul"
4315453,"Relvado",43021,"Lajeado-Estrela",4304,"Centro Oriental Rio-grandense",430043,"Encantado",4308,"Santa Cruz do Sul - Lajeado",43,"Rio Grande do Sul","RS",4,"Sul"
4315503,"Restinga Sêca",43019,"Restinga Seca",4303,"Centro Ocidental Rio-grandense",430011,"Santa Maria",4303,"Santa Maria",43,"Rio Grande do Sul","RS",4,"Sul"
4315552,"Rio dos Índios",43003,"Frederico Westphalen",4301,"Noroeste Rio-grandense",430035,"Nonoai",4306,"Passo Fundo",43,"Rio Grande do Sul","RS",4,"Sul"
4315602,"Rio Grande",43035,"Litoral Lagunar",4307,"Sudeste Rio-grandense",430009,"Pelotas",4302,"Pelotas",43,"Rio Grande do Sul","RS",4,"Sul"
4315701,"Rio Pardo",43022,"Cachoeira do Sul",4304,"Centro Oriental Rio-grandense",430040,"Santa Cruz do Sul",4308,"Santa Cruz do Sul - Lajeado",43,"Rio Grande do Sul","RS",4,"Sul"
4315750,"Riozinho",43024,"Gramado-Canela",4305,"Metropolitana de Porto Alegre",430004,"Taquara - Parobé - Igrejinha",4301,"Porto Alegre",43,"Rio Grande do Sul","RS",4,"Sul"
4315800,"Roca Sales",43021,"Lajeado-Estrela",4304,"Centro Oriental Rio-grandense",430043,"Encantado",4308,"Santa Cruz do Sul - Lajeado",43,"Rio Grande do Sul","RS",4,"Sul"
4315909,"Rodeio Bonito",43003,"Frederico Westphalen",4301,"Noroeste Rio-grandense",430029,"Frederico Westphalen",4306,"Passo Fundo",43,"Rio Grande do Sul","RS",4,"Sul"
4315958,"Rolador",43007,"Santo Ângelo",4301,"Noroeste Rio-grandense",430022,"São Luiz Gonzaga",4305,"Ijuí",43,"Rio Grande do Sul","RS",4,"Sul"
4316006,"Rolante",43024,"Gramado-Canela",4305,"Metropolitana de Porto Alegre",430004,"Taquara - Parobé - Igrejinha",4301,"Porto Alegre",43,"Rio Grande do Sul","RS",4,"Sul"
4316105,"Ronda Alta",43010,"Passo Fundo",4301,"Noroeste Rio-grandense",430025,"Passo Fundo",4306,"Passo Fundo",43,"Rio Grande do Sul","RS",4,"Sul"
4316204,"Rondinha",43003,"Frederico Westphalen",4301,"Noroeste Rio-grandense",430028,"Carazinho",4306,"Passo Fundo",43,"Rio Grande do Sul","RS",4,"Sul"
4316303,"Roque Gonzales",43006,"Cerro Largo",4301,"Noroeste Rio-grandense",430024,"Cerro Largo",4305,"Ijuí",43,"Rio Grande do Sul","RS",4,"Sul"
4316402,"Rosário do Sul",43030,"Campanha Central",4306,"Sudoeste Rio-grandense",430016,"Santana do Livramento",4304,"Uruguaiana",43,"Rio Grande do Sul","RS",4,"Sul"
4316428,"Sagrada Família",43009,"Carazinho",4301,"Noroeste Rio-grandense",430034,"Palmeira das Missões",4306,"Passo Fundo",43,"Rio Grande do Sul","RS",4,"Sul"
4316436,"Saldanha Marinho",43011,"Cruz Alta",4301,"Noroeste Rio-grandense",430028,"Carazinho",4306,"Passo Fundo",43,"Rio Grande do Sul","RS",4,"Sul"
4316451,"Salto do Jacuí",43011,"Cruz Alta",4301,"Noroeste Rio-grandense",430027,"Cruz Alta",4306,"Passo Fundo",43,"Rio Grande do Sul","RS",4,"Sul"
4316477,"Salvador das Missões",43006,"Cerro Largo",4301,"Noroeste Rio-grandense",430024,"Cerro Largo",4305,"Ijuí",43,"Rio Grande do Sul","RS",4,"Sul"
4316501,"Salvador do Sul",43023,"Montenegro",4305,"Metropolitana de Porto Alegre",430007,"Montenegro",4301,"Porto Alegre",43,"Rio Grande do Sul","RS",4,"Sul"
4316600,"Sananduva",43005,"Sananduva",4301,"Noroeste Rio-grandense",430032,"Tapejara - Sananduva",4306,"Passo Fundo",43,"Rio Grande do Sul","RS",4,"Sul"
4316709,"Santa Bárbara do Sul",43011,"Cruz Alta",4301,"Noroeste Rio-grandense",430027,"Cruz Alta",4306,"Passo Fundo",43,"Rio Grande do Sul","RS",4,"Sul"
4316733,"Santa Cecília do Sul",43010,"Passo Fundo",4301,"Noroeste Rio-grandense",430032,"Tapejara - Sananduva",4306,"Passo Fundo",43,"Rio Grande do Sul","RS",4,"Sul"
4316758,"Santa Clara do Sul",43021,"Lajeado-Estrela",4304,"Centro Oriental Rio-grandense",430041,"Lajeado",4308,"Santa Cruz do Sul - Lajeado",43,"Rio Grande do Sul","RS",4,"Sul"
4316808,"Santa Cruz do Sul",43020,"Santa Cruz do Sul",4304,"Centro Oriental Rio-grandense",430040,"Santa Cruz do Sul",4308,"Santa Cruz do Sul - Lajeado",43,"Rio Grande do Sul","RS",4,"Sul"
4316907,"Santa Maria",43018,"Santa Maria",4303,"Centro Ocidental Rio-grandense",430011,"Santa Maria",4303,"Santa Maria",43,"Rio Grande do Sul","RS",4,"Sul"
4316956,"Santa Maria do Herval",43024,"Gramado-Canela",4305,"Metropolitana de Porto Alegre",430002,"Novo Hamburgo - São Leopoldo",4301,"Porto Alegre",43,"Rio Grande do Sul","RS",4,"Sul"
4316972,"Santa Margarida do Sul",43030,"Campanha Central",4306,"Sudoeste Rio-grandense",430012,"São Gabriel - Caçapava do Sul",4303,"Santa Maria",43,"Rio Grande do Sul","RS",4,"Sul"
4317004,"Santana da Boa Vista",43032,"Serras de Sudeste",4307,"Sudeste Rio-grandense",430012,"São Gabriel - Caçapava do Sul",4303,"Santa Maria",43,"Rio Grande do Sul","RS",4,"Sul"
4317103,"Sant'Ana do Livramento",43030,"Campanha Central",4306,"Sudoeste Rio-grandense",430016,"Santana do Livramento",4304,"Uruguaiana",43,"Rio Grande do Sul","RS",4,"Sul"
4317202,"Santa Rosa",43001,"Santa Rosa",4301,"Noroeste Rio-grandense",430019,"Santa Rosa",4305,"Ijuí",43,"Rio Grande do Sul","RS",4,"Sul"
4317251,"Santa Tereza",43016,"Caxias do Sul",4302,"Nordeste Rio-grandense",430037,"Bento Gonçalves",4307,"Caxias do Sul",43,"Rio Grande do Sul","RS",4,"Sul"
4317301,"Santa Vitória do Palmar",43035,"Litoral Lagunar",4307,"Sudeste Rio-grandense",430009,"Pelotas",4302,"Pelotas",43,"Rio Grande do Sul","RS",4,"Sul"
4317400,"Santiago",43017,"Santiago",4303,"Centro Ocidental Rio-grandense",430014,"Santiago",4303,"Santa Maria",43,"Rio Grande do Sul","RS",4,"Sul"
4317509,"Santo Ângelo",43007,"Santo Ângelo",4301,"Noroeste Rio-grandense",430020,"Santo Ângelo",4305,"Ijuí",43,"Rio Grande do Sul","RS",4,"Sul"
4317558,"Santo Antônio do Palma",43010,"Passo Fundo",4301,"Noroeste Rio-grandense",430030,"Marau",4306,"Passo Fundo",43,"Rio Grande do Sul","RS",4,"Sul"
4317608,"Santo Antônio da Patrulha",43027,"Osório",4305,"Metropolitana de Porto Alegre",430001,"Porto Alegre",4301,"Porto Alegre",43,"Rio Grande do Sul","RS",4,"Sul"
4317707,"Santo Antônio das Missões",43007,"Santo Ângelo",4301,"Noroeste Rio-grandense",430022,"São Luiz Gonzaga",4305,"Ijuí",43,"Rio Grande do Sul","RS",4,"Sul"
4317756,"Santo Antônio do Planalto",43009,"Carazinho",4301,"Noroeste Rio-grandense",430028,"Carazinho",4306,"Passo Fundo",43,"Rio Grande do Sul","RS",4,"Sul"
4317806,"Santo Augusto",43008,"Ijuí",4301,"Noroeste Rio-grandense",430018,"Ijuí",4305,"Ijuí",43,"Rio Grande do Sul","RS",4,"Sul"
4317905,"Santo Cristo",43001,"Santa Rosa",4301,"Noroeste Rio-grandense",430019,"Santa Rosa",4305,"Ijuí",43,"Rio Grande do Sul","RS",4,"Sul"
4317954,"Santo Expedito do Sul",43005,"Sananduva",4301,"Noroeste Rio-grandense",430032,"Tapejara - Sananduva",4306,"Passo Fundo",43,"Rio Grande do Sul","RS",4,"Sul"
4318002,"São Borja",43029,"Campanha Ocidental",4306,"Sudoeste Rio-grandense",430017,"São Borja",4304,"Uruguaiana",43,"Rio Grande do Sul","RS",4,"Sul"
4318051,"São Domingos do Sul",43010,"Passo Fundo",4301,"Noroeste Rio-grandense",430030,"Marau",4306,"Passo Fundo",43,"Rio Grande do Sul","RS",4,"Sul"
4318101,"São Francisco de Assis",43029,"Campanha Ocidental",4306,"Sudoeste Rio-grandense",430011,"Santa Maria",4303,"Santa Maria",43,"Rio Grande do Sul","RS",4,"Sul"
4318200,"São Francisco de Paula",43015,"Vacaria",4302,"Nordeste Rio-grandense",430036,"Caxias do Sul",4307,"Caxias do Sul",43,"Rio Grande do Sul","RS",4,"Sul"
4318309,"São Gabriel",43030,"Campanha Central",4306,"Sudoeste Rio-grandense",430012,"São Gabriel - Caçapava do Sul",4303,"Santa Maria",43,"Rio Grande do Sul","RS",4,"Sul"
4318408,"São Jerônimo",43025,"São Jerônimo",4305,"Metropolitana de Porto Alegre",430006,"Charqueadas - Triunfo - São Jerônimo",4301,"Porto Alegre",43,"Rio Grande do Sul","RS",4,"Sul"
4318424,"São João da Urtiga",43005,"Sananduva",4301,"Noroeste Rio-grandense",430032,"Tapejara - Sananduva",4306,"Passo Fundo",43,"Rio Grande do Sul","RS",4,"Sul"
4318432,"São João do Polêsine",43019,"Restinga Seca",4303,"Centro Ocidental Rio-grandense",430011,"Santa Maria",4303,"Santa Maria",43,"Rio Grande do Sul","RS",4,"Sul"
4318440,"São Jorge",43014,"Guaporé",4302,"Nordeste Rio-grandense",430038,"Nova Prata - Guaporé",4307,"Caxias do Sul",43,"Rio Grande do Sul","RS",4,"Sul"
4318457,"São José das Missões",43009,"Carazinho",4301,"Noroeste Rio-grandense",430034,"Palmeira das Missões",4306,"Passo Fundo",43,"Rio Grande do Sul","RS",4,"Sul"
4318465,"São José do Herval",43013,"Soledade",4301,"Noroeste Rio-grandense",430031,"Soledade",4306,"Passo Fundo",43,"Rio Grande do Sul","RS",4,"Sul"
4318481,"São José do Hortêncio",43023,"Montenegro",4305,"Metropolitana de Porto Alegre",430002,"Novo Hamburgo - São Leopoldo",4301,"Porto Alegre",43,"Rio Grande do Sul","RS",4,"Sul"
4318499,"São José do Inhacorá",43001,"Santa Rosa",4301,"Noroeste Rio-grandense",430023,"Três de Maio",4305,"Ijuí",43,"Rio Grande do Sul","RS",4,"Sul"
4318507,"São José do Norte",43035,"Litoral Lagunar",4307,"Sudeste Rio-grandense",430009,"Pelotas",4302,"Pelotas",43,"Rio Grande do Sul","RS",4,"Sul"
4318606,"São José do Ouro",43005,"Sananduva",4301,"Noroeste Rio-grandense",430033,"Lagoa Vermelha",4306,"Passo Fundo",43,"Rio Grande do Sul","RS",4,"Sul"
4318614,"São José do Sul",43023,"Montenegro",4305,"Metropolitana de Porto Alegre",430007,"Montenegro",4301,"Porto Alegre",43,"Rio Grande do Sul","RS",4,"Sul"
4318622,"São José dos Ausentes",43015,"Vacaria",4302,"Nordeste Rio-grandense",430039,"Vacaria",4307,"Caxias do Sul",43,"Rio Grande do Sul","RS",4,"Sul"
4318705,"São Leopoldo",43026,"Porto Alegre",4305,"Metropolitana de Porto Alegre",430002,"Novo Hamburgo - São Leopoldo",4301,"Porto Alegre",43,"Rio Grande do Sul","RS",4,"Sul"
4318804,"São Lourenço do Sul",43033,"Pelotas",4307,"Sudeste Rio-grandense",430009,"Pelotas",4302,"Pelotas",43,"Rio Grande do Sul","RS",4,"Sul"
4318903,"São Luiz Gonzaga",43007,"Santo Ângelo",4301,"Noroeste Rio-grandense",430022,"São Luiz Gonzaga",4305,"Ijuí",43,"Rio Grande do Sul","RS",4,"Sul"
4319000,"São Marcos",43016,"Caxias do Sul",4302,"Nordeste Rio-grandense",430036,"Caxias do Sul",4307,"Caxias do Sul",43,"Rio Grande do Sul","RS",4,"Sul"
4319109,"São Martinho",43002,"Três Passos",4301,"Noroeste Rio-grandense",430021,"Três Passos",4305,"Ijuí",43,"Rio Grande do Sul","RS",4,"Sul"
4319125,"São Martinho da Serra",43018,"Santa Maria",4303,"Centro Ocidental Rio-grandense",430011,"Santa Maria",4303,"Santa Maria",43,"Rio Grande do Sul","RS",4,"Sul"
4319158,"São Miguel das Missões",43007,"Santo Ângelo",4301,"Noroeste Rio-grandense",430020,"Santo Ângelo",4305,"Ijuí",43,"Rio Grande do Sul","RS",4,"Sul"
4319208,"São Nicolau",43007,"Santo Ângelo",4301,"Noroeste Rio-grandense",430022,"São Luiz Gonzaga",4305,"Ijuí",43,"Rio Grande do Sul","RS",4,"Sul"
4319307,"São Paulo das Missões",43006,"Cerro Largo",4301,"Noroeste Rio-grandense",430024,"Cerro Largo",4305,"Ijuí",43,"Rio Grande do Sul","RS",4,"Sul"
4319356,"São Pedro da Serra",43023,"Montenegro",4305,"Metropolitana de Porto Alegre",430007,"Montenegro",4301,"Porto Alegre",43,"Rio Grande do Sul","RS",4,"Sul"
4319364,"São Pedro das Missões",43009,"Carazinho",4301,"Noroeste Rio-grandense",430034,"Palmeira das Missões",4306,"Passo Fundo",43,"Rio Grande do Sul","RS",4,"Sul"
4319372,"São Pedro do Butiá",43006,"Cerro Largo",4301,"Noroeste Rio-grandense",430024,"Cerro Largo",4305,"Ijuí",43,"Rio Grande do Sul","RS",4,"Sul"
4319406,"São Pedro do Sul",43018,"Santa Maria",4303,"Centro Ocidental Rio-grandense",430011,"Santa Maria",4303,"Santa Maria",43,"Rio Grande do Sul","RS",4,"Sul"
4319505,"São Sebastião do Caí",43023,"Montenegro",4305,"Metropolitana de Porto Alegre",430002,"Novo Hamburgo - São Leopoldo",4301,"Porto Alegre",43,"Rio Grande do Sul","RS",4,"Sul"
4319604,"São Sepé",43018,"Santa Maria",4303,"Centro Ocidental Rio-grandense",430011,"Santa Maria",4303,"Santa Maria",43,"Rio Grande do Sul","RS",4,"Sul"
4319703,"São Valentim",43004,"Erechim",4301,"Noroeste Rio-grandense",430026,"Erechim",4306,"Passo Fundo",43,"Rio Grande do Sul","RS",4,"Sul"
4319711,"São Valentim do Sul",43014,"Guaporé",4302,"Nordeste Rio-grandense",430037,"Bento Gonçalves",4307,"Caxias do Sul",43,"Rio Grande do Sul","RS",4,"Sul"
4319737,"São Valério do Sul",43008,"Ijuí",4301,"Noroeste Rio-grandense",430018,"Ijuí",4305,"Ijuí",43,"Rio Grande do Sul","RS",4,"Sul"
4319752,"São Vendelino",43023,"Montenegro",4305,"Metropolitana de Porto Alegre",430002,"Novo Hamburgo - São Leopoldo",4301,"Porto Alegre",43,"Rio Grande do Sul","RS",4,"Sul"
4319802,"São Vicente do Sul",43018,"Santa Maria",4303,"Centro Ocidental Rio-grandense",430011,"Santa Maria",4303,"Santa Maria",43,"Rio Grande do Sul","RS",4,"Sul"
4319901,"Sapiranga",43026,"Porto Alegre",4305,"Metropolitana de Porto Alegre",430002,"Novo Hamburgo - São Leopoldo",4301,"Porto Alegre",43,"Rio Grande do Sul","RS",4,"Sul"
4320008,"Sapucaia do Sul",43026,"Porto Alegre",4305,"Metropolitana de Porto Alegre",430001,"Porto Alegre",4301,"Porto Alegre",43,"Rio Grande do Sul","RS",4,"Sul"
4320107,"Sarandi",43009,"Carazinho",4301,"Noroeste Rio-grandense",430028,"Carazinho",4306,"Passo Fundo",43,"Rio Grande do Sul","RS",4,"Sul"
4320206,"Seberi",43003,"Frederico Westphalen",4301,"Noroeste Rio-grandense",430029,"Frederico Westphalen",4306,"Passo Fundo",43,"Rio Grande do Sul","RS",4,"Sul"
4320230,"Sede Nova",43002,"Três Passos",4301,"Noroeste Rio-grandense",430021,"Três Passos",4305,"Ijuí",43,"Rio Grande do Sul","RS",4,"Sul"
4320263,"Segredo",43020,"Santa Cruz do Sul",4304,"Centro Oriental Rio-grandense",430042,"Sobradinho",4308,"Santa Cruz do Sul - Lajeado",43,"Rio Grande do Sul","RS",4,"Sul"
4320305,"Selbach",43012,"Não-Me-Toque",4301,"Noroeste Rio-grandense",430027,"Cruz Alta",4306,"Passo Fundo",43,"Rio Grande do Sul","RS",4,"Sul"
4320321,"Senador Salgado Filho",43007,"Santo Ângelo",4301,"Noroeste Rio-grandense",430019,"Santa Rosa",4305,"Ijuí",43,"Rio Grande do Sul","RS",4,"Sul"
4320354,"Sentinela do Sul",43028,"Camaquã",4305,"Metropolitana de Porto Alegre",430005,"Camaquã",4301,"Porto Alegre",43,"Rio Grande do Sul","RS",4,"Sul"
4320404,"Serafina Corrêa",43014,"Guaporé",4302,"Nordeste Rio-grandense",430038,"Nova Prata - Guaporé",4307,"Caxias do Sul",43,"Rio Grande do Sul","RS",4,"Sul"
4320453,"Sério",43021,"Lajeado-Estrela",4304,"Centro Oriental Rio-grandense",430041,"Lajeado",4308,"Santa Cruz do Sul - Lajeado",43,"Rio Grande do Sul","RS",4,"Sul"
4320503,"Sertão",43010,"Passo Fundo",4301,"Noroeste Rio-grandense",430025,"Passo Fundo",4306,"Passo Fundo",43,"Rio Grande do Sul","RS",4,"Sul"
4320552,"Sertão Santana",43026,"Porto Alegre",4305,"Metropolitana de Porto Alegre",430001,"Porto Alegre",4301,"Porto Alegre",43,"Rio Grande do Sul","RS",4,"Sul"
4320578,"Sete de Setembro",43006,"Cerro Largo",4301,"Noroeste Rio-grandense",430020,"Santo Ângelo",4305,"Ijuí",43,"Rio Grande do Sul","RS",4,"Sul"
4320602,"Severiano de Almeida",43004,"Erechim",4301,"Noroeste Rio-grandense",430026,"Erechim",4306,"Passo Fundo",43,"Rio Grande do Sul","RS",4,"Sul"
4320651,"Silveira Martins",43019,"Restinga Seca",4303,"Centro Ocidental Rio-grandense",430011,"Santa Maria",4303,"Santa Maria",43,"Rio Grande do Sul","RS",4,"Sul"
4320677,"Sinimbu",43020,"Santa Cruz do Sul",4304,"Centro Oriental Rio-grandense",430040,"Santa Cruz do Sul",4308,"Santa Cruz do Sul - Lajeado",43,"Rio Grande do Sul","RS",4,"Sul"
4320701,"Sobradinho",43020,"Santa Cruz do Sul",4304,"Centro Oriental Rio-grandense",430042,"Sobradinho",4308,"Santa Cruz do Sul - Lajeado",43,"Rio Grande do Sul","RS",4,"Sul"
4320800,"Soledade",43013,"Soledade",4301,"Noroeste Rio-grandense",430031,"Soledade",4306,"Passo Fundo",43,"Rio Grande do Sul","RS",4,"Sul"
4320859,"Tabaí",43021,"Lajeado-Estrela",4304,"Centro Oriental Rio-grandense",430041,"Lajeado",4308,"Santa Cruz do Sul - Lajeado",43,"Rio Grande do Sul","RS",4,"Sul"
4320909,"Tapejara",43010,"Passo Fundo",4301,"Noroeste Rio-grandense",430032,"Tapejara - Sananduva",4306,"Passo Fundo",43,"Rio Grande do Sul","RS",4,"Sul"
4321006,"Tapera",43012,"Não-Me-Toque",4301,"Noroeste Rio-grandense",430025,"Passo Fundo",4306,"Passo Fundo",43,"Rio Grande do Sul","RS",4,"Sul"
4321105,"Tapes",43028,"Camaquã",4305,"Metropolitana de Porto Alegre",430005,"Camaquã",4301,"Porto Alegre",43,"Rio Grande do Sul","RS",4,"Sul"
4321204,"Taquara",43024,"Gramado-Canela",4305,"Metropolitana de Porto Alegre",430004,"Taquara - Parobé - Igrejinha",4301,"Porto Alegre",43,"Rio Grande do Sul","RS",4,"Sul"
4321303,"Taquari",43021,"Lajeado-Estrela",4304,"Centro Oriental Rio-grandense",430041,"Lajeado",4308,"Santa Cruz do Sul - Lajeado",43,"Rio Grande do Sul","RS",4,"Sul"
4321329,"Taquaruçu do Sul",43003,"Frederico Westphalen",4301,"Noroeste Rio-grandense",430029,"Frederico Westphalen",4306,"Passo Fundo",43,"Rio Grande do Sul","RS",4,"Sul"
4321352,"Tavares",43027,"Osório",4305,"Metropolitana de Porto Alegre",430001,"Porto Alegre",4301,"Porto Alegre",43,"Rio Grande do Sul","RS",4,"Sul"
4321402,"Tenente Portela",43002,"Três Passos",4301,"Noroeste Rio-grandense",430021,"Três Passos",4305,"Ijuí",43,"Rio Grande do Sul","RS",4,"Sul"
4321436,"Terra de Areia",43027,"Osório",4305,"Metropolitana de Porto Alegre",430003,"Tramandaí - Osório",4301,"Porto Alegre",43,"Rio Grande do Sul","RS",4,"Sul"
4321451,"Teutônia",43021,"Lajeado-Estrela",4304,"Centro Oriental Rio-grandense",430041,"Lajeado",4308,"Santa Cruz do Sul - Lajeado",43,"Rio Grande do Sul","RS",4,"Sul"
4321469,"Tio Hugo",43012,"Não-Me-Toque",4301,"Noroeste Rio-grandense",430025,"Passo Fundo",4306,"Passo Fundo",43,"Rio Grande do Sul","RS",4,"Sul"
4321477,"Tiradentes do Sul",43002,"Três Passos",4301,"Noroeste Rio-grandense",430021,"Três Passos",4305,"Ijuí",43,"Rio Grande do Sul","RS",4,"Sul"
4321493,"Toropi",43018,"Santa Maria",4303,"Centro Ocidental Rio-grandense",430011,"Santa Maria",4303,"Santa Maria",43,"Rio Grande do Sul","RS",4,"Sul"
4321501,"Torres",43027,"Osório",4305,"Metropolitana de Porto Alegre",430008,"Torres",4301,"Porto Alegre",43,"Rio Grande do Sul","RS",4,"Sul"
4321600,"Tramandaí",43027,"Osório",4305,"Metropolitana de Porto Alegre",430003,"Tramandaí - Osório",4301,"Porto Alegre",43,"Rio Grande do Sul","RS",4,"Sul"
4321626,"Travesseiro",43021,"Lajeado-Estrela",4304,"Centro Oriental Rio-grandense",430041,"Lajeado",4308,"Santa Cruz do Sul - Lajeado",43,"Rio Grande do Sul","RS",4,"Sul"
4321634,"Três Arroios",43004,"Erechim",4301,"Noroeste Rio-grandense",430026,"Erechim",4306,"Passo Fundo",43,"Rio Grande do Sul","RS",4,"Sul"
4321667,"Três Cachoeiras",43027,"Osório",4305,"Metropolitana de Porto Alegre",430008,"Torres",4301,"Porto Alegre",43,"Rio Grande do Sul","RS",4,"Sul"
4321709,"Três Coroas",43024,"Gramado-Canela",4305,"Metropolitana de Porto Alegre",430004,"Taquara - Parobé - Igrejinha",4301,"Porto Alegre",43,"Rio Grande do Sul","RS",4,"Sul"
4321808,"Três de Maio",43001,"Santa Rosa",4301,"Noroeste Rio-grandense",430023,"Três de Maio",4305,"Ijuí",43,"Rio Grande do Sul","RS",4,"Sul"
4321832,"Três Forquilhas",43027,"Osório",4305,"Metropolitana de Porto Alegre",430008,"Torres",4301,"Porto Alegre",43,"Rio Grande do Sul","RS",4,"Sul"
4321857,"Três Palmeiras",43003,"Frederico Westphalen",4301,"Noroeste Rio-grandense",430025,"Passo Fundo",4306,"Passo Fundo",43,"Rio Grande do Sul","RS",4,"Sul"
4321907,"Três Passos",43002,"Três Passos",4301,"Noroeste Rio-grandense",430021,"Três Passos",4305,"Ijuí",43,"Rio Grande do Sul","RS",4,"Sul"
4321956,"Trindade do Sul",43003,"Frederico Westphalen",4301,"Noroeste Rio-grandense",430035,"Nonoai",4306,"Passo Fundo",43,"Rio Grande do Sul","RS",4,"Sul"
4322004,"Triunfo",43025,"São Jerônimo",4305,"Metropolitana de Porto Alegre",430006,"Charqueadas - Triunfo - São Jerônimo",4301,"Porto Alegre",43,"Rio Grande do Sul","RS",4,"Sul"
4322103,"Tucunduva",43001,"Santa Rosa",4301,"Noroeste Rio-grandense",430019,"Santa Rosa",4305,"Ijuí",43,"Rio Grande do Sul","RS",4,"Sul"
4322152,"Tunas",43013,"Soledade",4301,"Noroeste Rio-grandense",430042,"Sobradinho",4308,"Santa Cruz do Sul - Lajeado",43,"Rio Grande do Sul","RS",4,"Sul"
4322186,"Tupanci do Sul",43005,"Sananduva",4301,"Noroeste Rio-grandense",430033,"Lagoa Vermelha",4306,"Passo Fundo",43,"Rio Grande do Sul","RS",4,"Sul"
4322202,"Tupanciretã",43017,"Santiago",4303,"Centro Ocidental Rio-grandense",430027,"Cruz Alta",4306,"Passo Fundo",43,"Rio Grande do Sul","RS",4,"Sul"
4322251,"Tupandi",43023,"Montenegro",4305,"Metropolitana de Porto Alegre",430002,"Novo Hamburgo - São Leopoldo",4301,"Porto Alegre",43,"Rio Grande do Sul","RS",4,"Sul"
4322301,"Tuparendi",43001,"Santa Rosa",4301,"Noroeste Rio-grandense",430019,"Santa Rosa",4305,"Ijuí",43,"Rio Grande do Sul","RS",4,"Sul"
4322327,"Turuçu",43033,"Pelotas",4307,"Sudeste Rio-grandense",430009,"Pelotas",4302,"Pelotas",43,"Rio Grande do Sul","RS",4,"Sul"
4322343,"Ubiretama",43007,"Santo Ângelo",4301,"Noroeste Rio-grandense",430024,"Cerro Largo",4305,"Ijuí",43,"Rio Grande do Sul","RS",4,"Sul"
4322350,"União da Serra",43014,"Guaporé",4302,"Nordeste Rio-grandense",430038,"Nova Prata - Guaporé",4307,"Caxias do Sul",43,"Rio Grande do Sul","RS",4,"Sul"
4322376,"Unistalda",43017,"Santiago",4303,"Centro Ocidental Rio-grandense",430014,"Santiago",4303,"Santa Maria",43,"Rio Grande do Sul","RS",4,"Sul"
4322400,"Uruguaiana",43029,"Campanha Ocidental",4306,"Sudoeste Rio-grandense",430015,"Uruguaiana",4304,"Uruguaiana",43,"Rio Grande do Sul","RS",4,"Sul"
4322509,"Vacaria",43015,"Vacaria",4302,"Nordeste Rio-grandense",430039,"Vacaria",4307,"Caxias do Sul",43,"Rio Grande do Sul","RS",4,"Sul"
4322525,"Vale Verde",43025,"São Jerônimo",4305,"Metropolitana de Porto Alegre",430040,"Santa Cruz do Sul",4308,"Santa Cruz do Sul - Lajeado",43,"Rio Grande do Sul","RS",4,"Sul"
4322533,"Vale do Sol",43020,"Santa Cruz do Sul",4304,"Centro Oriental Rio-grandense",430040,"Santa Cruz do Sul",4308,"Santa Cruz do Sul - Lajeado",43,"Rio Grande do Sul","RS",4,"Sul"
4322541,"Vale Real",43023,"Montenegro",4305,"Metropolitana de Porto Alegre",430036,"Caxias do Sul",4307,"Caxias do Sul",43,"Rio Grande do Sul","RS",4,"Sul"
4322558,"Vanini",43010,"Passo Fundo",4301,"Noroeste Rio-grandense",430030,"Marau",4306,"Passo Fundo",43,"Rio Grande do Sul","RS",4,"Sul"
4322608,"Venâncio Aires",43020,"Santa Cruz do Sul",4304,"Centro Oriental Rio-grandense",430040,"Santa Cruz do Sul",4308,"Santa Cruz do Sul - Lajeado",43,"Rio Grande do Sul","RS",4,"Sul"
4322707,"Vera Cruz",43020,"Santa Cruz do Sul",4304,"Centro Oriental Rio-grandense",430040,"Santa Cruz do Sul",4308,"Santa Cruz do Sul - Lajeado",43,"Rio Grande do Sul","RS",4,"Sul"
4322806,"Veranópolis",43016,"Caxias do Sul",4302,"Nordeste Rio-grandense",430037,"Bento Gonçalves",4307,"Caxias do Sul",43,"Rio Grande do Sul","RS",4,"Sul"
4322855,"Vespasiano Corrêa",43021,"Lajeado-Estrela",4304,"Centro Oriental Rio-grandense",430043,"Encantado",4308,"Santa Cruz do Sul - Lajeado",43,"Rio Grande do Sul","RS",4,"Sul"
4322905,"Viadutos",43004,"Erechim",4301,"Noroeste Rio-grandense",430026,"Erechim",4306,"Passo Fundo",43,"Rio Grande do Sul","RS",4,"Sul"
4323002,"Viamão",43026,"Porto Alegre",4305,"Metropolitana de Porto Alegre",430001,"Porto Alegre",4301,"Porto Alegre",43,"Rio Grande do Sul","RS",4,"Sul"
4323101,"Vicente Dutra",43003,"Frederico Westphalen",4301,"Noroeste Rio-grandense",430029,"Frederico Westphalen",4306,"Passo Fundo",43,"Rio Grande do Sul","RS",4,"Sul"
4323200,"Victor Graeff",43012,"Não-Me-Toque",4301,"Noroeste Rio-grandense",430025,"Passo Fundo",4306,"Passo Fundo",43,"Rio Grande do Sul","RS",4,"Sul"
4323309,"Vila Flores",43016,"Caxias do Sul",4302,"Nordeste Rio-grandense",430037,"Bento Gonçalves",4307,"Caxias do Sul",43,"Rio Grande do Sul","RS",4,"Sul"
4323358,"Vila Lângaro",43010,"Passo Fundo",4301,"Noroeste Rio-grandense",430032,"Tapejara - Sananduva",4306,"Passo Fundo",43,"Rio Grande do Sul","RS",4,"Sul"
4323408,"Vila Maria",43010,"Passo Fundo",4301,"Noroeste Rio-grandense",430030,"Marau",4306,"Passo Fundo",43,"Rio Grande do Sul","RS",4,"Sul"
4323457,"Vila Nova do Sul",43018,"Santa Maria",4303,"Centro Ocidental Rio-grandense",430012,"São Gabriel - Caçapava do Sul",4303,"Santa Maria",43,"Rio Grande do Sul","RS",4,"Sul"
4323507,"Vista Alegre",43003,"Frederico Westphalen",4301,"Noroeste Rio-grandense",430029,"Frederico Westphalen",4306,"Passo Fundo",43,"Rio Grande do Sul","RS",4,"Sul"
4323606,"Vista Alegre do Prata",43014,"Guaporé",4302,"Nordeste Rio-grandense",430038,"Nova Prata - Guaporé",4307,"Caxias do Sul",43,"Rio Grande do Sul","RS",4,"Sul"
4323705,"Vista Gaúcha",43002,"Três Passos",4301,"Noroeste Rio-grandense",430021,"Três Passos",4305,"Ijuí",43,"Rio Grande do Sul","RS",4,"Sul"
4323754,"Vitória das Missões",43007,"Santo Ângelo",4301,"Noroeste Rio-grandense",430020,"Santo Ângelo",4305,"Ijuí",43,"Rio Grande do Sul","RS",4,"Sul"
4323770,"Westfália",43021,"Lajeado-Estrela",4304,"Centro Oriental Rio-grandense",430041,"Lajeado",4308,"Santa Cruz do Sul - Lajeado",43,"Rio Grande do Sul","RS",4,"Sul"
4323804,"Xangri-lá",43027,"Osório",4305,"Metropolitana de Porto Alegre",430003,"Tramandaí - Osório",4301,"Porto Alegre",43,"Rio Grande do Sul","RS",4,"Sul"
5000203,"Água Clara",50007,"Três Lagoas",5003,"Leste de Mato Grosso do Sul",500002,"Três Lagoas",5001,"Campo Grande",50,"Mato Grosso do Sul","MS",5,"Centro-Oeste"
5000252,"Alcinópolis",50003,"Alto Taquari",5002,"Centro Norte de Mato Grosso do Sul",500004,"Coxim",5001,"Campo Grande",50,"Mato Grosso do Sul","MS",5,"Centro-Oeste"
5000609,"Amambai",50010,"Dourados",5004,"Sudoeste de Mato Grosso do Sul",500009,"Amambai",5002,"Dourados",50,"Mato Grosso do Sul","MS",5,"Centro-Oeste"
5000708,"Anastácio",50002,"Aquidauana",5001,"Pantanais Sul Mato-grossense",500012,"Aquidauana - Anastácio",5003,"Corumbá",50,"Mato Grosso do Sul","MS",5,"Centro-Oeste"
5000807,"Anaurilândia",50008,"Nova Andradina",5003,"Leste de Mato Grosso do Sul",500007,"Nova Andradina",5002,"Dourados",50,"Mato Grosso do Sul","MS",5,"Centro-Oeste"
5000856,"Angélica",50011,"Iguatemi",5004,"Sudoeste de Mato Grosso do Sul",500007,"Nova Andradina",5002,"Dourados",50,"Mato Grosso do Sul","MS",5,"Centro-Oeste"
5000906,"Antônio João",50010,"Dourados",5004,"Sudoeste de Mato Grosso do Sul",500008,"Ponta Porã",5002,"Dourados",50,"Mato Grosso do Sul","MS",5,"Centro-Oeste"
5001003,"Aparecida do Taboado",50006,"Paranaíba",5003,"Leste de Mato Grosso do Sul",500003,"Paranaíba - Chapadão do Sul - Cassilândia",5001,"Campo Grande",50,"Mato Grosso do Sul","MS",5,"Centro-Oeste"
5001102,"Aquidauana",50002,"Aquidauana",5001,"Pantanais Sul Mato-grossense",500012,"Aquidauana - Anastácio",5003,"Corumbá",50,"Mato Grosso do Sul","MS",5,"Centro-Oeste"
5001243,"Aral Moreira",50010,"Dourados",5004,"Sudoeste de Mato Grosso do Sul",500008,"Ponta Porã",5002,"Dourados",50,"Mato Grosso do Sul","MS",5,"Centro-Oeste"
5001508,"Bandeirantes",50004,"Campo Grande",5002,"Centro Norte de Mato Grosso do Sul",500001,"Campo Grande",5001,"Campo Grande",50,"Mato Grosso do Sul","MS",5,"Centro-Oeste"
5001904,"Bataguassu",50008,"Nova Andradina",5003,"Leste de Mato Grosso do Sul",500002,"Três Lagoas",5001,"Campo Grande",50,"Mato Grosso do Sul","MS",5,"Centro-Oeste"
5002001,"Batayporã",50008,"Nova Andradina",5003,"Leste de Mato Grosso do Sul",500007,"Nova Andradina",5002,"Dourados",50,"Mato Grosso do Sul","MS",5,"Centro-Oeste"
5002100,"Bela Vista",50009,"Bodoquena",5004,"Sudoeste de Mato Grosso do Sul",500011,"Jardim",5003,"Corumbá",50,"Mato Grosso do Sul","MS",5,"Centro-Oeste"
5002159,"Bodoquena",50009,"Bodoquena",5004,"Sudoeste de Mato Grosso do Sul",500012,"Aquidauana - Anastácio",5003,"Corumbá",50,"Mato Grosso do Sul","MS",5,"Centro-Oeste"
5002209,"Bonito",50009,"Bodoquena",5004,"Sudoeste de Mato Grosso do Sul",500011,"Jardim",5003,"Corumbá",50,"Mato Grosso do Sul","MS",5,"Centro-Oeste"
5002308,"Brasilândia",50007,"Três Lagoas",5003,"Leste de Mato Grosso do Sul",500002,"Três Lagoas",5001,"Campo Grande",50,"Mato Grosso do Sul","MS",5,"Centro-Oeste"
5002407,"Caarapó",50010,"Dourados",5004,"Sudoeste de Mato Grosso do Sul",500005,"Dourados",5002,"Dourados",50,"Mato Grosso do Sul","MS",5,"Centro-Oeste"
5002605,"Camapuã",50003,"Alto Taquari",5002,"Centro Norte de Mato Grosso do Sul",500001,"Campo Grande",5001,"Campo Grande",50,"Mato Grosso do Sul","MS",5,"Centro-Oeste"
5002704,"Campo Grande",50004,"Campo Grande",5002,"Centro Norte de Mato Grosso do Sul",500001,"Campo Grande",5001,"Campo Grande",50,"Mato Grosso do Sul","MS",5,"Centro-Oeste"
5002803,"Caracol",50009,"Bodoquena",5004,"Sudoeste de Mato Grosso do Sul",500011,"Jardim",5003,"Corumbá",50,"Mato Grosso do Sul","MS",5,"Centro-Oeste"
5002902,"Cassilândia",50005,"Cassilândia",5003,"Leste de Mato Grosso do Sul",500003,"Paranaíba - Chapadão do Sul - Cassilândia",5001,"Campo Grande",50,"Mato Grosso do Sul","MS",5,"Centro-Oeste"
5002951,"Chapadão do Sul",50005,"Cassilândia",5003,"Leste de Mato Grosso do Sul",500003,"Paranaíba - Chapadão do Sul - Cassilândia",5001,"Campo Grande",50,"Mato Grosso do Sul","MS",5,"Centro-Oeste"
5003108,"Corguinho",50004,"Campo Grande",5002,"Centro Norte de Mato Grosso do Sul",500001,"Campo Grande",5001,"Campo Grande",50,"Mato Grosso do Sul","MS",5,"Centro-Oeste"
5003157,"Coronel Sapucaia",50011,"Iguatemi",5004,"Sudoeste de Mato Grosso do Sul",500009,"Amambai",5002,"Dourados",50,"Mato Grosso do Sul","MS",5,"Centro-Oeste"
5003207,"Corumbá",50001,"Baixo Pantanal",5001,"Pantanais Sul Mato-grossense",500010,"Corumbá",5003,"Corumbá",50,"Mato Grosso do Sul","MS",5,"Centro-Oeste"
5003256,"Costa Rica",50005,"Cassilândia",5003,"Leste de Mato Grosso do Sul",500004,"Coxim",5001,"Campo Grande",50,"Mato Grosso do Sul","MS",5,"Centro-Oeste"
5003306,"Coxim",50003,"Alto Taquari",5002,"Centro Norte de Mato Grosso do Sul",500004,"Coxim",5001,"Campo Grande",50,"Mato Grosso do Sul","MS",5,"Centro-Oeste"
5003454,"Deodápolis",50011,"Iguatemi",5004,"Sudoeste de Mato Grosso do Sul",500005,"Dourados",5002,"Dourados",50,"Mato Grosso do Sul","MS",5,"Centro-Oeste"
5003488,"Dois Irmãos do Buriti",50002,"Aquidauana",5001,"Pantanais Sul Mato-grossense",500001,"Campo Grande",5001,"Campo Grande",50,"Mato Grosso do Sul","MS",5,"Centro-Oeste"
5003504,"Douradina",50010,"Dourados",5004,"Sudoeste de Mato Grosso do Sul",500005,"Dourados",5002,"Dourados",50,"Mato Grosso do Sul","MS",5,"Centro-Oeste"
5003702,"Dourados",50010,"Dourados",5004,"Sudoeste de Mato Grosso do Sul",500005,"Dourados",5002,"Dourados",50,"Mato Grosso do Sul","MS",5,"Centro-Oeste"
5003751,"Eldorado",50011,"Iguatemi",5004,"Sudoeste de Mato Grosso do Sul",500006,"Naviraí - Mundo Novo",5002,"Dourados",50,"Mato Grosso do Sul","MS",5,"Centro-Oeste"
5003801,"Fátima do Sul",50010,"Dourados",5004,"Sudoeste de Mato Grosso do Sul",500005,"Dourados",5002,"Dourados",50,"Mato Grosso do Sul","MS",5,"Centro-Oeste"
5003900,"Figueirão",50003,"Alto Taquari",5002,"Centro Norte de Mato Grosso do Sul",500004,"Coxim",5001,"Campo Grande",50,"Mato Grosso do Sul","MS",5,"Centro-Oeste"
5004007,"Glória de Dourados",50011,"Iguatemi",5004,"Sudoeste de Mato Grosso do Sul",500005,"Dourados",5002,"Dourados",50,"Mato Grosso do Sul","MS",5,"Centro-Oeste"
5004106,"Guia Lopes da Laguna",50009,"Bodoquena",5004,"Sudoeste de Mato Grosso do Sul",500011,"Jardim",5003,"Corumbá",50,"Mato Grosso do Sul","MS",5,"Centro-Oeste"
5004304,"Iguatemi",50011,"Iguatemi",5004,"Sudoeste de Mato Grosso do Sul",500006,"Naviraí - Mundo Novo",5002,"Dourados",50,"Mato Grosso do Sul","MS",5,"Centro-Oeste"
5004403,"Inocência",50006,"Paranaíba",5003,"Leste de Mato Grosso do Sul",500003,"Paranaíba - Chapadão do Sul - Cassilândia",5001,"Campo Grande",50,"Mato Grosso do Sul","MS",5,"Centro-Oeste"
5004502,"Itaporã",50010,"Dourados",5004,"Sudoeste de Mato Grosso do Sul",500005,"Dourados",5002,"Dourados",50,"Mato Grosso do Sul","MS",5,"Centro-Oeste"
5004601,"Itaquiraí",50011,"Iguatemi",5004,"Sudoeste de Mato Grosso do Sul",500006,"Naviraí - Mundo Novo",5002,"Dourados",50,"Mato Grosso do Sul","MS",5,"Centro-Oeste"
5004700,"Ivinhema",50011,"Iguatemi",5004,"Sudoeste de Mato Grosso do Sul",500007,"Nova Andradina",5002,"Dourados",50,"Mato Grosso do Sul","MS",5,"Centro-Oeste"
5004809,"Japorã",50011,"Iguatemi",5004,"Sudoeste de Mato Grosso do Sul",500006,"Naviraí - Mundo Novo",5002,"Dourados",50,"Mato Grosso do Sul","MS",5,"Centro-Oeste"
5004908,"Jaraguari",50004,"Campo Grande",5002,"Centro Norte de Mato Grosso do Sul",500001,"Campo Grande",5001,"Campo Grande",50,"Mato Grosso do Sul","MS",5,"Centro-Oeste"
5005004,"Jardim",50009,"Bodoquena",5004,"Sudoeste de Mato Grosso do Sul",500011,"Jardim",5003,"Corumbá",50,"Mato Grosso do Sul","MS",5,"Centro-Oeste"
5005103,"Jateí",50011,"Iguatemi",5004,"Sudoeste de Mato Grosso do Sul",500005,"Dourados",5002,"Dourados",50,"Mato Grosso do Sul","MS",5,"Centro-Oeste"
5005152,"Juti",50010,"Dourados",5004,"Sudoeste de Mato Grosso do Sul",500005,"Dourados",5002,"Dourados",50,"Mato Grosso do Sul","MS",5,"Centro-Oeste"
5005202,"Ladário",50001,"Baixo Pantanal",5001,"Pantanais Sul Mato-grossense",500010,"Corumbá",5003,"Corumbá",50,"Mato Grosso do Sul","MS",5,"Centro-Oeste"
5005251,"Laguna Carapã",50010,"Dourados",5004,"Sudoeste de Mato Grosso do Sul",500005,"Dourados",5002,"Dourados",50,"Mato Grosso do Sul","MS",5,"Centro-Oeste"
5005400,"Maracaju",50010,"Dourados",5004,"Sudoeste de Mato Grosso do Sul",500005,"Dourados",5002,"Dourados",50,"Mato Grosso do Sul","MS",5,"Centro-Oeste"
5005608,"Miranda",50002,"Aquidauana",5001,"Pantanais Sul Mato-grossense",500012,"Aquidauana - Anastácio",5003,"Corumbá",50,"Mato Grosso do Sul","MS",5,"Centro-Oeste"
5005681,"Mundo Novo",50011,"Iguatemi",5004,"Sudoeste de Mato Grosso do Sul",500006,"Naviraí - Mundo Novo",5002,"Dourados",50,"Mato Grosso do Sul","MS",5,"Centro-Oeste"
5005707,"Naviraí",50011,"Iguatemi",5004,"Sudoeste de Mato Grosso do Sul",500006,"Naviraí - Mundo Novo",5002,"Dourados",50,"Mato Grosso do Sul","MS",5,"Centro-Oeste"
5005806,"Nioaque",50009,"Bodoquena",5004,"Sudoeste de Mato Grosso do Sul",500011,"Jardim",5003,"Corumbá",50,"Mato Grosso do Sul","MS",5,"Centro-Oeste"
5006002,"Nova Alvorada do Sul",50010,"Dourados",5004,"Sudoeste de Mato Grosso do Sul",500001,"Campo Grande",5001,"Campo Grande",50,"Mato Grosso do Sul","MS",5,"Centro-Oeste"
5006200,"Nova Andradina",50008,"Nova Andradina",5003,"Leste de Mato Grosso do Sul",500007,"Nova Andradina",5002,"Dourados",50,"Mato Grosso do Sul","MS",5,"Centro-Oeste"
5006259,"Novo Horizonte do Sul",50011,"Iguatemi",5004,"Sudoeste de Mato Grosso do Sul",500007,"Nova Andradina",5002,"Dourados",50,"Mato Grosso do Sul","MS",5,"Centro-Oeste"
5006275,"Paraíso das Águas",50005,"Cassilândia",5003,"Leste de Mato Grosso do Sul",500003,"Paranaíba - Chapadão do Sul - Cassilândia",5001,"Campo Grande",50,"Mato Grosso do Sul","MS",5,"Centro-Oeste"
5006309,"Paranaíba",50006,"Paranaíba",5003,"Leste de Mato Grosso do Sul",500003,"Paranaíba - Chapadão do Sul - Cassilândia",5001,"Campo Grande",50,"Mato Grosso do Sul","MS",5,"Centro-Oeste"
5006358,"Paranhos",50011,"Iguatemi",5004,"Sudoeste de Mato Grosso do Sul",500009,"Amambai",5002,"Dourados",50,"Mato Grosso do Sul","MS",5,"Centro-Oeste"
5006408,"Pedro Gomes",50003,"Alto Taquari",5002,"Centro Norte de Mato Grosso do Sul",500004,"Coxim",5001,"Campo Grande",50,"Mato Grosso do Sul","MS",5,"Centro-Oeste"
5006606,"Ponta Porã",50010,"Dourados",5004,"Sudoeste de Mato Grosso do Sul",500008,"Ponta Porã",5002,"Dourados",50,"Mato Grosso do Sul","MS",5,"Centro-Oeste"
5006903,"Porto Murtinho",50001,"Baixo Pantanal",5001,"Pantanais Sul Mato-grossense",500011,"Jardim",5003,"Corumbá",50,"Mato Grosso do Sul","MS",5,"Centro-Oeste"
5007109,"Ribas do Rio Pardo",50007,"Três Lagoas",5003,"Leste de Mato Grosso do Sul",500001,"Campo Grande",5001,"Campo Grande",50,"Mato Grosso do Sul","MS",5,"Centro-Oeste"
5007208,"Rio Brilhante",50010,"Dourados",5004,"Sudoeste de Mato Grosso do Sul",500005,"Dourados",5002,"Dourados",50,"Mato Grosso do Sul","MS",5,"Centro-Oeste"
5007307,"Rio Negro",50004,"Campo Grande",5002,"Centro Norte de Mato Grosso do Sul",500001,"Campo Grande",5001,"Campo Grande",50,"Mato Grosso do Sul","MS",5,"Centro-Oeste"
5007406,"Rio Verde de Mato Grosso",50003,"Alto Taquari",5002,"Centro Norte de Mato Grosso do Sul",500004,"Coxim",5001,"Campo Grande",50,"Mato Grosso do Sul","MS",5,"Centro-Oeste"
5007505,"Rochedo",50004,"Campo Grande",5002,"Centro Norte de Mato Grosso do Sul",500001,"Campo Grande",5001,"Campo Grande",50,"Mato Grosso do Sul","MS",5,"Centro-Oeste"
5007554,"Santa Rita do Pardo",50007,"Três Lagoas",5003,"Leste de Mato Grosso do Sul",500002,"Três Lagoas",5001,"Campo Grande",50,"Mato Grosso do Sul","MS",5,"Centro-Oeste"
5007695,"São Gabriel do Oeste",50003,"Alto Taquari",5002,"Centro Norte de Mato Grosso do Sul",500001,"Campo Grande",5001,"Campo Grande",50,"Mato Grosso do Sul","MS",5,"Centro-Oeste"
5007703,"Sete Quedas",50011,"Iguatemi",5004,"Sudoeste de Mato Grosso do Sul",500009,"Amambai",5002,"Dourados",50,"Mato Grosso do Sul","MS",5,"Centro-Oeste"
5007802,"Selvíria",50006,"Paranaíba",5003,"Leste de Mato Grosso do Sul",500002,"Três Lagoas",5001,"Campo Grande",50,"Mato Grosso do Sul","MS",5,"Centro-Oeste"
5007901,"Sidrolândia",50004,"Campo Grande",5002,"Centro Norte de Mato Grosso do Sul",500001,"Campo Grande",5001,"Campo Grande",50,"Mato Grosso do Sul","MS",5,"Centro-Oeste"
5007935,"Sonora",50003,"Alto Taquari",5002,"Centro Norte de Mato Grosso do Sul",500004,"Coxim",5001,"Campo Grande",50,"Mato Grosso do Sul","MS",5,"Centro-Oeste"
5007950,"Tacuru",50011,"Iguatemi",5004,"Sudoeste de Mato Grosso do Sul",500009,"Amambai",5002,"Dourados",50,"Mato Grosso do Sul","MS",5,"Centro-Oeste"
5007976,"Taquarussu",50008,"Nova Andradina",5003,"Leste de Mato Grosso do Sul",500007,"Nova Andradina",5002,"Dourados",50,"Mato Grosso do Sul","MS",5,"Centro-Oeste"
5008008,"Terenos",50004,"Campo Grande",5002,"Centro Norte de Mato Grosso do Sul",500001,"Campo Grande",5001,"Campo Grande",50,"Mato Grosso do Sul","MS",5,"Centro-Oeste"
5008305,"Três Lagoas",50007,"Três Lagoas",5003,"Leste de Mato Grosso do Sul",500002,"Três Lagoas",5001,"Campo Grande",50,"Mato Grosso do Sul","MS",5,"Centro-Oeste"
5008404,"Vicentina",50010,"Dourados",5004,"Sudoeste de Mato Grosso do Sul",500005,"Dourados",5002,"Dourados",50,"Mato Grosso do Sul","MS",5,"Centro-Oeste"
5100102,"Acorizal",51016,"Rosário Oeste",5104,"Centro-Sul Mato-grossense",510001,"Cuiabá",5101,"Cuiabá",51,"Mato Grosso","MT",5,"Centro-Oeste"
5100201,"Água Boa",51010,"Canarana",5102,"Nordeste Mato-grossense",510015,"Água Boa",5104,"Barra do Garças",51,"Mato Grosso","MT",5,"Centro-Oeste"
5100250,"Alta Floresta",51002,"Alta Floresta",5101,"Norte Mato-grossense",510010,"Alta Floresta",5103,"Sinop",51,"Mato Grosso","MT",5,"Centro-Oeste"
5100300,"Alto Araguaia",51022,"Alto Araguaia",5105,"Sudeste Mato-grossense",510016,"Rondonópolis",5105,"Rondonópolis",51,"Mato Grosso","MT",5,"Centro-Oeste"
5100359,"Alto Boa Vista",51009,"Norte Araguaia",5102,"Nordeste Mato-grossense",510014,"Confresa - Vila Rica",5104,"Barra do Garças",51,"Mato Grosso","MT",5,"Centro-Oeste"
5100409,"Alto Garças",51022,"Alto Araguaia",5105,"Sudeste Mato-grossense",510016,"Rondonópolis",5105,"Rondonópolis",51,"Mato Grosso","MT",5,"Centro-Oeste"
5100508,"Alto Paraguai",51015,"Alto Paraguai",5104,"Centro-Sul Mato-grossense",510003,"Diamantino",5101,"Cuiabá",51,"Mato Grosso","MT",5,"Centro-Oeste"
5100607,"Alto Taquari",51022,"Alto Araguaia",5105,"Sudeste Mato-grossense",510016,"Rondonópolis",5105,"Rondonópolis",51,"Mato Grosso","MT",5,"Centro-Oeste"
5100805,"Apiacás",51002,"Alta Floresta",5101,"Norte Mato-grossense",510010,"Alta Floresta",5103,"Sinop",51,"Mato Grosso","MT",5,"Centro-Oeste"
5101001,"Araguaiana",51011,"Médio Araguaia",5102,"Nordeste Mato-grossense",510013,"Barra do Garças",5104,"Barra do Garças",51,"Mato Grosso","MT",5,"Centro-Oeste"
5101209,"Araguainha",51020,"Tesouro",5105,"Sudeste Mato-grossense",510016,"Rondonópolis",5105,"Rondonópolis",51,"Mato Grosso","MT",5,"Centro-Oeste"
5101258,"Araputanga",51014,"Jauru",5103,"Sudoeste Mato-grossense",510006,"Mirassol D'oeste",5102,"Cáceres",51,"Mato Grosso","MT",5,"Centro-Oeste"
5101308,"Arenápolis",51015,"Alto Paraguai",5104,"Centro-Sul Mato-grossense",510003,"Diamantino",5101,"Cuiabá",51,"Mato Grosso","MT",5,"Centro-Oeste"
5101407,"Aripuanã",51001,"Aripuanã",5101,"Norte Mato-grossense",510009,"Juína",5103,"Sinop",51,"Mato Grosso","MT",5,"Centro-Oeste"
5101605,"Barão de Melgaço",51018,"Alto Pantanal",5104,"Centro-Sul Mato-grossense",510001,"Cuiabá",5101,"Cuiabá",51,"Mato Grosso","MT",5,"Centro-Oeste"
5101704,"Barra do Bugres",51013,"Tangará da Serra",5103,"Sudoeste Mato-grossense",510002,"Tangará da Serra",5101,"Cuiabá",51,"Mato Grosso","MT",5,"Centro-Oeste"
5101803,"Barra do Garças",51011,"Médio Araguaia",5102,"Nordeste Mato-grossense",510013,"Barra do Garças",5104,"Barra do Garças",51,"Mato Grosso","MT",5,"Centro-Oeste"
5101837,"Boa Esperança do Norte",NA,NA,NA,NA,510008,"Sorriso",5103,"Sinop",51,"Mato Grosso","MT",5,"Centro-Oeste"
5101852,"Bom Jesus do Araguaia",51009,"Norte Araguaia",5102,"Nordeste Mato-grossense",510014,"Confresa - Vila Rica",5104,"Barra do Garças",51,"Mato Grosso","MT",5,"Centro-Oeste"
5101902,"Brasnorte",51001,"Aripuanã",5101,"Norte Mato-grossense",510002,"Tangará da Serra",5101,"Cuiabá",51,"Mato Grosso","MT",5,"Centro-Oeste"
5102504,"Cáceres",51018,"Alto Pantanal",5104,"Centro-Sul Mato-grossense",510004,"Cáceres",5102,"Cáceres",51,"Mato Grosso","MT",5,"Centro-Oeste"
5102603,"Campinápolis",51010,"Canarana",5102,"Nordeste Mato-grossense",510015,"Água Boa",5104,"Barra do Garças",51,"Mato Grosso","MT",5,"Centro-Oeste"
5102637,"Campo Novo do Parecis",51004,"Parecis",5101,"Norte Mato-grossense",510002,"Tangará da Serra",5101,"Cuiabá",51,"Mato Grosso","MT",5,"Centro-Oeste"
5102678,"Campo Verde",51019,"Primavera do Leste",5105,"Sudeste Mato-grossense",510001,"Cuiabá",5101,"Cuiabá",51,"Mato Grosso","MT",5,"Centro-Oeste"
5102686,"Campos de Júlio",51004,"Parecis",5101,"Norte Mato-grossense",510005,"Pontes e Lacerda - Comodoro",5102,"Cáceres",51,"Mato Grosso","MT",5,"Centro-Oeste"
5102694,"Canabrava do Norte",51009,"Norte Araguaia",5102,"Nordeste Mato-grossense",510014,"Confresa - Vila Rica",5104,"Barra do Garças",51,"Mato Grosso","MT",5,"Centro-Oeste"
5102702,"Canarana",51010,"Canarana",5102,"Nordeste Mato-grossense",510015,"Água Boa",5104,"Barra do Garças",51,"Mato Grosso","MT",5,"Centro-Oeste"
5102793,"Carlinda",51002,"Alta Floresta",5101,"Norte Mato-grossense",510010,"Alta Floresta",5103,"Sinop",51,"Mato Grosso","MT",5,"Centro-Oeste"
5102850,"Castanheira",51001,"Aripuanã",5101,"Norte Mato-grossense",510009,"Juína",5103,"Sinop",51,"Mato Grosso","MT",5,"Centro-Oeste"
5103007,"Chapada dos Guimarães",51017,"Cuiabá",5104,"Centro-Sul Mato-grossense",510001,"Cuiabá",5101,"Cuiabá",51,"Mato Grosso","MT",5,"Centro-Oeste"
5103056,"Cláudia",51007,"Sinop",5101,"Norte Mato-grossense",510007,"Sinop",5103,"Sinop",51,"Mato Grosso","MT",5,"Centro-Oeste"
5103106,"Cocalinho",51011,"Médio Araguaia",5102,"Nordeste Mato-grossense",510015,"Água Boa",5104,"Barra do Garças",51,"Mato Grosso","MT",5,"Centro-Oeste"
5103205,"Colíder",51003,"Colíder",5101,"Norte Mato-grossense",510007,"Sinop",5103,"Sinop",51,"Mato Grosso","MT",5,"Centro-Oeste"
5103254,"Colniza",51001,"Aripuanã",5101,"Norte Mato-grossense",510009,"Juína",5103,"Sinop",51,"Mato Grosso","MT",5,"Centro-Oeste"
5103304,"Comodoro",51004,"Parecis",5101,"Norte Mato-grossense",510005,"Pontes e Lacerda - Comodoro",5102,"Cáceres",51,"Mato Grosso","MT",5,"Centro-Oeste"
5103353,"Confresa",51009,"Norte Araguaia",5102,"Nordeste Mato-grossense",510014,"Confresa - Vila Rica",5104,"Barra do Garças",51,"Mato Grosso","MT",5,"Centro-Oeste"
5103361,"Conquista D'Oeste",51012,"Alto Guaporé",5103,"Sudoeste Mato-grossense",510005,"Pontes e Lacerda - Comodoro",5102,"Cáceres",51,"Mato Grosso","MT",5,"Centro-Oeste"
5103379,"Cotriguaçu",51001,"Aripuanã",5101,"Norte Mato-grossense",510009,"Juína",5103,"Sinop",51,"Mato Grosso","MT",5,"Centro-Oeste"
5103403,"Cuiabá",51017,"Cuiabá",5104,"Centro-Sul Mato-grossense",510001,"Cuiabá",5101,"Cuiabá",51,"Mato Grosso","MT",5,"Centro-Oeste"
5103437,"Curvelândia",51018,"Alto Pantanal",5104,"Centro-Sul Mato-grossense",510004,"Cáceres",5102,"Cáceres",51,"Mato Grosso","MT",5,"Centro-Oeste"
5103452,"Denise",51013,"Tangará da Serra",5103,"Sudoeste Mato-grossense",510002,"Tangará da Serra",5101,"Cuiabá",51,"Mato Grosso","MT",5,"Centro-Oeste"
5103502,"Diamantino",51004,"Parecis",5101,"Norte Mato-grossense",510003,"Diamantino",5101,"Cuiabá",51,"Mato Grosso","MT",5,"Centro-Oeste"
5103601,"Dom Aquino",51021,"Rondonópolis",5105,"Sudeste Mato-grossense",510018,"Jaciara",5105,"Rondonópolis",51,"Mato Grosso","MT",5,"Centro-Oeste"
5103700,"Feliz Natal",51007,"Sinop",5101,"Norte Mato-grossense",510007,"Sinop",5103,"Sinop",51,"Mato Grosso","MT",5,"Centro-Oeste"
5103809,"Figueirópolis D'Oeste",51014,"Jauru",5103,"Sudoeste Mato-grossense",510006,"Mirassol D'oeste",5102,"Cáceres",51,"Mato Grosso","MT",5,"Centro-Oeste"
5103858,"Gaúcha do Norte",51008,"Paranatinga",5101,"Norte Mato-grossense",510015,"Água Boa",5104,"Barra do Garças",51,"Mato Grosso","MT",5,"Centro-Oeste"
5103908,"General Carneiro",51020,"Tesouro",5105,"Sudeste Mato-grossense",510013,"Barra do Garças",5104,"Barra do Garças",51,"Mato Grosso","MT",5,"Centro-Oeste"
5103957,"Glória D'Oeste",51014,"Jauru",5103,"Sudoeste Mato-grossense",510006,"Mirassol D'oeste",5102,"Cáceres",51,"Mato Grosso","MT",5,"Centro-Oeste"
5104104,"Guarantã do Norte",51003,"Colíder",5101,"Norte Mato-grossense",510011,"Peixoto de Azevedo - Guarantã do Norte",5103,"Sinop",51,"Mato Grosso","MT",5,"Centro-Oeste"
5104203,"Guiratinga",51020,"Tesouro",5105,"Sudeste Mato-grossense",510016,"Rondonópolis",5105,"Rondonópolis",51,"Mato Grosso","MT",5,"Centro-Oeste"
5104500,"Indiavaí",51014,"Jauru",5103,"Sudoeste Mato-grossense",510006,"Mirassol D'oeste",5102,"Cáceres",51,"Mato Grosso","MT",5,"Centro-Oeste"
5104526,"Ipiranga do Norte",51006,"Alto Teles Pires",5101,"Norte Mato-grossense",510008,"Sorriso",5103,"Sinop",51,"Mato Grosso","MT",5,"Centro-Oeste"
5104542,"Itanhangá",51006,"Alto Teles Pires",5101,"Norte Mato-grossense",510008,"Sorriso",5103,"Sinop",51,"Mato Grosso","MT",5,"Centro-Oeste"
5104559,"Itaúba",51007,"Sinop",5101,"Norte Mato-grossense",510007,"Sinop",5103,"Sinop",51,"Mato Grosso","MT",5,"Centro-Oeste"
5104609,"Itiquira",51021,"Rondonópolis",5105,"Sudeste Mato-grossense",510016,"Rondonópolis",5105,"Rondonópolis",51,"Mato Grosso","MT",5,"Centro-Oeste"
5104807,"Jaciara",51021,"Rondonópolis",5105,"Sudeste Mato-grossense",510018,"Jaciara",5105,"Rondonópolis",51,"Mato Grosso","MT",5,"Centro-Oeste"
5104906,"Jangada",51016,"Rosário Oeste",5104,"Centro-Sul Mato-grossense",510001,"Cuiabá",5101,"Cuiabá",51,"Mato Grosso","MT",5,"Centro-Oeste"
5105002,"Jauru",51014,"Jauru",5103,"Sudoeste Mato-grossense",510006,"Mirassol D'oeste",5102,"Cáceres",51,"Mato Grosso","MT",5,"Centro-Oeste"
5105101,"Juara",51005,"Arinos",5101,"Norte Mato-grossense",510012,"Juara",5103,"Sinop",51,"Mato Grosso","MT",5,"Centro-Oeste"
5105150,"Juína",51001,"Aripuanã",5101,"Norte Mato-grossense",510009,"Juína",5103,"Sinop",51,"Mato Grosso","MT",5,"Centro-Oeste"
5105176,"Juruena",51001,"Aripuanã",5101,"Norte Mato-grossense",510009,"Juína",5103,"Sinop",51,"Mato Grosso","MT",5,"Centro-Oeste"
5105200,"Juscimeira",51021,"Rondonópolis",5105,"Sudeste Mato-grossense",510018,"Jaciara",5105,"Rondonópolis",51,"Mato Grosso","MT",5,"Centro-Oeste"
5105234,"Lambari D'Oeste",51014,"Jauru",5103,"Sudoeste Mato-grossense",510004,"Cáceres",5102,"Cáceres",51,"Mato Grosso","MT",5,"Centro-Oeste"
5105259,"Lucas do Rio Verde",51006,"Alto Teles Pires",5101,"Norte Mato-grossense",510008,"Sorriso",5103,"Sinop",51,"Mato Grosso","MT",5,"Centro-Oeste"
5105309,"Luciara",51009,"Norte Araguaia",5102,"Nordeste Mato-grossense",510014,"Confresa - Vila Rica",5104,"Barra do Garças",51,"Mato Grosso","MT",5,"Centro-Oeste"
5105507,"Vila Bela da Santíssima Trindade",51012,"Alto Guaporé",5103,"Sudoeste Mato-grossense",510005,"Pontes e Lacerda - Comodoro",5102,"Cáceres",51,"Mato Grosso","MT",5,"Centro-Oeste"
5105580,"Marcelândia",51007,"Sinop",5101,"Norte Mato-grossense",510007,"Sinop",5103,"Sinop",51,"Mato Grosso","MT",5,"Centro-Oeste"
5105606,"Matupá",51003,"Colíder",5101,"Norte Mato-grossense",510011,"Peixoto de Azevedo - Guarantã do Norte",5103,"Sinop",51,"Mato Grosso","MT",5,"Centro-Oeste"
5105622,"Mirassol d'Oeste",51014,"Jauru",5103,"Sudoeste Mato-grossense",510006,"Mirassol D'oeste",5102,"Cáceres",51,"Mato Grosso","MT",5,"Centro-Oeste"
5105903,"Nobres",51006,"Alto Teles Pires",5101,"Norte Mato-grossense",510001,"Cuiabá",5101,"Cuiabá",51,"Mato Grosso","MT",5,"Centro-Oeste"
5106000,"Nortelândia",51015,"Alto Paraguai",5104,"Centro-Sul Mato-grossense",510003,"Diamantino",5101,"Cuiabá",51,"Mato Grosso","MT",5,"Centro-Oeste"
5106109,"Nossa Senhora do Livramento",51017,"Cuiabá",5104,"Centro-Sul Mato-grossense",510001,"Cuiabá",5101,"Cuiabá",51,"Mato Grosso","MT",5,"Centro-Oeste"
5106158,"Nova Bandeirantes",51002,"Alta Floresta",5101,"Norte Mato-grossense",510010,"Alta Floresta",5103,"Sinop",51,"Mato Grosso","MT",5,"Centro-Oeste"
5106174,"Nova Nazaré",51010,"Canarana",5102,"Nordeste Mato-grossense",510015,"Água Boa",5104,"Barra do Garças",51,"Mato Grosso","MT",5,"Centro-Oeste"
5106182,"Nova Lacerda",51012,"Alto Guaporé",5103,"Sudoeste Mato-grossense",510005,"Pontes e Lacerda - Comodoro",5102,"Cáceres",51,"Mato Grosso","MT",5,"Centro-Oeste"
5106190,"Nova Santa Helena",51007,"Sinop",5101,"Norte Mato-grossense",510007,"Sinop",5103,"Sinop",51,"Mato Grosso","MT",5,"Centro-Oeste"
5106208,"Nova Brasilândia",51008,"Paranatinga",5101,"Norte Mato-grossense",510001,"Cuiabá",5101,"Cuiabá",51,"Mato Grosso","MT",5,"Centro-Oeste"
5106216,"Nova Canaã do Norte",51003,"Colíder",5101,"Norte Mato-grossense",510007,"Sinop",5103,"Sinop",51,"Mato Grosso","MT",5,"Centro-Oeste"
5106224,"Nova Mutum",51006,"Alto Teles Pires",5101,"Norte Mato-grossense",510008,"Sorriso",5103,"Sinop",51,"Mato Grosso","MT",5,"Centro-Oeste"
5106232,"Nova Olímpia",51013,"Tangará da Serra",5103,"Sudoeste Mato-grossense",510002,"Tangará da Serra",5101,"Cuiabá",51,"Mato Grosso","MT",5,"Centro-Oeste"
5106240,"Nova Ubiratã",51006,"Alto Teles Pires",5101,"Norte Mato-grossense",510008,"Sorriso",5103,"Sinop",51,"Mato Grosso","MT",5,"Centro-Oeste"
5106257,"Nova Xavantina",51010,"Canarana",5102,"Nordeste Mato-grossense",510013,"Barra do Garças",5104,"Barra do Garças",51,"Mato Grosso","MT",5,"Centro-Oeste"
5106265,"Novo Mundo",51003,"Colíder",5101,"Norte Mato-grossense",510011,"Peixoto de Azevedo - Guarantã do Norte",5103,"Sinop",51,"Mato Grosso","MT",5,"Centro-Oeste"
5106273,"Novo Horizonte do Norte",51005,"Arinos",5101,"Norte Mato-grossense",510012,"Juara",5103,"Sinop",51,"Mato Grosso","MT",5,"Centro-Oeste"
5106281,"Novo São Joaquim",51010,"Canarana",5102,"Nordeste Mato-grossense",510013,"Barra do Garças",5104,"Barra do Garças",51,"Mato Grosso","MT",5,"Centro-Oeste"
5106299,"Paranaíta",51002,"Alta Floresta",5101,"Norte Mato-grossense",510010,"Alta Floresta",5103,"Sinop",51,"Mato Grosso","MT",5,"Centro-Oeste"
5106307,"Paranatinga",51008,"Paranatinga",5101,"Norte Mato-grossense",510017,"Primavera do Leste",5105,"Rondonópolis",51,"Mato Grosso","MT",5,"Centro-Oeste"
5106315,"Novo Santo Antônio",51009,"Norte Araguaia",5102,"Nordeste Mato-grossense",510014,"Confresa - Vila Rica",5104,"Barra do Garças",51,"Mato Grosso","MT",5,"Centro-Oeste"
5106372,"Pedra Preta",51021,"Rondonópolis",5105,"Sudeste Mato-grossense",510016,"Rondonópolis",5105,"Rondonópolis",51,"Mato Grosso","MT",5,"Centro-Oeste"
5106422,"Peixoto de Azevedo",51003,"Colíder",5101,"Norte Mato-grossense",510011,"Peixoto de Azevedo - Guarantã do Norte",5103,"Sinop",51,"Mato Grosso","MT",5,"Centro-Oeste"
5106455,"Planalto da Serra",51008,"Paranatinga",5101,"Norte Mato-grossense",510001,"Cuiabá",5101,"Cuiabá",51,"Mato Grosso","MT",5,"Centro-Oeste"
5106505,"Poconé",51018,"Alto Pantanal",5104,"Centro-Sul Mato-grossense",510001,"Cuiabá",5101,"Cuiabá",51,"Mato Grosso","MT",5,"Centro-Oeste"
5106653,"Pontal do Araguaia",51020,"Tesouro",5105,"Sudeste Mato-grossense",510013,"Barra do Garças",5104,"Barra do Garças",51,"Mato Grosso","MT",5,"Centro-Oeste"
5106703,"Ponte Branca",51020,"Tesouro",5105,"Sudeste Mato-grossense",510013,"Barra do Garças",5104,"Barra do Garças",51,"Mato Grosso","MT",5,"Centro-Oeste"
5106752,"Pontes e Lacerda",51012,"Alto Guaporé",5103,"Sudoeste Mato-grossense",510005,"Pontes e Lacerda - Comodoro",5102,"Cáceres",51,"Mato Grosso","MT",5,"Centro-Oeste"
5106778,"Porto Alegre do Norte",51009,"Norte Araguaia",5102,"Nordeste Mato-grossense",510014,"Confresa - Vila Rica",5104,"Barra do Garças",51,"Mato Grosso","MT",5,"Centro-Oeste"
5106802,"Porto dos Gaúchos",51005,"Arinos",5101,"Norte Mato-grossense",510012,"Juara",5103,"Sinop",51,"Mato Grosso","MT",5,"Centro-Oeste"
5106828,"Porto Esperidião",51014,"Jauru",5103,"Sudoeste Mato-grossense",510006,"Mirassol D'oeste",5102,"Cáceres",51,"Mato Grosso","MT",5,"Centro-Oeste"
5106851,"Porto Estrela",51013,"Tangará da Serra",5103,"Sudoeste Mato-grossense",510002,"Tangará da Serra",5101,"Cuiabá",51,"Mato Grosso","MT",5,"Centro-Oeste"
5107008,"Poxoréu",51020,"Tesouro",5105,"Sudeste Mato-grossense",510017,"Primavera do Leste",5105,"Rondonópolis",51,"Mato Grosso","MT",5,"Centro-Oeste"
5107040,"Primavera do Leste",51019,"Primavera do Leste",5105,"Sudeste Mato-grossense",510017,"Primavera do Leste",5105,"Rondonópolis",51,"Mato Grosso","MT",5,"Centro-Oeste"
5107065,"Querência",51010,"Canarana",5102,"Nordeste Mato-grossense",510015,"Água Boa",5104,"Barra do Garças",51,"Mato Grosso","MT",5,"Centro-Oeste"
5107107,"São José dos Quatro Marcos",51014,"Jauru",5103,"Sudoeste Mato-grossense",510006,"Mirassol D'oeste",5102,"Cáceres",51,"Mato Grosso","MT",5,"Centro-Oeste"
5107156,"Reserva do Cabaçal",51014,"Jauru",5103,"Sudoeste Mato-grossense",510006,"Mirassol D'oeste",5102,"Cáceres",51,"Mato Grosso","MT",5,"Centro-Oeste"
5107180,"Ribeirão Cascalheira",51009,"Norte Araguaia",5102,"Nordeste Mato-grossense",510015,"Água Boa",5104,"Barra do Garças",51,"Mato Grosso","MT",5,"Centro-Oeste"
5107198,"Ribeirãozinho",51020,"Tesouro",5105,"Sudeste Mato-grossense",510013,"Barra do Garças",5104,"Barra do Garças",51,"Mato Grosso","MT",5,"Centro-Oeste"
5107206,"Rio Branco",51014,"Jauru",5103,"Sudoeste Mato-grossense",510004,"Cáceres",5102,"Cáceres",51,"Mato Grosso","MT",5,"Centro-Oeste"
5107248,"Santa Carmem",51007,"Sinop",5101,"Norte Mato-grossense",510007,"Sinop",5103,"Sinop",51,"Mato Grosso","MT",5,"Centro-Oeste"
5107263,"Santo Afonso",51015,"Alto Paraguai",5104,"Centro-Sul Mato-grossense",510003,"Diamantino",5101,"Cuiabá",51,"Mato Grosso","MT",5,"Centro-Oeste"
5107297,"São José do Povo",51021,"Rondonópolis",5105,"Sudeste Mato-grossense",510016,"Rondonópolis",5105,"Rondonópolis",51,"Mato Grosso","MT",5,"Centro-Oeste"
5107305,"São José do Rio Claro",51005,"Arinos",5101,"Norte Mato-grossense",510003,"Diamantino",5101,"Cuiabá",51,"Mato Grosso","MT",5,"Centro-Oeste"
5107354,"São José do Xingu",51009,"Norte Araguaia",5102,"Nordeste Mato-grossense",510014,"Confresa - Vila Rica",5104,"Barra do Garças",51,"Mato Grosso","MT",5,"Centro-Oeste"
5107404,"São Pedro da Cipa",51021,"Rondonópolis",5105,"Sudeste Mato-grossense",510018,"Jaciara",5105,"Rondonópolis",51,"Mato Grosso","MT",5,"Centro-Oeste"
5107578,"Rondolândia",51001,"Aripuanã",5101,"Norte Mato-grossense",510009,"Juína",5103,"Sinop",51,"Mato Grosso","MT",5,"Centro-Oeste"
5107602,"Rondonópolis",51021,"Rondonópolis",5105,"Sudeste Mato-grossense",510016,"Rondonópolis",5105,"Rondonópolis",51,"Mato Grosso","MT",5,"Centro-Oeste"
5107701,"Rosário Oeste",51016,"Rosário Oeste",5104,"Centro-Sul Mato-grossense",510001,"Cuiabá",5101,"Cuiabá",51,"Mato Grosso","MT",5,"Centro-Oeste"
5107743,"Santa Cruz do Xingu",51009,"Norte Araguaia",5102,"Nordeste Mato-grossense",510014,"Confresa - Vila Rica",5104,"Barra do Garças",51,"Mato Grosso","MT",5,"Centro-Oeste"
5107750,"Salto do Céu",51014,"Jauru",5103,"Sudoeste Mato-grossense",510004,"Cáceres",5102,"Cáceres",51,"Mato Grosso","MT",5,"Centro-Oeste"
5107768,"Santa Rita do Trivelato",51006,"Alto Teles Pires",5101,"Norte Mato-grossense",510008,"Sorriso",5103,"Sinop",51,"Mato Grosso","MT",5,"Centro-Oeste"
5107776,"Santa Terezinha",51009,"Norte Araguaia",5102,"Nordeste Mato-grossense",510014,"Confresa - Vila Rica",5104,"Barra do Garças",51,"Mato Grosso","MT",5,"Centro-Oeste"
5107792,"Santo Antônio do Leste",51010,"Canarana",5102,"Nordeste Mato-grossense",510017,"Primavera do Leste",5105,"Rondonópolis",51,"Mato Grosso","MT",5,"Centro-Oeste"
5107800,"Santo Antônio de Leverger",51017,"Cuiabá",5104,"Centro-Sul Mato-grossense",510001,"Cuiabá",5101,"Cuiabá",51,"Mato Grosso","MT",5,"Centro-Oeste"
5107859,"São Félix do Araguaia",51009,"Norte Araguaia",5102,"Nordeste Mato-grossense",510014,"Confresa - Vila Rica",5104,"Barra do Garças",51,"Mato Grosso","MT",5,"Centro-Oeste"
5107875,"Sapezal",51004,"Parecis",5101,"Norte Mato-grossense",510002,"Tangará da Serra",5101,"Cuiabá",51,"Mato Grosso","MT",5,"Centro-Oeste"
5107883,"Serra Nova Dourada",51009,"Norte Araguaia",5102,"Nordeste Mato-grossense",510014,"Confresa - Vila Rica",5104,"Barra do Garças",51,"Mato Grosso","MT",5,"Centro-Oeste"
5107909,"Sinop",51007,"Sinop",5101,"Norte Mato-grossense",510007,"Sinop",5103,"Sinop",51,"Mato Grosso","MT",5,"Centro-Oeste"
5107925,"Sorriso",51006,"Alto Teles Pires",5101,"Norte Mato-grossense",510008,"Sorriso",5103,"Sinop",51,"Mato Grosso","MT",5,"Centro-Oeste"
5107941,"Tabaporã",51005,"Arinos",5101,"Norte Mato-grossense",510012,"Juara",5103,"Sinop",51,"Mato Grosso","MT",5,"Centro-Oeste"
5107958,"Tangará da Serra",51013,"Tangará da Serra",5103,"Sudoeste Mato-grossense",510002,"Tangará da Serra",5101,"Cuiabá",51,"Mato Grosso","MT",5,"Centro-Oeste"
5108006,"Tapurah",51006,"Alto Teles Pires",5101,"Norte Mato-grossense",510008,"Sorriso",5103,"Sinop",51,"Mato Grosso","MT",5,"Centro-Oeste"
5108055,"Terra Nova do Norte",51003,"Colíder",5101,"Norte Mato-grossense",510007,"Sinop",5103,"Sinop",51,"Mato Grosso","MT",5,"Centro-Oeste"
5108105,"Tesouro",51020,"Tesouro",5105,"Sudeste Mato-grossense",510016,"Rondonópolis",5105,"Rondonópolis",51,"Mato Grosso","MT",5,"Centro-Oeste"
5108204,"Torixoréu",51020,"Tesouro",5105,"Sudeste Mato-grossense",510013,"Barra do Garças",5104,"Barra do Garças",51,"Mato Grosso","MT",5,"Centro-Oeste"
5108303,"União do Sul",51007,"Sinop",5101,"Norte Mato-grossense",510007,"Sinop",5103,"Sinop",51,"Mato Grosso","MT",5,"Centro-Oeste"
5108352,"Vale de São Domingos",51012,"Alto Guaporé",5103,"Sudoeste Mato-grossense",510005,"Pontes e Lacerda - Comodoro",5102,"Cáceres",51,"Mato Grosso","MT",5,"Centro-Oeste"
5108402,"Várzea Grande",51017,"Cuiabá",5104,"Centro-Sul Mato-grossense",510001,"Cuiabá",5101,"Cuiabá",51,"Mato Grosso","MT",5,"Centro-Oeste"
5108501,"Vera",51007,"Sinop",5101,"Norte Mato-grossense",510008,"Sorriso",5103,"Sinop",51,"Mato Grosso","MT",5,"Centro-Oeste"
5108600,"Vila Rica",51009,"Norte Araguaia",5102,"Nordeste Mato-grossense",510014,"Confresa - Vila Rica",5104,"Barra do Garças",51,"Mato Grosso","MT",5,"Centro-Oeste"
5108808,"Nova Guarita",51003,"Colíder",5101,"Norte Mato-grossense",510007,"Sinop",5103,"Sinop",51,"Mato Grosso","MT",5,"Centro-Oeste"
5108857,"Nova Marilândia",51015,"Alto Paraguai",5104,"Centro-Sul Mato-grossense",510003,"Diamantino",5101,"Cuiabá",51,"Mato Grosso","MT",5,"Centro-Oeste"
5108907,"Nova Maringá",51005,"Arinos",5101,"Norte Mato-grossense",510003,"Diamantino",5101,"Cuiabá",51,"Mato Grosso","MT",5,"Centro-Oeste"
5108956,"Nova Monte Verde",51002,"Alta Floresta",5101,"Norte Mato-grossense",510010,"Alta Floresta",5103,"Sinop",51,"Mato Grosso","MT",5,"Centro-Oeste"
5200050,"Abadia de Goiás",52010,"Goiânia",5203,"Centro Goiano",520001,"Goiânia",5201,"Goiânia",52,"Goiás","GO",5,"Centro-Oeste"
5200100,"Abadiânia",52012,"Entorno de Brasília",5204,"Leste Goiano",520002,"Anápolis",5201,"Goiânia",52,"Goiás","GO",5,"Centro-Oeste"
5200134,"Acreúna",52014,"Vale do Rio dos Bois",5205,"Sul Goiano",520015,"Palmeiras de Goiás",5204,"São Luís de Montes Belos - Iporá",52,"Goiás","GO",5,"Centro-Oeste"
5200159,"Adelândia",52009,"Anicuns",5203,"Centro Goiano",520003,"Inhumas - Itaberaí - Anicuns",5201,"Goiânia",52,"Goiás","GO",5,"Centro-Oeste"
5200175,"Água Fria de Goiás",52012,"Entorno de Brasília",5204,"Leste Goiano",520022,"Flores de Goiás",5206,"Luziânia - Águas Lindas de Goiás",52,"Goiás","GO",5,"Centro-Oeste"
5200209,"Água Limpa",52015,"Meia Ponte",5205,"Sul Goiano",520008,"Caldas Novas-Morrinhos",5202,"Itumbiara",52,"Goiás","GO",5,"Centro-Oeste"
5200258,"Águas Lindas de Goiás",52012,"Entorno de Brasília",5204,"Leste Goiano",520020,"Águas Lindas de Goiás",5206,"Luziânia - Águas Lindas de Goiás",52,"Goiás","GO",5,"Centro-Oeste"
5200308,"Alexânia",52012,"Entorno de Brasília",5204,"Leste Goiano",520002,"Anápolis",5201,"Goiânia",52,"Goiás","GO",5,"Centro-Oeste"
5200506,"Aloândia",52015,"Meia Ponte",5205,"Sul Goiano",520007,"Itumbiara",5202,"Itumbiara",52,"Goiás","GO",5,"Centro-Oeste"
5200555,"Alto Horizonte",52004,"Porangatu",5202,"Norte Goiano",520017,"Uruaçu - Niquelândia",5205,"Porangatu - Uruaçu",52,"Goiás","GO",5,"Centro-Oeste"
5200605,"Alto Paraíso de Goiás",52005,"Chapada dos Veadeiros",5202,"Norte Goiano",520022,"Flores de Goiás",5206,"Luziânia - Águas Lindas de Goiás",52,"Goiás","GO",5,"Centro-Oeste"
5200803,"Alvorada do Norte",52011,"Vão do Paranã",5204,"Leste Goiano",520021,"Posse-Campos Belos",5206,"Luziânia - Águas Lindas de Goiás",52,"Goiás","GO",5,"Centro-Oeste"
5200829,"Amaralina",52004,"Porangatu",5202,"Norte Goiano",520017,"Uruaçu - Niquelândia",5205,"Porangatu - Uruaçu",52,"Goiás","GO",5,"Centro-Oeste"
5200852,"Americano do Brasil",52009,"Anicuns",5203,"Centro Goiano",520003,"Inhumas - Itaberaí - Anicuns",5201,"Goiânia",52,"Goiás","GO",5,"Centro-Oeste"
5200902,"Amorinópolis",52008,"Iporá",5203,"Centro Goiano",520014,"Iporá",5204,"São Luís de Montes Belos - Iporá",52,"Goiás","GO",5,"Centro-Oeste"
5201108,"Anápolis",52007,"Anápolis",5203,"Centro Goiano",520002,"Anápolis",5201,"Goiânia",52,"Goiás","GO",5,"Centro-Oeste"
5201207,"Anhanguera",52017,"Catalão",5205,"Sul Goiano",520004,"Catalão",5201,"Goiânia",52,"Goiás","GO",5,"Centro-Oeste"
5201306,"Anicuns",52009,"Anicuns",5203,"Centro Goiano",520003,"Inhumas - Itaberaí - Anicuns",5201,"Goiânia",52,"Goiás","GO",5,"Centro-Oeste"
5201405,"Aparecida de Goiânia",52010,"Goiânia",5203,"Centro Goiano",520001,"Goiânia",5201,"Goiânia",52,"Goiás","GO",5,"Centro-Oeste"
5201454,"Aparecida do Rio Doce",52013,"Sudoeste de Goiás",5205,"Sul Goiano",520010,"Rio Verde",5203,"Rio Verde",52,"Goiás","GO",5,"Centro-Oeste"
5201504,"Aporé",52013,"Sudoeste de Goiás",5205,"Sul Goiano",520011,"Jataí-Mineiros",5203,"Rio Verde",52,"Goiás","GO",5,"Centro-Oeste"
5201603,"Araçu",52007,"Anápolis",5203,"Centro Goiano",520003,"Inhumas - Itaberaí - Anicuns",5201,"Goiânia",52,"Goiás","GO",5,"Centro-Oeste"
5201702,"Aragarças",52003,"Aragarças",5201,"Noroeste Goiano",520014,"Iporá",5204,"São Luís de Montes Belos - Iporá",52,"Goiás","GO",5,"Centro-Oeste"
5201801,"Aragoiânia",52010,"Goiânia",5203,"Centro Goiano",520001,"Goiânia",5201,"Goiânia",52,"Goiás","GO",5,"Centro-Oeste"
5202155,"Araguapaz",52002,"Rio Vermelho",5201,"Noroeste Goiano",520005,"Goiás - Itapuranga",5201,"Goiânia",52,"Goiás","GO",5,"Centro-Oeste"
5202353,"Arenópolis",52003,"Aragarças",5201,"Noroeste Goiano",520014,"Iporá",5204,"São Luís de Montes Belos - Iporá",52,"Goiás","GO",5,"Centro-Oeste"
5202502,"Aruanã",52002,"Rio Vermelho",5201,"Noroeste Goiano",520005,"Goiás - Itapuranga",5201,"Goiânia",52,"Goiás","GO",5,"Centro-Oeste"
5202601,"Aurilândia",52009,"Anicuns",5203,"Centro Goiano",520013,"São Luís de Montes Belos",5204,"São Luís de Montes Belos - Iporá",52,"Goiás","GO",5,"Centro-Oeste"
5202809,"Avelinópolis",52009,"Anicuns",5203,"Centro Goiano",520003,"Inhumas - Itaberaí - Anicuns",5201,"Goiânia",52,"Goiás","GO",5,"Centro-Oeste"
5203104,"Baliza",52003,"Aragarças",5201,"Noroeste Goiano",520014,"Iporá",5204,"São Luís de Montes Belos - Iporá",52,"Goiás","GO",5,"Centro-Oeste"
5203203,"Barro Alto",52006,"Ceres",5203,"Centro Goiano",520018,"Ceres - Rialma - Goianésia",5205,"Porangatu - Uruaçu",52,"Goiás","GO",5,"Centro-Oeste"
5203302,"Bela Vista de Goiás",52010,"Goiânia",5203,"Centro Goiano",520001,"Goiânia",5201,"Goiânia",52,"Goiás","GO",5,"Centro-Oeste"
5203401,"Bom Jardim de Goiás",52003,"Aragarças",5201,"Noroeste Goiano",520014,"Iporá",5204,"São Luís de Montes Belos - Iporá",52,"Goiás","GO",5,"Centro-Oeste"
5203500,"Bom Jesus de Goiás",52015,"Meia Ponte",5205,"Sul Goiano",520007,"Itumbiara",5202,"Itumbiara",52,"Goiás","GO",5,"Centro-Oeste"
5203559,"Bonfinópolis",52010,"Goiânia",5203,"Centro Goiano",520001,"Goiânia",5201,"Goiânia",52,"Goiás","GO",5,"Centro-Oeste"
5203575,"Bonópolis",52004,"Porangatu",5202,"Norte Goiano",520016,"Porangatu",5205,"Porangatu - Uruaçu",52,"Goiás","GO",5,"Centro-Oeste"
5203609,"Brazabrantes",52007,"Anápolis",5203,"Centro Goiano",520001,"Goiânia",5201,"Goiânia",52,"Goiás","GO",5,"Centro-Oeste"
5203807,"Britânia",52002,"Rio Vermelho",5201,"Noroeste Goiano",520005,"Goiás - Itapuranga",5201,"Goiânia",52,"Goiás","GO",5,"Centro-Oeste"
5203906,"Buriti Alegre",52015,"Meia Ponte",5205,"Sul Goiano",520007,"Itumbiara",5202,"Itumbiara",52,"Goiás","GO",5,"Centro-Oeste"
5203939,"Buriti de Goiás",52009,"Anicuns",5203,"Centro Goiano",520013,"São Luís de Montes Belos",5204,"São Luís de Montes Belos - Iporá",52,"Goiás","GO",5,"Centro-Oeste"
5203962,"Buritinópolis",52011,"Vão do Paranã",5204,"Leste Goiano",520021,"Posse-Campos Belos",5206,"Luziânia - Águas Lindas de Goiás",52,"Goiás","GO",5,"Centro-Oeste"
5204003,"Cabeceiras",52012,"Entorno de Brasília",5204,"Leste Goiano",520020,"Águas Lindas de Goiás",5206,"Luziânia - Águas Lindas de Goiás",52,"Goiás","GO",5,"Centro-Oeste"
5204102,"Cachoeira Alta",52018,"Quirinópolis",5205,"Sul Goiano",520010,"Rio Verde",5203,"Rio Verde",52,"Goiás","GO",5,"Centro-Oeste"
5204201,"Cachoeira de Goiás",52008,"Iporá",5203,"Centro Goiano",520013,"São Luís de Montes Belos",5204,"São Luís de Montes Belos - Iporá",52,"Goiás","GO",5,"Centro-Oeste"
5204250,"Cachoeira Dourada",52015,"Meia Ponte",5205,"Sul Goiano",520007,"Itumbiara",5202,"Itumbiara",52,"Goiás","GO",5,"Centro-Oeste"
5204300,"Caçu",52018,"Quirinópolis",5205,"Sul Goiano",520010,"Rio Verde",5203,"Rio Verde",52,"Goiás","GO",5,"Centro-Oeste"
5204409,"Caiapônia",52013,"Sudoeste de Goiás",5205,"Sul Goiano",520011,"Jataí-Mineiros",5203,"Rio Verde",52,"Goiás","GO",5,"Centro-Oeste"
5204508,"Caldas Novas",52015,"Meia Ponte",5205,"Sul Goiano",520008,"Caldas Novas-Morrinhos",5202,"Itumbiara",52,"Goiás","GO",5,"Centro-Oeste"
5204557,"Caldazinha",52010,"Goiânia",5203,"Centro Goiano",520001,"Goiânia",5201,"Goiânia",52,"Goiás","GO",5,"Centro-Oeste"
5204607,"Campestre de Goiás",52014,"Vale do Rio dos Bois",5205,"Sul Goiano",520015,"Palmeiras de Goiás",5204,"São Luís de Montes Belos - Iporá",52,"Goiás","GO",5,"Centro-Oeste"
5204656,"Campinaçu",52004,"Porangatu",5202,"Norte Goiano",520016,"Porangatu",5205,"Porangatu - Uruaçu",52,"Goiás","GO",5,"Centro-Oeste"
5204706,"Campinorte",52004,"Porangatu",5202,"Norte Goiano",520017,"Uruaçu - Niquelândia",5205,"Porangatu - Uruaçu",52,"Goiás","GO",5,"Centro-Oeste"
5204805,"Campo Alegre de Goiás",52017,"Catalão",5205,"Sul Goiano",520004,"Catalão",5201,"Goiânia",52,"Goiás","GO",5,"Centro-Oeste"
5204854,"Campo Limpo de Goiás",52007,"Anápolis",5203,"Centro Goiano",520002,"Anápolis",5201,"Goiânia",52,"Goiás","GO",5,"Centro-Oeste"
5204904,"Campos Belos",52005,"Chapada dos Veadeiros",5202,"Norte Goiano",520021,"Posse-Campos Belos",5206,"Luziânia - Águas Lindas de Goiás",52,"Goiás","GO",5,"Centro-Oeste"
5204953,"Campos Verdes",52004,"Porangatu",5202,"Norte Goiano",520018,"Ceres - Rialma - Goianésia",5205,"Porangatu - Uruaçu",52,"Goiás","GO",5,"Centro-Oeste"
5205000,"Carmo do Rio Verde",52006,"Ceres",5203,"Centro Goiano",520018,"Ceres - Rialma - Goianésia",5205,"Porangatu - Uruaçu",52,"Goiás","GO",5,"Centro-Oeste"
5205059,"Castelândia",52013,"Sudoeste de Goiás",5205,"Sul Goiano",520010,"Rio Verde",5203,"Rio Verde",52,"Goiás","GO",5,"Centro-Oeste"
5205109,"Catalão",52017,"Catalão",5205,"Sul Goiano",520004,"Catalão",5201,"Goiânia",52,"Goiás","GO",5,"Centro-Oeste"
5205208,"Caturaí",52007,"Anápolis",5203,"Centro Goiano",520001,"Goiânia",5201,"Goiânia",52,"Goiás","GO",5,"Centro-Oeste"
5205307,"Cavalcante",52005,"Chapada dos Veadeiros",5202,"Norte Goiano",520022,"Flores de Goiás",5206,"Luziânia - Águas Lindas de Goiás",52,"Goiás","GO",5,"Centro-Oeste"
5205406,"Ceres",52006,"Ceres",5203,"Centro Goiano",520018,"Ceres - Rialma - Goianésia",5205,"Porangatu - Uruaçu",52,"Goiás","GO",5,"Centro-Oeste"
5205455,"Cezarina",52014,"Vale do Rio dos Bois",5205,"Sul Goiano",520015,"Palmeiras de Goiás",5204,"São Luís de Montes Belos - Iporá",52,"Goiás","GO",5,"Centro-Oeste"
5205471,"Chapadão do Céu",52013,"Sudoeste de Goiás",5205,"Sul Goiano",520011,"Jataí-Mineiros",5203,"Rio Verde",52,"Goiás","GO",5,"Centro-Oeste"
5205497,"Cidade Ocidental",52012,"Entorno de Brasília",5204,"Leste Goiano",520019,"Luziânia",5206,"Luziânia - Águas Lindas de Goiás",52,"Goiás","GO",5,"Centro-Oeste"
5205513,"Cocalzinho de Goiás",52012,"Entorno de Brasília",5204,"Leste Goiano",520020,"Águas Lindas de Goiás",5206,"Luziânia - Águas Lindas de Goiás",52,"Goiás","GO",5,"Centro-Oeste"
5205521,"Colinas do Sul",52005,"Chapada dos Veadeiros",5202,"Norte Goiano",520017,"Uruaçu - Niquelândia",5205,"Porangatu - Uruaçu",52,"Goiás","GO",5,"Centro-Oeste"
5205703,"Córrego do Ouro",52008,"Iporá",5203,"Centro Goiano",520013,"São Luís de Montes Belos",5204,"São Luís de Montes Belos - Iporá",52,"Goiás","GO",5,"Centro-Oeste"
5205802,"Corumbá de Goiás",52012,"Entorno de Brasília",5204,"Leste Goiano",520002,"Anápolis",5201,"Goiânia",52,"Goiás","GO",5,"Centro-Oeste"
5205901,"Corumbaíba",52017,"Catalão",5205,"Sul Goiano",520008,"Caldas Novas-Morrinhos",5202,"Itumbiara",52,"Goiás","GO",5,"Centro-Oeste"
5206206,"Cristalina",52012,"Entorno de Brasília",5204,"Leste Goiano",520019,"Luziânia",5206,"Luziânia - Águas Lindas de Goiás",52,"Goiás","GO",5,"Centro-Oeste"
5206305,"Cristianópolis",52016,"Pires do Rio",5205,"Sul Goiano",520009,"Piracanjuba",5202,"Itumbiara",52,"Goiás","GO",5,"Centro-Oeste"
5206404,"Crixás",52001,"São Miguel do Araguaia",5201,"Noroeste Goiano",520018,"Ceres - Rialma - Goianésia",5205,"Porangatu - Uruaçu",52,"Goiás","GO",5,"Centro-Oeste"
5206503,"Cromínia",52015,"Meia Ponte",5205,"Sul Goiano",520009,"Piracanjuba",5202,"Itumbiara",52,"Goiás","GO",5,"Centro-Oeste"
5206602,"Cumari",52017,"Catalão",5205,"Sul Goiano",520004,"Catalão",5201,"Goiânia",52,"Goiás","GO",5,"Centro-Oeste"
5206701,"Damianópolis",52011,"Vão do Paranã",5204,"Leste Goiano",520021,"Posse-Campos Belos",5206,"Luziânia - Águas Lindas de Goiás",52,"Goiás","GO",5,"Centro-Oeste"
5206800,"Damolândia",52007,"Anápolis",5203,"Centro Goiano",520003,"Inhumas - Itaberaí - Anicuns",5201,"Goiânia",52,"Goiás","GO",5,"Centro-Oeste"
5206909,"Davinópolis",52017,"Catalão",5205,"Sul Goiano",520004,"Catalão",5201,"Goiânia",52,"Goiás","GO",5,"Centro-Oeste"
5207105,"Diorama",52003,"Aragarças",5201,"Noroeste Goiano",520014,"Iporá",5204,"São Luís de Montes Belos - Iporá",52,"Goiás","GO",5,"Centro-Oeste"
5207253,"Doverlândia",52013,"Sudoeste de Goiás",5205,"Sul Goiano",520011,"Jataí-Mineiros",5203,"Rio Verde",52,"Goiás","GO",5,"Centro-Oeste"
5207352,"Edealina",52014,"Vale do Rio dos Bois",5205,"Sul Goiano",520009,"Piracanjuba",5202,"Itumbiara",52,"Goiás","GO",5,"Centro-Oeste"
5207402,"Edéia",52014,"Vale do Rio dos Bois",5205,"Sul Goiano",520015,"Palmeiras de Goiás",5204,"São Luís de Montes Belos - Iporá",52,"Goiás","GO",5,"Centro-Oeste"
5207501,"Estrela do Norte",52004,"Porangatu",5202,"Norte Goiano",520016,"Porangatu",5205,"Porangatu - Uruaçu",52,"Goiás","GO",5,"Centro-Oeste"
5207535,"Faina",52002,"Rio Vermelho",5201,"Noroeste Goiano",520005,"Goiás - Itapuranga",5201,"Goiânia",52,"Goiás","GO",5,"Centro-Oeste"
5207600,"Fazenda Nova",52008,"Iporá",5203,"Centro Goiano",520013,"São Luís de Montes Belos",5204,"São Luís de Montes Belos - Iporá",52,"Goiás","GO",5,"Centro-Oeste"
5207808,"Firminópolis",52009,"Anicuns",5203,"Centro Goiano",520015,"Palmeiras de Goiás",5204,"São Luís de Montes Belos - Iporá",52,"Goiás","GO",5,"Centro-Oeste"
5207907,"Flores de Goiás",52011,"Vão do Paranã",5204,"Leste Goiano",520022,"Flores de Goiás",5206,"Luziânia - Águas Lindas de Goiás",52,"Goiás","GO",5,"Centro-Oeste"
5208004,"Formosa",52012,"Entorno de Brasília",5204,"Leste Goiano",520020,"Águas Lindas de Goiás",5206,"Luziânia - Águas Lindas de Goiás",52,"Goiás","GO",5,"Centro-Oeste"
5208103,"Formoso",52004,"Porangatu",5202,"Norte Goiano",520016,"Porangatu",5205,"Porangatu - Uruaçu",52,"Goiás","GO",5,"Centro-Oeste"
5208152,"Gameleira de Goiás",52016,"Pires do Rio",5205,"Sul Goiano",520002,"Anápolis",5201,"Goiânia",52,"Goiás","GO",5,"Centro-Oeste"
5208301,"Divinópolis de Goiás",52011,"Vão do Paranã",5204,"Leste Goiano",520021,"Posse-Campos Belos",5206,"Luziânia - Águas Lindas de Goiás",52,"Goiás","GO",5,"Centro-Oeste"
5208400,"Goianápolis",52010,"Goiânia",5203,"Centro Goiano",520002,"Anápolis",5201,"Goiânia",52,"Goiás","GO",5,"Centro-Oeste"
5208509,"Goiandira",52017,"Catalão",5205,"Sul Goiano",520004,"Catalão",5201,"Goiânia",52,"Goiás","GO",5,"Centro-Oeste"
5208608,"Goianésia",52006,"Ceres",5203,"Centro Goiano",520018,"Ceres - Rialma - Goianésia",5205,"Porangatu - Uruaçu",52,"Goiás","GO",5,"Centro-Oeste"
5208707,"Goiânia",52010,"Goiânia",5203,"Centro Goiano",520001,"Goiânia",5201,"Goiânia",52,"Goiás","GO",5,"Centro-Oeste"
5208806,"Goianira",52010,"Goiânia",5203,"Centro Goiano",520001,"Goiânia",5201,"Goiânia",52,"Goiás","GO",5,"Centro-Oeste"
5208905,"Goiás",52002,"Rio Vermelho",5201,"Noroeste Goiano",520005,"Goiás - Itapuranga",5201,"Goiânia",52,"Goiás","GO",5,"Centro-Oeste"
5209101,"Goiatuba",52015,"Meia Ponte",5205,"Sul Goiano",520007,"Itumbiara",5202,"Itumbiara",52,"Goiás","GO",5,"Centro-Oeste"
5209150,"Gouvelândia",52018,"Quirinópolis",5205,"Sul Goiano",520012,"Quirinópolis",5203,"Rio Verde",52,"Goiás","GO",5,"Centro-Oeste"
5209200,"Guapó",52010,"Goiânia",5203,"Centro Goiano",520001,"Goiânia",5201,"Goiânia",52,"Goiás","GO",5,"Centro-Oeste"
5209291,"Guaraíta",52006,"Ceres",5203,"Centro Goiano",520005,"Goiás - Itapuranga",5201,"Goiânia",52,"Goiás","GO",5,"Centro-Oeste"
5209408,"Guarani de Goiás",52011,"Vão do Paranã",5204,"Leste Goiano",520021,"Posse-Campos Belos",5206,"Luziânia - Águas Lindas de Goiás",52,"Goiás","GO",5,"Centro-Oeste"
5209457,"Guarinos",52006,"Ceres",5203,"Centro Goiano",520018,"Ceres - Rialma - Goianésia",5205,"Porangatu - Uruaçu",52,"Goiás","GO",5,"Centro-Oeste"
5209606,"Heitoraí",52007,"Anápolis",5203,"Centro Goiano",520003,"Inhumas - Itaberaí - Anicuns",5201,"Goiânia",52,"Goiás","GO",5,"Centro-Oeste"
5209705,"Hidrolândia",52010,"Goiânia",5203,"Centro Goiano",520001,"Goiânia",5201,"Goiânia",52,"Goiás","GO",5,"Centro-Oeste"
5209804,"Hidrolina",52006,"Ceres",5203,"Centro Goiano",520017,"Uruaçu - Niquelândia",5205,"Porangatu - Uruaçu",52,"Goiás","GO",5,"Centro-Oeste"
5209903,"Iaciara",52011,"Vão do Paranã",5204,"Leste Goiano",520021,"Posse-Campos Belos",5206,"Luziânia - Águas Lindas de Goiás",52,"Goiás","GO",5,"Centro-Oeste"
5209937,"Inaciolândia",52015,"Meia Ponte",5205,"Sul Goiano",520012,"Quirinópolis",5203,"Rio Verde",52,"Goiás","GO",5,"Centro-Oeste"
5209952,"Indiara",52014,"Vale do Rio dos Bois",5205,"Sul Goiano",520015,"Palmeiras de Goiás",5204,"São Luís de Montes Belos - Iporá",52,"Goiás","GO",5,"Centro-Oeste"
5210000,"Inhumas",52007,"Anápolis",5203,"Centro Goiano",520003,"Inhumas - Itaberaí - Anicuns",5201,"Goiânia",52,"Goiás","GO",5,"Centro-Oeste"
5210109,"Ipameri",52017,"Catalão",5205,"Sul Goiano",520004,"Catalão",5201,"Goiânia",52,"Goiás","GO",5,"Centro-Oeste"
5210158,"Ipiranga de Goiás",52006,"Ceres",5203,"Centro Goiano",520018,"Ceres - Rialma - Goianésia",5205,"Porangatu - Uruaçu",52,"Goiás","GO",5,"Centro-Oeste"
5210208,"Iporá",52008,"Iporá",5203,"Centro Goiano",520014,"Iporá",5204,"São Luís de Montes Belos - Iporá",52,"Goiás","GO",5,"Centro-Oeste"
5210307,"Israelândia",52008,"Iporá",5203,"Centro Goiano",520014,"Iporá",5204,"São Luís de Montes Belos - Iporá",52,"Goiás","GO",5,"Centro-Oeste"
5210406,"Itaberaí",52007,"Anápolis",5203,"Centro Goiano",520003,"Inhumas - Itaberaí - Anicuns",5201,"Goiânia",52,"Goiás","GO",5,"Centro-Oeste"
5210562,"Itaguari",52007,"Anápolis",5203,"Centro Goiano",520003,"Inhumas - Itaberaí - Anicuns",5201,"Goiânia",52,"Goiás","GO",5,"Centro-Oeste"
5210604,"Itaguaru",52007,"Anápolis",5203,"Centro Goiano",520003,"Inhumas - Itaberaí - Anicuns",5201,"Goiânia",52,"Goiás","GO",5,"Centro-Oeste"
5210802,"Itajá",52018,"Quirinópolis",5205,"Sul Goiano",520010,"Rio Verde",5203,"Rio Verde",52,"Goiás","GO",5,"Centro-Oeste"
5210901,"Itapaci",52006,"Ceres",5203,"Centro Goiano",520018,"Ceres - Rialma - Goianésia",5205,"Porangatu - Uruaçu",52,"Goiás","GO",5,"Centro-Oeste"
5211008,"Itapirapuã",52002,"Rio Vermelho",5201,"Noroeste Goiano",520005,"Goiás - Itapuranga",5201,"Goiânia",52,"Goiás","GO",5,"Centro-Oeste"
5211206,"Itapuranga",52006,"Ceres",5203,"Centro Goiano",520005,"Goiás - Itapuranga",5201,"Goiânia",52,"Goiás","GO",5,"Centro-Oeste"
5211305,"Itarumã",52018,"Quirinópolis",5205,"Sul Goiano",520010,"Rio Verde",5203,"Rio Verde",52,"Goiás","GO",5,"Centro-Oeste"
5211404,"Itauçu",52007,"Anápolis",5203,"Centro Goiano",520003,"Inhumas - Itaberaí - Anicuns",5201,"Goiânia",52,"Goiás","GO",5,"Centro-Oeste"
5211503,"Itumbiara",52015,"Meia Ponte",5205,"Sul Goiano",520007,"Itumbiara",5202,"Itumbiara",52,"Goiás","GO",5,"Centro-Oeste"
5211602,"Ivolândia",52008,"Iporá",5203,"Centro Goiano",520013,"São Luís de Montes Belos",5204,"São Luís de Montes Belos - Iporá",52,"Goiás","GO",5,"Centro-Oeste"
5211701,"Jandaia",52014,"Vale do Rio dos Bois",5205,"Sul Goiano",520015,"Palmeiras de Goiás",5204,"São Luís de Montes Belos - Iporá",52,"Goiás","GO",5,"Centro-Oeste"
5211800,"Jaraguá",52007,"Anápolis",5203,"Centro Goiano",520002,"Anápolis",5201,"Goiânia",52,"Goiás","GO",5,"Centro-Oeste"
5211909,"Jataí",52013,"Sudoeste de Goiás",5205,"Sul Goiano",520011,"Jataí-Mineiros",5203,"Rio Verde",52,"Goiás","GO",5,"Centro-Oeste"
5212006,"Jaupaci",52008,"Iporá",5203,"Centro Goiano",520014,"Iporá",5204,"São Luís de Montes Belos - Iporá",52,"Goiás","GO",5,"Centro-Oeste"
5212055,"Jesúpolis",52007,"Anápolis",5203,"Centro Goiano",520002,"Anápolis",5201,"Goiânia",52,"Goiás","GO",5,"Centro-Oeste"
5212105,"Joviânia",52015,"Meia Ponte",5205,"Sul Goiano",520007,"Itumbiara",5202,"Itumbiara",52,"Goiás","GO",5,"Centro-Oeste"
5212204,"Jussara",52002,"Rio Vermelho",5201,"Noroeste Goiano",520005,"Goiás - Itapuranga",5201,"Goiânia",52,"Goiás","GO",5,"Centro-Oeste"
5212253,"Lagoa Santa",52018,"Quirinópolis",5205,"Sul Goiano",520010,"Rio Verde",5203,"Rio Verde",52,"Goiás","GO",5,"Centro-Oeste"
5212303,"Leopoldo de Bulhões",52010,"Goiânia",5203,"Centro Goiano",520002,"Anápolis",5201,"Goiânia",52,"Goiás","GO",5,"Centro-Oeste"
5212501,"Luziânia",52012,"Entorno de Brasília",5204,"Leste Goiano",520019,"Luziânia",5206,"Luziânia - Águas Lindas de Goiás",52,"Goiás","GO",5,"Centro-Oeste"
5212600,"Mairipotaba",52015,"Meia Ponte",5205,"Sul Goiano",520009,"Piracanjuba",5202,"Itumbiara",52,"Goiás","GO",5,"Centro-Oeste"
5212709,"Mambaí",52011,"Vão do Paranã",5204,"Leste Goiano",520021,"Posse-Campos Belos",5206,"Luziânia - Águas Lindas de Goiás",52,"Goiás","GO",5,"Centro-Oeste"
5212808,"Mara Rosa",52004,"Porangatu",5202,"Norte Goiano",520017,"Uruaçu - Niquelândia",5205,"Porangatu - Uruaçu",52,"Goiás","GO",5,"Centro-Oeste"
5212907,"Marzagão",52015,"Meia Ponte",5205,"Sul Goiano",520008,"Caldas Novas-Morrinhos",5202,"Itumbiara",52,"Goiás","GO",5,"Centro-Oeste"
5212956,"Matrinchã",52002,"Rio Vermelho",5201,"Noroeste Goiano",520005,"Goiás - Itapuranga",5201,"Goiânia",52,"Goiás","GO",5,"Centro-Oeste"
5213004,"Maurilândia",52013,"Sudoeste de Goiás",5205,"Sul Goiano",520010,"Rio Verde",5203,"Rio Verde",52,"Goiás","GO",5,"Centro-Oeste"
5213053,"Mimoso de Goiás",52012,"Entorno de Brasília",5204,"Leste Goiano",520020,"Águas Lindas de Goiás",5206,"Luziânia - Águas Lindas de Goiás",52,"Goiás","GO",5,"Centro-Oeste"
5213087,"Minaçu",52004,"Porangatu",5202,"Norte Goiano",520016,"Porangatu",5205,"Porangatu - Uruaçu",52,"Goiás","GO",5,"Centro-Oeste"
5213103,"Mineiros",52013,"Sudoeste de Goiás",5205,"Sul Goiano",520011,"Jataí-Mineiros",5203,"Rio Verde",52,"Goiás","GO",5,"Centro-Oeste"
5213400,"Moiporá",52008,"Iporá",5203,"Centro Goiano",520013,"São Luís de Montes Belos",5204,"São Luís de Montes Belos - Iporá",52,"Goiás","GO",5,"Centro-Oeste"
5213509,"Monte Alegre de Goiás",52005,"Chapada dos Veadeiros",5202,"Norte Goiano",520021,"Posse-Campos Belos",5206,"Luziânia - Águas Lindas de Goiás",52,"Goiás","GO",5,"Centro-Oeste"
5213707,"Montes Claros de Goiás",52003,"Aragarças",5201,"Noroeste Goiano",520014,"Iporá",5204,"São Luís de Montes Belos - Iporá",52,"Goiás","GO",5,"Centro-Oeste"
5213756,"Montividiu",52013,"Sudoeste de Goiás",5205,"Sul Goiano",520010,"Rio Verde",5203,"Rio Verde",52,"Goiás","GO",5,"Centro-Oeste"
5213772,"Montividiu do Norte",52004,"Porangatu",5202,"Norte Goiano",520016,"Porangatu",5205,"Porangatu - Uruaçu",52,"Goiás","GO",5,"Centro-Oeste"
5213806,"Morrinhos",52015,"Meia Ponte",5205,"Sul Goiano",520008,"Caldas Novas-Morrinhos",5202,"Itumbiara",52,"Goiás","GO",5,"Centro-Oeste"
5213855,"Morro Agudo de Goiás",52006,"Ceres",5203,"Centro Goiano",520018,"Ceres - Rialma - Goianésia",5205,"Porangatu - Uruaçu",52,"Goiás","GO",5,"Centro-Oeste"
5213905,"Mossâmedes",52009,"Anicuns",5203,"Centro Goiano",520005,"Goiás - Itapuranga",5201,"Goiânia",52,"Goiás","GO",5,"Centro-Oeste"
5214002,"Mozarlândia",52001,"São Miguel do Araguaia",5201,"Noroeste Goiano",520005,"Goiás - Itapuranga",5201,"Goiânia",52,"Goiás","GO",5,"Centro-Oeste"
5214051,"Mundo Novo",52001,"São Miguel do Araguaia",5201,"Noroeste Goiano",520016,"Porangatu",5205,"Porangatu - Uruaçu",52,"Goiás","GO",5,"Centro-Oeste"
5214101,"Mutunópolis",52004,"Porangatu",5202,"Norte Goiano",520016,"Porangatu",5205,"Porangatu - Uruaçu",52,"Goiás","GO",5,"Centro-Oeste"
5214408,"Nazário",52009,"Anicuns",5203,"Centro Goiano",520015,"Palmeiras de Goiás",5204,"São Luís de Montes Belos - Iporá",52,"Goiás","GO",5,"Centro-Oeste"
5214507,"Nerópolis",52010,"Goiânia",5203,"Centro Goiano",520001,"Goiânia",5201,"Goiânia",52,"Goiás","GO",5,"Centro-Oeste"
5214606,"Niquelândia",52004,"Porangatu",5202,"Norte Goiano",520017,"Uruaçu - Niquelândia",5205,"Porangatu - Uruaçu",52,"Goiás","GO",5,"Centro-Oeste"
5214705,"Nova América",52006,"Ceres",5203,"Centro Goiano",520018,"Ceres - Rialma - Goianésia",5205,"Porangatu - Uruaçu",52,"Goiás","GO",5,"Centro-Oeste"
5214804,"Nova Aurora",52017,"Catalão",5205,"Sul Goiano",520004,"Catalão",5201,"Goiânia",52,"Goiás","GO",5,"Centro-Oeste"
5214838,"Nova Crixás",52001,"São Miguel do Araguaia",5201,"Noroeste Goiano",520005,"Goiás - Itapuranga",5201,"Goiânia",52,"Goiás","GO",5,"Centro-Oeste"
5214861,"Nova Glória",52006,"Ceres",5203,"Centro Goiano",520018,"Ceres - Rialma - Goianésia",5205,"Porangatu - Uruaçu",52,"Goiás","GO",5,"Centro-Oeste"
5214879,"Nova Iguaçu de Goiás",52004,"Porangatu",5202,"Norte Goiano",520017,"Uruaçu - Niquelândia",5205,"Porangatu - Uruaçu",52,"Goiás","GO",5,"Centro-Oeste"
5214903,"Nova Roma",52005,"Chapada dos Veadeiros",5202,"Norte Goiano",520021,"Posse-Campos Belos",5206,"Luziânia - Águas Lindas de Goiás",52,"Goiás","GO",5,"Centro-Oeste"
5215009,"Nova Veneza",52007,"Anápolis",5203,"Centro Goiano",520001,"Goiânia",5201,"Goiânia",52,"Goiás","GO",5,"Centro-Oeste"
5215207,"Novo Brasil",52008,"Iporá",5203,"Centro Goiano",520005,"Goiás - Itapuranga",5201,"Goiânia",52,"Goiás","GO",5,"Centro-Oeste"
5215231,"Novo Gama",52012,"Entorno de Brasília",5204,"Leste Goiano",520019,"Luziânia",5206,"Luziânia - Águas Lindas de Goiás",52,"Goiás","GO",5,"Centro-Oeste"
5215256,"Novo Planalto",52001,"São Miguel do Araguaia",5201,"Noroeste Goiano",520016,"Porangatu",5205,"Porangatu - Uruaçu",52,"Goiás","GO",5,"Centro-Oeste"
5215306,"Orizona",52016,"Pires do Rio",5205,"Sul Goiano",520006,"Pires do Rio",5201,"Goiânia",52,"Goiás","GO",5,"Centro-Oeste"
5215405,"Ouro Verde de Goiás",52007,"Anápolis",5203,"Centro Goiano",520002,"Anápolis",5201,"Goiânia",52,"Goiás","GO",5,"Centro-Oeste"
5215504,"Ouvidor",52017,"Catalão",5205,"Sul Goiano",520004,"Catalão",5201,"Goiânia",52,"Goiás","GO",5,"Centro-Oeste"
5215603,"Padre Bernardo",52012,"Entorno de Brasília",5204,"Leste Goiano",520020,"Águas Lindas de Goiás",5206,"Luziânia - Águas Lindas de Goiás",52,"Goiás","GO",5,"Centro-Oeste"
5215652,"Palestina de Goiás",52013,"Sudoeste de Goiás",5205,"Sul Goiano",520014,"Iporá",5204,"São Luís de Montes Belos - Iporá",52,"Goiás","GO",5,"Centro-Oeste"
5215702,"Palmeiras de Goiás",52014,"Vale do Rio dos Bois",5205,"Sul Goiano",520015,"Palmeiras de Goiás",5204,"São Luís de Montes Belos - Iporá",52,"Goiás","GO",5,"Centro-Oeste"
5215801,"Palmelo",52016,"Pires do Rio",5205,"Sul Goiano",520006,"Pires do Rio",5201,"Goiânia",52,"Goiás","GO",5,"Centro-Oeste"
5215900,"Palminópolis",52014,"Vale do Rio dos Bois",5205,"Sul Goiano",520015,"Palmeiras de Goiás",5204,"São Luís de Montes Belos - Iporá",52,"Goiás","GO",5,"Centro-Oeste"
5216007,"Panamá",52015,"Meia Ponte",5205,"Sul Goiano",520007,"Itumbiara",5202,"Itumbiara",52,"Goiás","GO",5,"Centro-Oeste"
5216304,"Paranaiguara",52018,"Quirinópolis",5205,"Sul Goiano",520012,"Quirinópolis",5203,"Rio Verde",52,"Goiás","GO",5,"Centro-Oeste"
5216403,"Paraúna",52014,"Vale do Rio dos Bois",5205,"Sul Goiano",520015,"Palmeiras de Goiás",5204,"São Luís de Montes Belos - Iporá",52,"Goiás","GO",5,"Centro-Oeste"
5216452,"Perolândia",52013,"Sudoeste de Goiás",5205,"Sul Goiano",520011,"Jataí-Mineiros",5203,"Rio Verde",52,"Goiás","GO",5,"Centro-Oeste"
5216809,"Petrolina de Goiás",52007,"Anápolis",5203,"Centro Goiano",520002,"Anápolis",5201,"Goiânia",52,"Goiás","GO",5,"Centro-Oeste"
5216908,"Pilar de Goiás",52006,"Ceres",5203,"Centro Goiano",520018,"Ceres - Rialma - Goianésia",5205,"Porangatu - Uruaçu",52,"Goiás","GO",5,"Centro-Oeste"
5217104,"Piracanjuba",52015,"Meia Ponte",5205,"Sul Goiano",520009,"Piracanjuba",5202,"Itumbiara",52,"Goiás","GO",5,"Centro-Oeste"
5217203,"Piranhas",52003,"Aragarças",5201,"Noroeste Goiano",520014,"Iporá",5204,"São Luís de Montes Belos - Iporá",52,"Goiás","GO",5,"Centro-Oeste"
5217302,"Pirenópolis",52012,"Entorno de Brasília",5204,"Leste Goiano",520002,"Anápolis",5201,"Goiânia",52,"Goiás","GO",5,"Centro-Oeste"
5217401,"Pires do Rio",52016,"Pires do Rio",5205,"Sul Goiano",520006,"Pires do Rio",5201,"Goiânia",52,"Goiás","GO",5,"Centro-Oeste"
5217609,"Planaltina",52012,"Entorno de Brasília",5204,"Leste Goiano",520020,"Águas Lindas de Goiás",5206,"Luziânia - Águas Lindas de Goiás",52,"Goiás","GO",5,"Centro-Oeste"
5217708,"Pontalina",52015,"Meia Ponte",5205,"Sul Goiano",520009,"Piracanjuba",5202,"Itumbiara",52,"Goiás","GO",5,"Centro-Oeste"
5218003,"Porangatu",52004,"Porangatu",5202,"Norte Goiano",520016,"Porangatu",5205,"Porangatu - Uruaçu",52,"Goiás","GO",5,"Centro-Oeste"
5218052,"Porteirão",52015,"Meia Ponte",5205,"Sul Goiano",520010,"Rio Verde",5203,"Rio Verde",52,"Goiás","GO",5,"Centro-Oeste"
5218102,"Portelândia",52013,"Sudoeste de Goiás",5205,"Sul Goiano",520011,"Jataí-Mineiros",5203,"Rio Verde",52,"Goiás","GO",5,"Centro-Oeste"
5218300,"Posse",52011,"Vão do Paranã",5204,"Leste Goiano",520021,"Posse-Campos Belos",5206,"Luziânia - Águas Lindas de Goiás",52,"Goiás","GO",5,"Centro-Oeste"
5218391,"Professor Jamil",52015,"Meia Ponte",5205,"Sul Goiano",520009,"Piracanjuba",5202,"Itumbiara",52,"Goiás","GO",5,"Centro-Oeste"
5218508,"Quirinópolis",52018,"Quirinópolis",5205,"Sul Goiano",520012,"Quirinópolis",5203,"Rio Verde",52,"Goiás","GO",5,"Centro-Oeste"
5218607,"Rialma",52006,"Ceres",5203,"Centro Goiano",520018,"Ceres - Rialma - Goianésia",5205,"Porangatu - Uruaçu",52,"Goiás","GO",5,"Centro-Oeste"
5218706,"Rianápolis",52006,"Ceres",5203,"Centro Goiano",520018,"Ceres - Rialma - Goianésia",5205,"Porangatu - Uruaçu",52,"Goiás","GO",5,"Centro-Oeste"
5218789,"Rio Quente",52015,"Meia Ponte",5205,"Sul Goiano",520008,"Caldas Novas-Morrinhos",5202,"Itumbiara",52,"Goiás","GO",5,"Centro-Oeste"
5218805,"Rio Verde",52013,"Sudoeste de Goiás",5205,"Sul Goiano",520010,"Rio Verde",5203,"Rio Verde",52,"Goiás","GO",5,"Centro-Oeste"
5218904,"Rubiataba",52006,"Ceres",5203,"Centro Goiano",520018,"Ceres - Rialma - Goianésia",5205,"Porangatu - Uruaçu",52,"Goiás","GO",5,"Centro-Oeste"
5219001,"Sanclerlândia",52009,"Anicuns",5203,"Centro Goiano",520013,"São Luís de Montes Belos",5204,"São Luís de Montes Belos - Iporá",52,"Goiás","GO",5,"Centro-Oeste"
5219100,"Santa Bárbara de Goiás",52009,"Anicuns",5203,"Centro Goiano",520015,"Palmeiras de Goiás",5204,"São Luís de Montes Belos - Iporá",52,"Goiás","GO",5,"Centro-Oeste"
5219209,"Santa Cruz de Goiás",52016,"Pires do Rio",5205,"Sul Goiano",520006,"Pires do Rio",5201,"Goiânia",52,"Goiás","GO",5,"Centro-Oeste"
5219258,"Santa Fé de Goiás",52002,"Rio Vermelho",5201,"Noroeste Goiano",520005,"Goiás - Itapuranga",5201,"Goiânia",52,"Goiás","GO",5,"Centro-Oeste"
5219308,"Santa Helena de Goiás",52013,"Sudoeste de Goiás",5205,"Sul Goiano",520010,"Rio Verde",5203,"Rio Verde",52,"Goiás","GO",5,"Centro-Oeste"
5219357,"Santa Isabel",52006,"Ceres",5203,"Centro Goiano",520018,"Ceres - Rialma - Goianésia",5205,"Porangatu - Uruaçu",52,"Goiás","GO",5,"Centro-Oeste"
5219407,"Santa Rita do Araguaia",52013,"Sudoeste de Goiás",5205,"Sul Goiano",520011,"Jataí-Mineiros",5203,"Rio Verde",52,"Goiás","GO",5,"Centro-Oeste"
5219456,"Santa Rita do Novo Destino",52006,"Ceres",5203,"Centro Goiano",520018,"Ceres - Rialma - Goianésia",5205,"Porangatu - Uruaçu",52,"Goiás","GO",5,"Centro-Oeste"
5219506,"Santa Rosa de Goiás",52007,"Anápolis",5203,"Centro Goiano",520002,"Anápolis",5201,"Goiânia",52,"Goiás","GO",5,"Centro-Oeste"
5219605,"Santa Tereza de Goiás",52004,"Porangatu",5202,"Norte Goiano",520016,"Porangatu",5205,"Porangatu - Uruaçu",52,"Goiás","GO",5,"Centro-Oeste"
5219704,"Santa Terezinha de Goiás",52004,"Porangatu",5202,"Norte Goiano",520018,"Ceres - Rialma - Goianésia",5205,"Porangatu - Uruaçu",52,"Goiás","GO",5,"Centro-Oeste"
5219712,"Santo Antônio da Barra",52013,"Sudoeste de Goiás",5205,"Sul Goiano",520010,"Rio Verde",5203,"Rio Verde",52,"Goiás","GO",5,"Centro-Oeste"
5219738,"Santo Antônio de Goiás",52010,"Goiânia",5203,"Centro Goiano",520001,"Goiânia",5201,"Goiânia",52,"Goiás","GO",5,"Centro-Oeste"
5219753,"Santo Antônio do Descoberto",52012,"Entorno de Brasília",5204,"Leste Goiano",520019,"Luziânia",5206,"Luziânia - Águas Lindas de Goiás",52,"Goiás","GO",5,"Centro-Oeste"
5219803,"São Domingos",52011,"Vão do Paranã",5204,"Leste Goiano",520021,"Posse-Campos Belos",5206,"Luziânia - Águas Lindas de Goiás",52,"Goiás","GO",5,"Centro-Oeste"
5219902,"São Francisco de Goiás",52007,"Anápolis",5203,"Centro Goiano",520002,"Anápolis",5201,"Goiânia",52,"Goiás","GO",5,"Centro-Oeste"
5220009,"São João d'Aliança",52005,"Chapada dos Veadeiros",5202,"Norte Goiano",520022,"Flores de Goiás",5206,"Luziânia - Águas Lindas de Goiás",52,"Goiás","GO",5,"Centro-Oeste"
5220058,"São João da Paraúna",52014,"Vale do Rio dos Bois",5205,"Sul Goiano",520015,"Palmeiras de Goiás",5204,"São Luís de Montes Belos - Iporá",52,"Goiás","GO",5,"Centro-Oeste"
5220108,"São Luís de Montes Belos",52009,"Anicuns",5203,"Centro Goiano",520013,"São Luís de Montes Belos",5204,"São Luís de Montes Belos - Iporá",52,"Goiás","GO",5,"Centro-Oeste"
5220157,"São Luiz do Norte",52006,"Ceres",5203,"Centro Goiano",520017,"Uruaçu - Niquelândia",5205,"Porangatu - Uruaçu",52,"Goiás","GO",5,"Centro-Oeste"
5220207,"São Miguel do Araguaia",52001,"São Miguel do Araguaia",5201,"Noroeste Goiano",520016,"Porangatu",5205,"Porangatu - Uruaçu",52,"Goiás","GO",5,"Centro-Oeste"
5220264,"São Miguel do Passa Quatro",52016,"Pires do Rio",5205,"Sul Goiano",520002,"Anápolis",5201,"Goiânia",52,"Goiás","GO",5,"Centro-Oeste"
5220280,"São Patrício",52006,"Ceres",5203,"Centro Goiano",520018,"Ceres - Rialma - Goianésia",5205,"Porangatu - Uruaçu",52,"Goiás","GO",5,"Centro-Oeste"
5220405,"São Simão",52018,"Quirinópolis",5205,"Sul Goiano",520012,"Quirinópolis",5203,"Rio Verde",52,"Goiás","GO",5,"Centro-Oeste"
5220454,"Senador Canedo",52010,"Goiânia",5203,"Centro Goiano",520001,"Goiânia",5201,"Goiânia",52,"Goiás","GO",5,"Centro-Oeste"
5220504,"Serranópolis",52013,"Sudoeste de Goiás",5205,"Sul Goiano",520011,"Jataí-Mineiros",5203,"Rio Verde",52,"Goiás","GO",5,"Centro-Oeste"
5220603,"Silvânia",52016,"Pires do Rio",5205,"Sul Goiano",520002,"Anápolis",5201,"Goiânia",52,"Goiás","GO",5,"Centro-Oeste"
5220686,"Simolândia",52011,"Vão do Paranã",5204,"Leste Goiano",520021,"Posse-Campos Belos",5206,"Luziânia - Águas Lindas de Goiás",52,"Goiás","GO",5,"Centro-Oeste"
5220702,"Sítio d'Abadia",52011,"Vão do Paranã",5204,"Leste Goiano",520021,"Posse-Campos Belos",5206,"Luziânia - Águas Lindas de Goiás",52,"Goiás","GO",5,"Centro-Oeste"
5221007,"Taquaral de Goiás",52007,"Anápolis",5203,"Centro Goiano",520003,"Inhumas - Itaberaí - Anicuns",5201,"Goiânia",52,"Goiás","GO",5,"Centro-Oeste"
5221080,"Teresina de Goiás",52005,"Chapada dos Veadeiros",5202,"Norte Goiano",520022,"Flores de Goiás",5206,"Luziânia - Águas Lindas de Goiás",52,"Goiás","GO",5,"Centro-Oeste"
5221197,"Terezópolis de Goiás",52010,"Goiânia",5203,"Centro Goiano",520001,"Goiânia",5201,"Goiânia",52,"Goiás","GO",5,"Centro-Oeste"
5221304,"Três Ranchos",52017,"Catalão",5205,"Sul Goiano",520004,"Catalão",5201,"Goiânia",52,"Goiás","GO",5,"Centro-Oeste"
5221403,"Trindade",52010,"Goiânia",5203,"Centro Goiano",520001,"Goiânia",5201,"Goiânia",52,"Goiás","GO",5,"Centro-Oeste"
5221452,"Trombas",52004,"Porangatu",5202,"Norte Goiano",520016,"Porangatu",5205,"Porangatu - Uruaçu",52,"Goiás","GO",5,"Centro-Oeste"
5221502,"Turvânia",52009,"Anicuns",5203,"Centro Goiano",520015,"Palmeiras de Goiás",5204,"São Luís de Montes Belos - Iporá",52,"Goiás","GO",5,"Centro-Oeste"
5221551,"Turvelândia",52014,"Vale do Rio dos Bois",5205,"Sul Goiano",520010,"Rio Verde",5203,"Rio Verde",52,"Goiás","GO",5,"Centro-Oeste"
5221577,"Uirapuru",52001,"São Miguel do Araguaia",5201,"Noroeste Goiano",520018,"Ceres - Rialma - Goianésia",5205,"Porangatu - Uruaçu",52,"Goiás","GO",5,"Centro-Oeste"
5221601,"Uruaçu",52004,"Porangatu",5202,"Norte Goiano",520017,"Uruaçu - Niquelândia",5205,"Porangatu - Uruaçu",52,"Goiás","GO",5,"Centro-Oeste"
5221700,"Uruana",52006,"Ceres",5203,"Centro Goiano",520018,"Ceres - Rialma - Goianésia",5205,"Porangatu - Uruaçu",52,"Goiás","GO",5,"Centro-Oeste"
5221809,"Urutaí",52016,"Pires do Rio",5205,"Sul Goiano",520006,"Pires do Rio",5201,"Goiânia",52,"Goiás","GO",5,"Centro-Oeste"
5221858,"Valparaíso de Goiás",52012,"Entorno de Brasília",5204,"Leste Goiano",520019,"Luziânia",5206,"Luziânia - Águas Lindas de Goiás",52,"Goiás","GO",5,"Centro-Oeste"
5221908,"Varjão",52014,"Vale do Rio dos Bois",5205,"Sul Goiano",520001,"Goiânia",5201,"Goiânia",52,"Goiás","GO",5,"Centro-Oeste"
5222005,"Vianópolis",52016,"Pires do Rio",5205,"Sul Goiano",520002,"Anápolis",5201,"Goiânia",52,"Goiás","GO",5,"Centro-Oeste"
5222054,"Vicentinópolis",52015,"Meia Ponte",5205,"Sul Goiano",520009,"Piracanjuba",5202,"Itumbiara",52,"Goiás","GO",5,"Centro-Oeste"
5222203,"Vila Boa",52012,"Entorno de Brasília",5204,"Leste Goiano",520022,"Flores de Goiás",5206,"Luziânia - Águas Lindas de Goiás",52,"Goiás","GO",5,"Centro-Oeste"
5222302,"Vila Propício",52012,"Entorno de Brasília",5204,"Leste Goiano",520018,"Ceres - Rialma - Goianésia",5205,"Porangatu - Uruaçu",52,"Goiás","GO",5,"Centro-Oeste"
5300108,"Brasília",53001,"Brasília",5301,"Distrito Federal",530001,"Distrito Federal",5301,"Distrito Federal",53,"Distrito Federal","DF",5,"Centro-Oeste"
